
---------- 2026-05-04 11:14:47 -0400: Logging Started ----------

05-04 11:15:27.622: x<xxx<xxx<xx<xx<xxx<x<x<xxxxx<xx<xx<xxxxx<xxxxxxxx<x<xx<x<x<xxx<xxx<xxxxx<xxx<x<xxx<xx<xxxxx<xxx<x<x<xxxxxx<x<xx<xxx<xxxx<x<xx<xxx<xx<xxx<x<x<xx<xxxxx<x<xxx<xxxxxxxx<xx<xx<xxxx<x<xxx<xxxx<x<x<xxx<x<x<xx<xxxxx<x<xxx<x<xxxxxxx<xx<xx<xxxx<xx<x<xx<xx<xx<xx<xx<xxxx<xxxxx<xxxxx<xx<xxxx<xx<xx<xx<xx<x<xxxxx<xxx<x<x<x<xx<xxx<x<x<xx<xxx<xxxxx<x<xxxxxx<x<x<xxxx<xxxx<xxxxx<x<xx<xxx<xxxx<xx<x<xxx<x<x<xxxx<xxxx<xx<xx<xx<xxxxxx<xxxxx<xx<xx<xx<xx<x<xxxx<xxxx<x<xx<x<xxxxxx<xxxx<xxxxxx<xxxxxx<x<xxx<xxxxx<xxx<xx<xxxxxxxxxxx<x<x<x<x<xxxx<xx<xxxxxx<xxxxx<x<xxx<xxxx<xx<xxxx<xx<xxxxxx<xxx<xx<xxx<x<x<xx<xx<xxxxxxxxxxxxxxxxxxxxxxx<x<xxxx<xx<x<xxxxxxxxxxxxxxxxx<xx<xx<xxxxxxx<x<xx<xxx<xxxx<xxx<xxx<xxxxx<xx<x<xx<xx<x<xxxxx<xx<xx<xxx<xxxxxxxx<xxx<xxxxx<xx<x<xx<xx<x<xxxx<xxx<xx<xx<xxx<xxxx<xx<xx<xx<xxxxxxx<xxx<xxxx<x<x<xx<xx<x<xxx[u2] init
05-04 11:15:58.423: [u2m] U2 activity monitor on (UART 115200); bus+socket+net events; ring=256 flush<=128/call
05-04 11:15:58.472: [u2] ip65 debug: U2_IP65_CHECKPOINT=0 (0=off; 1..5=bisect; cmake -DU2_IP65_CHECKPOINT=n)

05-04 11:15:58.472: Megaflash DEBUG Firmware Version 33 (V1.2.1-eo)
05-04 11:15:58.473: Firmware build: 2026-05-03 03:55:51 UTC  (1777780551 Unix s)
05-04 11:15:58.473: CPU Clock Speed =150MHz
05-04 11:15:58.473: clk_peri =150MHz
05-04 11:15:58.473: SPI Speed = 75MHz
05-04 11:15:58.473: WIFI Supported = Yes
05-04 11:15:58.473: Total heap = 125376
05-04 11:15:58.474: Free heap  = 124264
05-04 11:16:00.025: Version: 7.95.49 (2271bb6 CY) CRC: b7a28ef3 Date: Mon 2021-11-29 22:50:27 PST Ucode Ver: 1043.2162 FWID 01-c51d9400
05-04 11:16:00.216: cyw43 loaded ok, mac 88:a2:9e:48:22:7a
05-04 11:16:00.216: [u2m] 14967 reset


05-04 11:16:00.268: #     #                          #######
05-04 11:16:00.268: ##   ##  ######   ####     ##    #        #         ##     ####   #    #
05-04 11:16:00.268: # # # #  #       #    #   #  #   #        #        #  #   #       #    #
05-04 11:16:00.268: #  #  #  #####   #       #    #  #####    #       #    #   ####   ######
05-04 11:16:00.268: #     #  #       #  ###  ######  #        #       ######       #  #    #
05-04 11:16:00.268: #     #  #       #    #  #    #  #        #       #    #  #    #  #    #
05-04 11:16:00.269: #     #  ######   ####   #    #  #        ######  #    #   ####   #    #

05-04 11:16:00.269: Main Menu
05-04 11:16:00.269: =========

05-04 11:16:00.269: 1) Device Information
05-04 11:16:00.269: 2) Upload ProDOS Image file to MegaFlash
05-04 11:16:00.317: 3) Download ProDOS Image file from MegaFlash
05-04 11:16:00.317: 4) Erase Flash Content

05-04 11:16:00.317: Please Select:[u2] init
05-04 11:16:11.381: [u2m] U2 activity monitor on (UART 115200); bus+socket+net events; ring=256 flush<=128/call
05-04 11:16:11.382: [u2] ip65 debug: U2_IP65_CHECKPOINT=0 (0=off; 1..5=bisect; cmake -DU2_IP65_CHECKPOINT=n)

05-04 11:16:11.382: Megaflash DEBUG Firmware Version 33 (V1.2.1-eo)
05-04 11:16:11.382: Firmware build: 2026-05-03 03:55:51 UTC  (1777780551 Unix s)
05-04 11:16:11.431: CPU Clock Speed =150MHz
05-04 11:16:11.431: clk_peri =150MHz
05-04 11:16:11.431: SPI Speed = 75MHz
05-04 11:16:11.432: WIFI Supported = Yes
05-04 11:16:11.432: Total heap = 125376
05-04 11:16:11.432: Free heap  = 124264
05-04 11:16:14.738: Version: 7.95.49 (2271bb6 CY) CRC: b7a28ef3 Date: Mon 2021-11-29 22:50:27 PST Ucode Ver: 1043.2162 FWID 01-c51d9400
05-04 11:16:14.940: cyw43 loaded ok, mac 88:a2:9e:48:22:7a
05-04 11:16:14.941: [u2m] 14965 reset
05-04 11:16:14.941: GetNetworkTime()
05-04 11:16:14.992: NETPUMP: begin op=1 label=NTP taskid=0
05-04 11:16:15.043: API: 12.2
05-04 11:16:15.044: Data: RaspberryPi.PicoW
05-04 11:16:15.044: Compiler: 1.29.4
05-04 11:16:15.044: ClmImport: 1.47.1
05-04 11:16:15.044: Customization: v5 22/06/24
05-04 11:16:15.044: Creation: 2022-06-24 06:55:08

05-04 11:16:15.161: SSID=OIS-new

05-04 11:16:15.162: Connecting to Wifi Attempt:#1
05-04 11:16:15.162: connect status: 1
05-04 11:16:18.104: connect status: 2
05-04 11:16:19.911: connect status: 3
05-04 11:16:19.962: link_status=3
05-04 11:16:19.963: WIFI connected
05-04 11:16:19.963: IP address: 192.168.0.238
05-04 11:16:19.963: Gateway: 192.168.0.1
05-04 11:16:19.963: Netmask: 255.255.255.0
05-04 11:16:19.963: DNS Server: 192.168.0.1
05-04 11:16:20.013: CreateUdpPcb() pcb = 0x20016fb0
05-04 11:16:20.013: NTP: EvtStart()
05-04 11:16:20.013: DNSLooup(): waiting for callback
05-04 11:16:20.395: NTP: EvtDNSResult dnserr=0
05-04 11:16:20.396: EvtDNSResult(): IP Addr = 207.58.172.126
05-04 11:16:20.446: Sending NTP Request Attempt: #1
05-04 11:16:20.446: NTP: EvtUDPReceived len=48 port=123
05-04 11:16:20.446: NTP: Valid response: mode=0x04 stratum=3
05-04 11:16:20.446: NTP: unix epoch = 1777907780
05-04 11:16:20.447: NETPUMP: end op=1 label=NTP taskid=0
05-04 11:16:20.447: GetNTP err=11 (11=NETERR_NONE)
05-04 11:16:20.495: [u2eth] RX itf=w0 tot_len=60 ff ff ff ff ff ff 50 14 79 d6 67 b3 08 06 00 01 08 00 06 04 00 01 50 14 79 d6 67 b3 c0 a8 00 e0 ff ff ff ff ff ff c0 a8 00 01 00 00 00 00 00 00 00 00 00 00 00 00 00 00 00 00 00 00
05-04 11:16:22.952: [u2eth] RX itf=w0 tot_len=60 ff ff ff ff ff ff 00 0c 29 2c bb f0 08 06 00 01 08 00 06 04 00 01 00 0c 29 2c bb f0 c0 a8 00 01 00 00 00 00 00 00 c0 a8 00 d6 00 00 00 00 00 00 00 00 00 00 00 00 00 00 00 00 00 00
05-04 11:16:24.169: [u2eth] RX itf=w0 tot_len=60 ff ff ff ff ff ff 00 0c 29 2c bb f0 08 06 00 01 08 00 06 04 00 01 00 0c 29 2c bb f0 c0 a8 00 01 00 00 00 00 00 00 c0 a8 00 d6 00 00 00 00 00 00 00 00 00 00 00 00 00 00 00 00 00 00
05-04 11:16:24.787: [u2eth] RX itf=w0 tot_len=63 ff ff ff ff ff ff 00 11 32 39 c1 2a 08 00 45 00 00 31 02 13 40 00 40 11 b6 4f c0 a8 00 0a c0 a8 00 ff b9 4b 7e 9c 00 1d cf 33 4d 2d 53 45 41 52 43 48 20 2a 20 48 54 54 50 2f 31 2e 31 0d 0a
05-04 11:16:24.839: [u2eth] RX itf=w0 tot_len=63 ff ff ff ff ff ff 00 11 32 39 c1 2a 08 00 45 00 00 31 01 a7 40 00 40 11 b6 ba c0 a8 00 0b c0 a8 00 ff 82 a3 7e 9c 00 1d 05 db 4d 2d 53 45 41 52 43 48 20 2a 20 48 54 54 50 2f 31 2e 31 0d 0a
05-04 11:16:25.071: [u2eth] RX itf=w0 tot_len=63 ff ff ff ff ff ff 00 11 32 39 c1 2a 08 00 45 00 00 31 03 50 40 00 40 11 b5 12 c0 a8 00 0a c0 a8 00 ff 88 2d 7e 9e 00 1d 00 50 4d 2d 53 45 41 52 43 48 20 2a 20 48 54 54 50 2f 31 2e 31 0d 0a
05-04 11:16:25.124: [u2eth] RX itf=w0 tot_len=63 ff ff ff ff ff ff 00 11 32 39 c1 2a 08 00 45 00 00 31 03 51 40 00 40 11 b5 10 c0 a8 00 0b c0 a8 00 ff b8 d9 7e 9e 00 1d cf a2 4d 2d 53 45 41 52 43 48 20 2a 20 48 54 54 50 2f 31 2e 31 0d 0a
05-04 11:16:25.502: [u2macraw] tx_q=0 tx_q_drop=0 rx_noroom=0 rx_toobig=0
05-04 11:16:28.157: [u2eth] RX itf=w0 tot_len=60 ff ff ff ff ff ff 00 0c 29 2c bb f0 08 06 00 01 08 00 06 04 00 01 00 0c 29 2c bb f0 c0 a8 00 01 00 00 00 00 00 00 c0 a8 00 d6 00 00 00 00 00 00 00 00 00 00 00 00 00 00 00 00 00 00
05-04 11:16:29.326: [u2tap] drain len=292 ff ff ff ff ff ff 00 08 dc a2 a2 a2 08 00 45 00 01 15 34 12 40 00 40 11 05 c7 00 00 00 00 ff ff ff ff 00 44 00 43 01 01 c4 59 01 01 06 00 01 02 03 04 00 00 80 00 00 00 00 00 00 00 00 00 00 00 ...
05-04 11:16:29.378: [u2tap] core0-pre len=292 ff ff ff ff ff ff 00 08 dc a2 a2 a2 08 00 45 00 01 15 34 12 40 00 40 11 05 c7 00 00 00 00 ff ff ff ff 00 44 00 43 01 01 c4 59 01 01 06 00 01 02 03 04 00 00 80 00 00 00 00 00 00 00 00 00 00 00 ...
05-04 11:16:29.380: [u2tap] core0-post len=292 ff ff ff ff ff ff 88 a2 9e 48 22 7a 08 00 45 00 01 15 34 12 40 00 40 11 05 c7 00 00 00 00 ff ff ff ff 00 44 00 43 01 01 c4 59 01 01 06 00 01 02 03 04 00 00 80 00 00 00 00 00 00 00 00 00 00 00 ...
05-04 11:16:29.428: [u2eth] TX itf=w0 tot_len=292 ff ff ff ff ff ff 88 a2 9e 48 22 7a 08 00 45 00 01 15 34 12 40 00 40 11 05 c7 00 00 00 00 ff ff ff ff 00 44 00 43 01 01 c4 59 01 01 06 00 01 02 03 04 00 00 80 00 00 00 00 00 00 00 00 00 00 00 ...
05-04 11:16:29.430: [u2tap] drain len=292 ff ff ff ff ff ff 00 08 dc a2 a2 a2 08 00 45 00 01 15 34 12 40 00 40 11 05 c7 00 00 00 00 ff ff ff ff 00 44 00 43 01 01 c4 59 01 01 06 00 01 02 03 04 00 00 80 00 00 00 00 00 00 00 00 00 00 00 ...
05-04 11:16:29.431: [u2tap] core0-pre len=292 ff ff ff ff ff ff 00 08 dc a2 a2 a2 08 00 45 00 01 15 34 12 40 00 40 11 05 c7 00 00 00 00 ff ff ff ff 00 44 00 43 01 01 c4 59 01 01 06 00 01 02 03 04 00 00 80 00 00 00 00 00 00 00 00 00 00 00 ...
05-04 11:16:29.479: [u2tap] core0-post len=292 ff ff ff ff ff ff 88 a2 9e 48 22 7a 08 00 45 00 01 15 34 12 40 00 40 11 05 c7 00 00 00 00 ff ff ff ff 00 44 00 43 01 01 c4 59 01 01 06 00 01 02 03 04 00 00 80 00 00 00 00 00 00 00 00 00 00 00 ...
05-04 11:16:29.480: [u2eth] TX itf=w0 tot_len=292 ff ff ff ff ff ff 88 a2 9e 48 22 7a 08 00 45 00 01 15 34 12 40 00 40 11 05 c7 00 00 00 00 ff ff ff ff 00 44 00 43 01 01 c4 59 01 01 06 00 01 02 03 04 00 00 80 00 00 00 00 00 00 00 00 00 00 00 ...
05-04 11:16:29.481: [u2m] 17955891 sock0 OPEN mr=0x44 port=0 ok
05-04 11:16:29.529: [u2m] 17962064 sock0 SEND
05-04 11:16:29.529: [u2m] 17962082 net sock0 MACRAW ptrs len=292 rd=0x0000 wr=0x0124 rdm=0x00 wrm=0x24
05-04 11:16:29.530: [u2m] 17962113 net sock0 MACRAW tx len=292
05-04 11:16:29.530: [u2m] 18031879 sock0 SEND
05-04 11:16:29.530: [u2m] 18031883 net sock0 MACRAW ptrs len=292 rd=0x0124 wr=0x0248 rdm=0x24 wrm=0x48
05-04 11:16:29.531: [u2m] 18031907 net sock0 MACRAW tx len=292
05-04 11:16:29.531: [u2m] 18042810 net sock0 MACRAW tx len=292
05-04 11:16:29.531: [u2m] 18120240 net sock0 MACRAW tx len=292
05-04 11:16:29.578: [u2tap] drain len=292 ff ff ff ff ff ff 00 08 dc a2 a2 a2 08 00 45 00 01 15 34 12 40 00 40 11 05 c7 00 00 00 00 ff ff ff ff 00 44 00 43 01 01 c4 59 01 01 06 00 01 02 03 04 00 00 80 00 00 00 00 00 00 00 00 00 00 00 ...
05-04 11:16:29.629: [u2tap] core0-pre len=292 ff ff ff ff ff ff 00 08 dc a2 a2 a2 08 00 45 00 01 15 34 12 40 00 40 11 05 c7 00 00 00 00 ff ff ff ff 00 44 00 43 01 01 c4 59 01 01 06 00 01 02 03 04 00 00 80 00 00 00 00 00 00 00 00 00 00 00 ...
05-04 11:16:29.631: [u2tap] core0-post len=292 ff ff ff ff ff ff 88 a2 9e 48 22 7a 08 00 45 00 01 15 34 12 40 00 40 11 05 c7 00 00 00 00 ff ff ff ff 00 44 00 43 01 01 c4 59 01 01 06 00 01 02 03 04 00 00 80 00 00 00 00 00 00 00 00 00 00 00 ...
05-04 11:16:29.632: [u2eth] TX itf=w0 tot_len=292 ff ff ff ff ff ff 88 a2 9e 48 22 7a 08 00 45 00 01 15 34 12 40 00 40 11 05 c7 00 00 00 00 ff ff ff ff 00 44 00 43 01 01 c4 59 01 01 06 00 01 02 03 04 00 00 80 00 00 00 00 00 00 00 00 00 00 00 ...
05-04 11:16:29.680: [u2m] 18166533 sock0 SEND
05-04 11:16:29.681: [u2m] 18166540 net sock0 MACRAW ptrs len=292 rd=0x0248 wr=0x036C rdm=0x48 wrm=0x6C
05-04 11:16:29.681: [u2m] 18166567 net sock0 MACRAW tx len=292
05-04 11:16:29.681: [u2m] 18283494 net sock0 MACRAW tx len=292
05-04 11:16:29.729: [u2eth] RX itf=w0 tot_len=342 ff ff ff ff ff ff 00 0c 29 2c bb f0 08 00 45 10 01 48 00 00 00 00 80 11 78 ec c0 a8 00 01 ff ff ff ff 00 43 00 44 01 34 ad 34 02 01 06 00 01 02 03 04 00 00 80 00 00 00 00 00 c0 a8 00 f5 00 00 ...
05-04 11:16:29.731: [u2eth] RX itf=w0 tot_len=342 ff ff ff ff ff ff 00 0c 29 2c bb f0 08 00 45 10 01 48 00 00 00 00 80 11 78 ec c0 a8 00 01 ff ff ff ff 00 43 00 44 01 34 ad 34 02 01 06 00 01 02 03 04 00 00 80 00 00 00 00 00 c0 a8 00 f5 00 00 ...
05-04 11:16:29.781: [u2eth] RX itf=w0 tot_len=342 ff ff ff ff ff ff 00 0c 29 2c bb f0 08 00 45 10 01 48 00 00 00 00 80 11 78 ec c0 a8 00 01 ff ff ff ff 00 43 00 44 01 34 ad 34 02 01 06 00 01 02 03 04 00 00 80 00 00 00 00 00 c0 a8 00 f5 00 00 ...
05-04 11:16:29.782: [u2eth] RX itf=w0 tot_len=342 ff ff ff ff ff ff 00 0c 29 2c bb f0 08 00 45 10 01 48 00 00 00 00 80 11 78 ec c0 a8 00 01 ff ff ff ff 00 43 00 44 01 34 ad 34 02 01 06 00 01 02 03 04 00 00 80 00 00 00 00 00 c0 a8 00 f5 00 00 ...
05-04 11:16:29.830: [u2eth] RX itf=w0 tot_len=63 ff ff ff ff ff ff 00 11 32 39 c1 2a 08 00 45 00 00 31 0e 8b 40 00 40 11 a9 d7 c0 a8 00 0a c0 a8 00 ff b9 4b 7e 9c 00 1d cf 33 4d 2d 53 45 41 52 43 48 20 2a 20 48 54 54 50 2f 31 2e 31 0d 0a
05-04 11:16:29.832: [u2eth] RX itf=w0 tot_len=63 ff ff ff ff ff ff 00 11 32 39 c1 2a 08 00 45 00 00 31 0e 8a 40 00 40 11 a9 d7 c0 a8 00 0b c0 a8 00 ff 82 a3 7e 9c 00 1d 05 db 4d 2d 53 45 41 52 43 48 20 2a 20 48 54 54 50 2f 31 2e 31 0d 0a
05-04 11:16:29.833: [u2eth] RX itf=w0 tot_len=342 ff ff ff ff ff ff 00 0c 29 2c bb f0 08 00 45 10 01 48 00 00 00 00 80 11 78 ec c0 a8 00 01 ff ff ff ff 00 43 00 44 01 34 ad 34 02 01 06 00 01 02 03 04 00 00 80 00 00 00 00 00 c0 a8 00 f5 00 00 ...
05-04 11:16:29.882: [u2eth] RX itf=w0 tot_len=342 ff ff ff ff ff ff 00 0c 29 2c bb f0 08 00 45 10 01 48 00 00 00 00 80 11 78 ec c0 a8 00 01 ff ff ff ff 00 43 00 44 01 34 ad 34 02 01 06 00 01 02 03 04 00 00 80 00 00 00 00 00 c0 a8 00 f5 00 00 ...
05-04 11:16:29.883: [u2eth] RX itf=w0 tot_len=342 ff ff ff ff ff ff 00 0c 29 2c bb f0 08 00 45 10 01 48 00 00 00 00 80 11 78 ec c0 a8 00 01 ff ff ff ff 00 43 00 44 01 34 ad 34 02 01 06 00 01 02 03 04 00 00 80 00 00 00 00 00 c0 a8 00 f5 00 00 ...
05-04 11:16:29.931: [u2eth] RX itf=w0 tot_len=342 ff ff ff ff ff ff 00 0c 29 2c bb f0 08 00 45 10 01 48 00 00 00 00 80 11 78 ec c0 a8 00 01 ff ff ff ff 00 43 00 44 01 34 ad 34 02 01 06 00 01 02 03 04 00 00 80 00 00 00 00 00 c0 a8 00 f5 00 00 ...
05-04 11:16:29.932: [u2eth] RX itf=w0 tot_len=342 ff ff ff ff ff ff 00 0c 29 2c bb f0 08 00 45 10 01 48 00 00 00 00 80 11 78 ec c0 a8 00 01 ff ff ff ff 00 43 00 44 01 34 ad 34 02 01 06 00 01 02 03 04 00 00 80 00 00 00 00 00 c0 a8 00 f5 00 00 ...
05-04 11:16:29.933: [u2eth] RX itf=w0 tot_len=342 ff ff ff ff ff ff 00 0c 29 2c bb f0 08 00 45 10 01 48 00 00 00 00 80 11 78 ec c0 a8 00 01 ff ff ff ff 00 43 00 44 01 34 ad 34 02 01 06 00 01 02 03 04 00 00 80 00 00 00 00 00 c0 a8 00 f5 00 00 ...
05-04 11:16:29.982: [u2eth] RX itf=w0 tot_len=342 ff ff ff ff ff ff 00 0c 29 2c bb f0 08 00 45 10 01 48 00 00 00 00 80 11 78 ec c0 a8 00 01 ff ff ff ff 00 43 00 44 01 34 ad 34 02 01 06 00 01 02 03 04 00 00 80 00 00 00 00 00 c0 a8 00 f5 00 00 ...
05-04 11:16:29.983: [u2eth] RX itf=w0 tot_len=342 ff ff ff ff ff ff 00 0c 29 2c bb f0 08 00 45 10 01 48 00 00 00 00 80 11 78 ec c0 a8 00 01 ff ff ff ff 00 43 00 44 01 34 ad 34 02 01 06 00 01 02 03 04 00 00 80 00 00 00 00 00 c0 a8 00 f5 00 00 ...
05-04 11:16:30.031: [u2eth] RX itf=w0 tot_len=60 ff ff ff ff ff ff 00 0c 29 2c bb f0 08 06 00 01 08 00 06 04 00 01 00 0c 29 2c bb f0 c0 a8 00 01 00 00 00 00 00 00 c0 a8 00 d6 00 00 00 00 00 00 00 00 00 00 00 00 00 00 00 00 00 00
05-04 11:16:30.032: [u2eth] RX itf=w0 tot_len=63 ff ff ff ff ff ff 00 11 32 39 c1 2a 08 00 45 00 00 31 10 44 40 00 40 11 a8 1e c0 a8 00 0a c0 a8 00 ff 88 2d 7e 9e 00 1d 00 50 4d 2d 53 45 41 52 43 48 20 2a 20 48 54 54 50 2f 31 2e 31 0d 0a
05-04 11:16:30.033: [u2eth] RX itf=w0 tot_len=63 ff ff ff ff ff ff 00 11 32 39 c1 2a 08 00 45 00 00 31 10 60 40 00 40 11 a8 01 c0 a8 00 0b c0 a8 00 ff b8 d9 7e 9e 00 1d cf a2 4d 2d 53 45 41 52 43 48 20 2a 20 48 54 54 50 2f 31 2e 31 0d 0a
05-04 11:16:30.082: [u2m] 18350841 net sock0 MACRAW rx len=342
05-04 11:16:30.082: [u2m] 18358033 sock0 SEND
05-04 11:16:30.082: [u2m] 18358039 net sock0 MACRAW ptrs len=292 rd=0x036C wr=0x0490 rdm=0x6C wrm=0x90
05-04 11:16:30.082: [u2m] 18358065 net sock0 MACRAW tx len=292
05-04 11:16:30.082: [u2m] 18368138 net sock0 MACRAW rx len=342
05-04 11:16:30.083: [u2m] 18368300 sock0 RECV
05-04 11:16:30.083: [u2m] 18373818 sock0 SEND
05-04 11:16:30.083: [u2m] 18373824 net sock0 MACRAW ptrs len=298 rd=0x0490 wr=0x05BA rdm=0x90 wrm=0xBA
05-04 11:16:30.083: [u2m] 18373849 net sock0 MACRAW tx len=298
05-04 11:16:30.083: [u2m] 18384051 sock0 RECV
05-04 11:16:30.083: [u2m] 18387776 net sock0 MACRAW rx len=342
05-04 11:16:30.083: [u2m] 18404974 sock0 SEND
05-04 11:16:30.084: [u2m] 18404978 net sock0 MACRAW ptrs len=42 rd=0x05BA wr=0x05E4 rdm=0xBA wrm=0xE4
05-04 11:16:30.132: [u2m] 18404983 net sock0 MACRAW tx len=42
05-04 11:16:30.132: [u2m] 18407464 net sock0 MACRAW rx len=342
05-04 11:16:30.132: [u2m] 18415207 sock0 RECV
05-04 11:16:30.132: [u2m] 18419958 sock0 RECV
05-04 11:16:30.132: [u2m] 18427133 net sock0 MACRAW rx len=63
05-04 11:16:30.133: [u2m] 18446138 net sock0 MACRAW rx len=63
05-04 11:16:30.133: [u2m] 18465161 net sock0 MACRAW rx len=342
05-04 11:16:30.133: [u2m] 18484874 net sock0 MACRAW rx len=342
05-04 11:16:30.133: [u2m] 18504580 net sock0 MACRAW rx len=342
05-04 11:16:30.133: [u2m] 18524284 net sock0 MACRAW rx len=342
05-04 11:16:30.133: [u2m] 18543985 net sock0 MACRAW rx len=342
05-04 11:16:30.133: [u2m] 18563689 net sock0 MACRAW rx len=342
05-04 11:16:30.183: [u2m] 18583392 net sock0 MACRAW rx len=342
05-04 11:16:30.183: [u2m] 18603100 net sock0 MACRAW rx len=342
05-04 11:16:30.183: [u2m] 18622772 net sock0 MACRAW rx len=60
05-04 11:16:30.183: [u2m] 18641022 net sock0 MACRAW rx len=63
05-04 11:16:30.184: [u2m] 18660006 net sock0 MACRAW rx len=63
05-04 11:16:30.232: [u2tap] drain len=292 ff ff ff ff ff ff 00 08 dc a2 a2 a2 08 00 45 00 01 15 34 12 40 00 40 11 05 c7 00 00 00 00 ff ff ff ff 00 44 00 43 01 01 c4 59 01 01 06 00 01 02 03 04 00 00 80 00 00 00 00 00 00 00 00 00 00 00 ...
05-04 11:16:30.235: [u2tap] core0-pre len=292 ff ff ff ff ff ff 00 08 dc a2 a2 a2 08 00 45 00 01 15 34 12 40 00 40 11 05 c7 00 00 00 00 ff ff ff ff 00 44 00 43 01 01 c4 59 01 01 06 00 01 02 03 04 00 00 80 00 00 00 00 00 00 00 00 00 00 00 ...
05-04 11:16:30.283: [u2tap] core0-post len=292 ff ff ff ff ff ff 88 a2 9e 48 22 7a 08 00 45 00 01 15 34 12 40 00 40 11 05 c7 00 00 00 00 ff ff ff ff 00 44 00 43 01 01 c4 59 01 01 06 00 01 02 03 04 00 00 80 00 00 00 00 00 00 00 00 00 00 00 ...
05-04 11:16:30.285: [u2eth] TX itf=w0 tot_len=292 ff ff ff ff ff ff 88 a2 9e 48 22 7a 08 00 45 00 01 15 34 12 40 00 40 11 05 c7 00 00 00 00 ff ff ff ff 00 44 00 43 01 01 c4 59 01 01 06 00 01 02 03 04 00 00 80 00 00 00 00 00 00 00 00 00 00 00 ...
05-04 11:16:30.286: [u2tap] drain len=298 ff ff ff ff ff ff 00 08 dc a2 a2 a2 08 00 45 00 01 1c 34 12 40 00 40 11 44 22 c0 a8 00 f5 ff ff ff ff 00 44 00 43 01 08 35 04 01 01 06 00 01 02 03 04 00 00 00 00 00 00 00 00 00 00 00 00 00 00 ...
05-04 11:16:30.334: [u2tap] core0-pre len=298 ff ff ff ff ff ff 00 08 dc a2 a2 a2 08 00 45 00 01 1c 34 12 40 00 40 11 44 22 c0 a8 00 f5 ff ff ff ff 00 44 00 43 01 08 35 04 01 01 06 00 01 02 03 04 00 00 00 00 00 00 00 00 00 00 00 00 00 00 ...
05-04 11:16:30.335: [u2tap] core0-post len=298 ff ff ff ff ff ff 88 a2 9e 48 22 7a 08 00 45 00 01 1c 34 12 40 00 40 11 44 22 c0 a8 00 f5 ff ff ff ff 00 44 00 43 01 08 35 04 01 01 06 00 01 02 03 04 00 00 00 00 00 00 00 00 00 00 00 00 00 00 ...
05-04 11:16:30.384: [u2eth] TX itf=w0 tot_len=298 ff ff ff ff ff ff 88 a2 9e 48 22 7a 08 00 45 00 01 1c 34 12 40 00 40 11 44 22 c0 a8 00 f5 ff ff ff ff 00 44 00 43 01 08 35 04 01 01 06 00 01 02 03 04 00 00 00 00 00 00 00 00 00 00 00 00 00 00 ...
05-04 11:16:30.385: [u2eth] TX itf=w0 tot_len=42 ff ff ff ff ff ff 88 a2 9e 48 22 7a 08 06 00 01 08 00 06 04 00 01 00 08 dc a2 a2 a2 c0 a8 00 f5 00 00 00 00 00 00 c0 a8 00 9a
05-04 11:16:30.386: [u2m] 18917881 net sock0 MACRAW tx len=292
05-04 11:16:30.386: [u2m] 18995334 net sock0 MACRAW tx len=298
05-04 11:16:30.386: [u2m] 19008805 net sock0 MACRAW tx len=42
05-04 11:16:30.533: [u2macraw] tx_q=0 tx_q_drop=0 rx_noroom=0 rx_toobig=0
05-04 11:16:30.629: [u2eth] RX itf=w0 tot_len=342 ff ff ff ff ff ff 00 0c 29 2c bb f0 08 00 45 10 01 48 00 00 00 00 80 11 78 ec c0 a8 00 01 ff ff ff ff 00 43 00 44 01 34 ad 34 02 01 06 00 01 02 03 04 00 00 80 00 00 00 00 00 c0 a8 00 f5 00 00 ...
05-04 11:16:30.683: [u2eth] RX itf=w0 tot_len=342 ff ff ff ff ff ff 00 0c 29 2c bb f0 08 00 45 10 01 48 00 00 00 00 80 11 78 ec c0 a8 00 01 ff ff ff ff 00 43 00 44 01 34 ad 34 02 01 06 00 01 02 03 04 00 00 80 00 00 00 00 00 c0 a8 00 f5 00 00 ...
05-04 11:16:30.684: [u2eth] RX itf=w0 tot_len=342 ff ff ff ff ff ff 00 0c 29 2c bb f0 08 00 45 10 01 48 00 00 00 00 80 11 78 ec c0 a8 00 01 ff ff ff ff 00 43 00 44 01 34 ad 34 02 01 06 00 01 02 03 04 00 00 80 00 00 00 00 00 c0 a8 00 f5 00 00 ...
05-04 11:16:30.731: [u2eth] RX itf=w0 tot_len=342 ff ff ff ff ff ff 00 0c 29 2c bb f0 08 00 45 10 01 48 00 00 00 00 80 11 78 ec c0 a8 00 01 ff ff ff ff 00 43 00 44 01 34 ad 34 02 01 06 00 01 02 03 04 00 00 80 00 00 00 00 00 c0 a8 00 f5 00 00 ...
05-04 11:16:30.732: [u2m] 19272596 net sock0 MACRAW rx len=342
05-04 11:16:30.732: [u2m] 19289832 net sock0 MACRAW rx len=342
05-04 11:16:30.732: [u2m] 19309499 net sock0 MACRAW rx len=342
05-04 11:16:30.782: [u2m] 19329187 net sock0 MACRAW rx len=342
05-04 11:16:32.171: [u2eth] RX itf=w0 tot_len=60 ff ff ff ff ff ff 00 0c 29 2c bb f0 08 06 00 01 08 00 06 04 00 01 00 0c 29 2c bb f0 c0 a8 00 01 00 00 00 00 00 00 c0 a8 00 d6 00 00 00 00 00 00 00 00 00 00 00 00 00 00 00 00 00 00
05-04 11:16:32.223: [u2m] 20814834 net sock0 MACRAW rx len=60
05-04 11:16:32.490: [u2m] 21114922 sock0 RECV
05-04 11:16:32.491: [u2m] 21118681 sock0 RECV
05-04 11:16:32.541: [u2m] 21123865 sock0 RECV
05-04 11:16:32.541: [u2m] 21129042 sock0 RECV
05-04 11:16:32.542: [u2m] 21134219 sock0 RECV
05-04 11:16:32.542: [u2m] 21139395 sock0 RECV
05-04 11:16:32.542: [u2m] 21144571 sock0 RECV
05-04 11:16:32.592: [u2m] 21149747 sock0 RECV
05-04 11:16:32.592: [u2m] 21154924 sock0 RECV
05-04 11:16:32.593: [u2m] 21160144 sock0 RECV
05-04 11:16:32.593: [u2m] 21163685 sock0 RECV
05-04 11:16:32.593: [u2m] 21167055 sock0 RECV
05-04 11:16:32.593: [u2m] 21170622 sock0 RECV
05-04 11:16:32.593: [u2m] 21175807 sock0 RECV
05-04 11:16:32.593: [u2m] 21180983 sock0 RECV
05-04 11:16:32.594: [u2m] 21184525 sock0 RECV
05-04 11:16:33.974: [u2eth] RX itf=w0 tot_len=60 ff ff ff ff ff ff 00 0c 29 2c bb f0 08 06 00 01 08 00 06 04 00 01 00 0c 29 2c bb f0 c0 a8 00 01 00 00 00 00 00 00 c0 a8 00 d6 00 00 00 00 00 00 00 00 00 00 00 00 00 00 00 00 00 00
05-04 11:16:34.027: [u2m] 22617132 net sock0 MACRAW rx len=60
05-04 11:16:34.028: [u2m] 22625976 sock0 RECV
05-04 11:16:34.597: [u2eth] RX itf=w0 tot_len=63 ff ff ff ff ff ff 00 11 32 39 c1 2a 08 00 45 00 00 31 1d 9f 40 00 40 11 9a c3 c0 a8 00 0a c0 a8 00 ff b9 4b 7e 9c 00 1d cf 33 4d 2d 53 45 41 52 43 48 20 2a 20 48 54 54 50 2f 31 2e 31 0d 0a
05-04 11:16:34.650: [u2eth] RX itf=w0 tot_len=63 ff ff ff ff ff ff 00 11 32 39 c1 2a 08 00 45 00 00 31 18 7d 40 00 40 11 9f e4 c0 a8 00 0b c0 a8 00 ff 82 a3 7e 9c 00 1d 05 db 4d 2d 53 45 41 52 43 48 20 2a 20 48 54 54 50 2f 31 2e 31 0d 0a
05-04 11:16:34.652: [u2m] 23239221 net sock0 MACRAW rx len=63
05-04 11:16:34.652: [u2m] 23244975 sock0 RECV
05-04 11:16:34.652: [u2m] 23255681 net sock0 MACRAW rx len=63
05-04 11:16:34.652: [u2m] 23257306 sock0 RECV
05-04 11:16:35.245: [u2eth] RX itf=w0 tot_len=60 ff ff ff ff ff ff 00 0c 29 2c bb f0 08 06 00 01 08 00 06 04 00 01 00 0c 29 2c bb f0 c0 a8 00 01 00 00 00 00 00 00 c0 a8 00 d6 00 00 00 00 00 00 00 00 00 00 00 00 00 00 00 00 00 00
05-04 11:16:35.297: [u2eth] RX itf=w0 tot_len=63 ff ff ff ff ff ff 00 11 32 39 c1 2a 08 00 45 00 00 31 1f 1f 40 00 40 11 99 43 c0 a8 00 0a c0 a8 00 ff 88 2d 7e 9e 00 1d 00 50 4d 2d 53 45 41 52 43 48 20 2a 20 48 54 54 50 2f 31 2e 31 0d 0a
05-04 11:16:35.299: [u2eth] RX itf=w0 tot_len=63 ff ff ff ff ff ff 00 11 32 39 c1 2a 08 00 45 00 00 31 19 28 40 00 40 11 9f 39 c0 a8 00 0b c0 a8 00 ff b8 d9 7e 9e 00 1d cf a2 4d 2d 53 45 41 52 43 48 20 2a 20 48 54 54 50 2f 31 2e 31 0d 0a
05-04 11:16:35.348: [u2m] 23887144 net sock0 MACRAW rx len=60
05-04 11:16:35.348: [u2m] 23902822 net sock0 MACRAW rx len=63
05-04 11:16:35.349: [u2m] 23921817 net sock0 MACRAW rx len=63
05-04 11:16:35.560: [u2macraw] tx_q=0 tx_q_drop=0 rx_noroom=2 rx_toobig=0
05-04 11:16:36.163: [u2eth] RX itf=w0 tot_len=60 ff ff ff ff ff ff 00 0c 29 2c bb f0 08 06 00 01 08 00 06 04 00 01 00 0c 29 2c bb f0 c0 a8 00 01 00 00 00 00 00 00 c0 a8 00 d6 00 00 00 00 00 00 00 00 00 00 00 00 00 00 00 00 00 00
05-04 11:16:36.215: [u2m] 24804594 net sock0 MACRAW rx len=60
05-04 11:16:38.930: [u2eth] RX itf=w0 tot_len=60 ff ff ff ff ff ff 00 0c 29 2c bb f0 08 06 00 01 08 00 06 04 00 01 00 0c 29 2c bb f0 c0 a8 00 01 00 00 00 00 00 00 c0 a8 00 d6 00 00 00 00 00 00 00 00 00 00 00 00 00 00 00 00 00 00
05-04 11:16:38.983: [u2eth] RX itf=w0 tot_len=117 ff ff ff ff ff ff 48 a9 8a 19 46 12 08 00 45 00 00 67 3c 22 00 00 ff 11 be b8 c0 a8 00 03 ff ff ff ff 16 2e 16 2e 00 53 d3 e3 32 22 01 00 00 01 00 06 48 a9 8a 19 46 12 00 05 00 08 4d 69 6b 72 ...
05-04 11:16:38.985: [u2m] 27575236 net sock0 MACRAW rx len=60
05-04 11:16:38.985: [u2m] 27590911 net sock0 MACRAW rx len=117
05-04 11:16:39.277: [u2eth] TX itf=w0 tot_len=42 ff ff ff ff ff ff 88 a2 9e 48 22 7a 08 06 00 01 08 00 06 04 00 01 00 08 dc a2 a2 a2 c0 a8 00 f5 00 00 00 00 00 00 c0 a8 00 9a
05-04 11:16:39.329: [u2m] 27870083 sock0 SEND
05-04 11:16:39.329: [u2m] 27870094 net sock0 MACRAW ptrs len=42 rd=0x05E4 wr=0x060E rdm=0xE4 wrm=0x0E
05-04 11:16:39.330: [u2m] 27870099 net sock0 MACRAW tx len=42
05-04 11:16:39.330: [u2m] 27878729 sock0 RECV
05-04 11:16:39.330: [u2m] 27882111 sock0 RECV
05-04 11:16:39.331: [u2m] 27885853 sock0 RECV
05-04 11:16:39.331: [u2m] 27889403 sock0 RECV
05-04 11:16:39.331: [u2m] 27892745 sock0 RECV
05-04 11:16:39.331: [u2m] 27896416 sock0 RECV
05-04 11:16:39.331: [u2m] 27929156 net sock0 MACRAW tx len=42
05-04 11:16:39.519: [u2eth] RX itf=w0 tot_len=63 ff ff ff ff ff ff 00 11 32 39 c1 2a 08 00 45 00 00 31 29 c1 40 00 40 11 8e a1 c0 a8 00 0a c0 a8 00 ff b9 4b 7e 9c 00 1d cf 33 4d 2d 53 45 41 52 43 48 20 2a 20 48 54 54 50 2f 31 2e 31 0d 0a
05-04 11:16:39.571: [u2eth] RX itf=w0 tot_len=63 ff ff ff ff ff ff 00 11 32 39 c1 2a 08 00 45 00 00 31 26 ea 40 00 40 11 91 77 c0 a8 00 0b c0 a8 00 ff 82 a3 7e 9c 00 1d 05 db 4d 2d 53 45 41 52 43 48 20 2a 20 48 54 54 50 2f 31 2e 31 0d 0a
05-04 11:16:39.572: [u2m] 28160481 net sock0 MACRAW rx len=63
05-04 11:16:39.573: [u2m] 28166265 sock0 RECV
05-04 11:16:39.573: [u2m] 28176948 net sock0 MACRAW rx len=63
05-04 11:16:39.573: [u2m] 28181285 sock0 RECV
05-04 11:16:40.117: [u2eth] RX itf=w0 tot_len=63 ff ff ff ff ff ff 00 11 32 39 c1 2a 08 00 45 00 00 31 2a eb 40 00 40 11 8d 77 c0 a8 00 0a c0 a8 00 ff 88 2d 7e 9e 00 1d 00 50 4d 2d 53 45 41 52 43 48 20 2a 20 48 54 54 50 2f 31 2e 31 0d 0a
05-04 11:16:40.169: [u2eth] RX itf=w0 tot_len=63 ff ff ff ff ff ff 00 11 32 39 c1 2a 08 00 45 00 00 31 28 c9 40 00 40 11 8f 98 c0 a8 00 0b c0 a8 00 ff b8 d9 7e 9e 00 1d cf a2 4d 2d 53 45 41 52 43 48 20 2a 20 48 54 54 50 2f 31 2e 31 0d 0a
05-04 11:16:40.171: [u2m] 28758392 net sock0 MACRAW rx len=63
05-04 11:16:40.171: [u2m] 28763664 sock0 RECV
05-04 11:16:40.171: [u2m] 28774846 net sock0 MACRAW rx len=63
05-04 11:16:40.171: [u2m] 28776015 sock0 RECV
05-04 11:16:40.560: [u2macraw] tx_q=0 tx_q_drop=0 rx_noroom=2 rx_toobig=0
05-04 11:16:40.767: [u2eth] RX itf=w0 tot_len=60 88 a2 9e 48 22 7a 9c c9 eb 15 f3 5a 08 06 00 01 08 00 06 04 00 01 9c c9 eb 15 f3 5a c0 a8 01 01 88 a2 9e 48 22 7a c0 a8 00 ee 00 00 00 00 00 00 00 00 00 00 00 00 00 00 00 00 00 00
05-04 11:16:40.819: [u2eth] TX itf=w0 tot_len=42 9c c9 eb 15 f3 5a 88 a2 9e 48 22 7a 08 06 00 01 08 00 06 04 00 02 88 a2 9e 48 22 7a c0 a8 00 ee 9c c9 eb 15 f3 5a c0 a8 01 01
05-04 11:16:40.820: [u2m] 29408441 net sock0 MACRAW rx len=60
05-04 11:16:40.820: [u2m] 29409882 sock0 RECV
05-04 11:16:41.353: [u2eth] RX itf=w0 tot_len=60 ff ff ff ff ff ff 50 14 79 d6 67 b3 08 06 00 01 08 00 06 04 00 01 50 14 79 d6 67 b3 c0 a8 00 e0 ff ff ff ff ff ff c0 a8 00 01 00 00 00 00 00 00 00 00 00 00 00 00 00 00 00 00 00 00
05-04 11:16:41.404: [u2m] 29994030 net sock0 MACRAW rx len=60
05-04 11:16:41.405: [u2m] 30000215 sock0 RECV
05-04 11:34:55.428: Skrcs~BsBL
05-04 11:34:55.479:           !*HR$~k_w^GBy^=oz
05-04 11:34:55.479:                            =BWbBJO^gNZTO
05-04 11:34:55.480:                                        'B!JB    5bc
05-04 11:34:55.480:                                                    5oFCbb"B½bKKc`c~bC9^b1Z/B1BBBBBBRzBCcCcBbBBBCBbBbCCCBbBbBBbbBBBBCBBBB1R!BBRR1BRBB1zBCBBbCcCBBCBcCBBC!!BB!!B!!!1R1!RBBR1BB1BP*J
05-04 11:34:57.670:                            *x{6.ϔ;^^b~kyTNDB>5[u2] init
05-04 11:35:25.164: [u2m] U2 activity monitor on (UART 460800); bus+socket+net events; ring=256 flush<=128/call
05-04 11:35:25.164: [u2] ip65 debug: U2_IP65_CHECKPOINT=0 (0=off; 1..5=bisect; cmake -DU2_IP65_CHECKPOINT=n)

05-04 11:35:25.165: Megaflash DEBUG Firmware Version 33 (V1.2.1-eo)
05-04 11:35:25.165: Firmware build: 2026-05-03 03:55:51 UTC  (1777780551 Unix s)
05-04 11:35:25.166: CPU Clock Speed =150MHz
05-04 11:35:25.166: clk_peri =150MHz
05-04 11:35:25.166: SPI Speed = 75MHz
05-04 11:35:25.166: WIFI Supported = Yes
05-04 11:35:25.166: Total heap = 125376
05-04 11:35:25.166: Free heap  = 124264
05-04 11:35:28.491: Version: 7.95.49 (2271bb6 CY) CRC: b7a28ef3 Date: Mon 2021-11-29 22:50:27 PST Ucode Ver: 1043.2162 FWID 01-c51d9400
05-04 11:35:28.686: cyw43 loaded ok, mac 88:a2:9e:48:22:7a
05-04 11:35:28.687: [u2m] 4541 reset
05-04 11:35:28.687: GetNetworkTime()
05-04 11:35:28.737: NETPUMP: begin op=1 label=NTP taskid=0
05-04 11:35:28.787: API: 12.2
05-04 11:35:28.787: Data: RaspberryPi.PicoW
05-04 11:35:28.789: Compiler: 1.29.4
05-04 11:35:28.790: ClmImport: 1.47.1
05-04 11:35:28.790: Customization: v5 22/06/24
05-04 11:35:28.790: Creation: 2022-06-24 06:55:08

05-04 11:35:28.895: SSID=OIS-new

05-04 11:35:28.895: Connecting to Wifi Attempt:#1
05-04 11:35:28.895: connect status: 1
05-04 11:35:32.894: connect status: 2
05-04 11:35:33.997: connect status: 3
05-04 11:35:34.047: link_status=3
05-04 11:35:34.047: WIFI connected
05-04 11:35:34.047: IP address: 192.168.0.238
05-04 11:35:34.047: Gateway: 192.168.0.1
05-04 11:35:34.048: Netmask: 255.255.255.0
05-04 11:35:34.048: DNS Server: 192.168.0.1
05-04 11:35:34.048: CreateUdpPcb() pcb = 0x20016fb0
05-04 11:35:34.048: NTP: EvtStart()
05-04 11:35:34.048: DNSLooup(): waiting for callback
05-04 11:35:34.149: NTP: EvtDNSResult dnserr=0
05-04 11:35:34.150: EvtDNSResult(): IP Addr = 64.246.132.14
05-04 11:35:34.150: Sending NTP Request Attempt: #1
05-04 11:35:34.199: NTP: EvtUDPReceived len=48 port=123
05-04 11:35:34.200: NTP: Valid response: mode=0x04 stratum=2
05-04 11:35:34.200: NTP: unix epoch = 1777908934
05-04 11:35:34.201: NETPUMP: end op=1 label=NTP taskid=0
05-04 11:35:34.201: GetNTP err=11 (11=NETERR_NONE)
05-04 11:35:34.906: [u2eth] RX itf=w0 tot_len=63 ff ff ff ff ff ff 00 11 32 39 c1 2a 08 00 45 00 00 31 0c 9c 40 00 40 11 ab c6 c0 a8 00 0a c0 a8 00 ff b9 4b 7e 9c 00 1d cf 33 4d 2d 53 45 41 52 43 48 20 2a 20 48 54 54 50 2f 31 2e 31 0d 0a
05-04 11:35:34.959: [u2eth] RX itf=w0 tot_len=63 ff ff ff ff ff ff 00 11 32 39 c1 2a 08 00 45 00 00 31 db 2d 40 00 40 11 dd 33 c0 a8 00 0b c0 a8 00 ff 82 a3 7e 9c 00 1d 05 db 4d 2d 53 45 41 52 43 48 20 2a 20 48 54 54 50 2f 31 2e 31 0d 0a
05-04 11:35:35.217: [u2eth] RX itf=w0 tot_len=63 ff ff ff ff ff ff 00 11 32 39 c1 2a 08 00 45 00 00 31 0e 09 40 00 40 11 aa 59 c0 a8 00 0a c0 a8 00 ff 88 2d 7e 9e 00 1d 00 50 4d 2d 53 45 41 52 43 48 20 2a 20 48 54 54 50 2f 31 2e 31 0d 0a
05-04 11:35:35.268: [u2eth] RX itf=w0 tot_len=63 ff ff ff ff ff ff 00 11 32 39 c1 2a 08 00 45 00 00 31 db a7 40 00 40 11 dc b9 c0 a8 00 0b c0 a8 00 ff b8 d9 7e 9e 00 1d cf a2 4d 2d 53 45 41 52 43 48 20 2a 20 48 54 54 50 2f 31 2e 31 0d 0a
05-04 11:35:35.526: [u2eth] RX itf=w0 tot_len=60 ff ff ff ff ff ff 00 0c 29 2c bb f0 08 06 00 01 08 00 06 04 00 01 00 0c 29 2c bb f0 c0 a8 00 01 00 00 00 00 00 00 c0 a8 00 d6 00 00 00 00 00 00 00 00 00 00 00 00 00 00 00 00 00 00
05-04 11:35:37.081: [u2eth] RX itf=w0 tot_len=60 ff ff ff ff ff ff 3c 7d 0a 19 77 59 08 06 00 01 08 00 06 04 00 01 3c 7d 0a 19 77 59 c0 a8 00 9a 00 00 00 00 00 00 c0 a8 00 e7 00 00 00 00 00 00 00 00 00 00 00 00 00 00 00 00 00 00
05-04 11:35:37.986: [u2eth] RX itf=w0 tot_len=60 ff ff ff ff ff ff 50 14 79 d6 67 b3 08 06 00 01 08 00 06 04 00 01 50 14 79 d6 67 b3 c0 a8 00 e0 ff ff ff ff ff ff c0 a8 00 01 00 00 00 00 00 00 00 00 00 00 00 00 00 00 00 00 00 00
05-04 11:35:38.890: [u2eth] RX itf=w0 tot_len=60 ff ff ff ff ff ff 00 0c 29 2c bb f0 08 06 00 01 08 00 06 04 00 01 00 0c 29 2c bb f0 c0 a8 00 01 00 00 00 00 00 00 c0 a8 00 d6 00 00 00 00 00 00 00 00 00 00 00 00 00 00 00 00 00 00
05-04 11:35:38.992: [u2eth] RX itf=w0 tot_len=117 ff ff ff ff ff ff 48 a9 8a 19 46 12 08 00 45 00 00 67 4f 22 00 00 ff 11 ab b8 c0 a8 00 03 ff ff ff ff 16 2e 16 2e 00 53 4c df 45 22 01 00 00 01 00 06 48 a9 8a 19 46 12 00 05 00 08 4d 69 6b 72 ...
05-04 11:35:39.251: [u2macraw] tx_q=0 tx_q_drop=0 rx_noroom=0 rx_toobig=0
05-04 11:35:39.851: [u2eth] RX itf=w0 tot_len=63 ff ff ff ff ff ff 00 11 32 39 c1 2a 08 00 45 00 00 31 19 0b 40 00 40 11 9f 57 c0 a8 00 0a c0 a8 00 ff b9 4b 7e 9c 00 1d cf 33 4d 2d 53 45 41 52 43 48 20 2a 20 48 54 54 50 2f 31 2e 31 0d 0a
05-04 11:35:39.903: [u2eth] RX itf=w0 tot_len=63 ff ff ff ff ff ff 00 11 32 39 c1 2a 08 00 45 00 00 31 de a5 40 00 40 11 d9 bb c0 a8 00 0b c0 a8 00 ff 82 a3 7e 9c 00 1d 05 db 4d 2d 53 45 41 52 43 48 20 2a 20 48 54 54 50 2f 31 2e 31 0d 0a
05-04 11:35:40.160: [u2eth] RX itf=w0 tot_len=63 ff ff ff ff ff ff 00 11 32 39 c1 2a 08 00 45 00 00 31 1a 22 40 00 40 11 9e 40 c0 a8 00 0a c0 a8 00 ff 88 2d 7e 9e 00 1d 00 50 4d 2d 53 45 41 52 43 48 20 2a 20 48 54 54 50 2f 31 2e 31 0d 0a
05-04 11:35:40.212: [u2eth] RX itf=w0 tot_len=63 ff ff ff ff ff ff 00 11 32 39 c1 2a 08 00 45 00 00 31 df d8 40 00 40 11 d8 88 c0 a8 00 0b c0 a8 00 ff b8 d9 7e 9e 00 1d cf a2 4d 2d 53 45 41 52 43 48 20 2a 20 48 54 54 50 2f 31 2e 31 0d 0a
05-04 11:35:42.621: [u2eth] RX itf=w0 tot_len=60 ff ff ff ff ff ff 00 0c 29 2c bb f0 08 06 00 01 08 00 06 04 00 01 00 0c 29 2c bb f0 c0 a8 00 01 00 00 00 00 00 00 c0 a8 00 d6 00 00 00 00 00 00 00 00 00 00 00 00 00 00 00 00 00 00
05-04 11:35:43.526: [u2eth] RX itf=w0 tot_len=60 ff ff ff ff ff ff 10 9a dd 6f 6a 42 08 06 00 01 08 00 06 04 00 01 10 9a dd 6f 6a 42 c0 a8 00 13 00 00 00 00 00 00 c0 a8 00 d6 00 00 00 00 00 00 00 00 00 00 00 00 00 00 00 00 00 00
05-04 11:35:44.280: [u2macraw] tx_q=0 tx_q_drop=0 rx_noroom=0 rx_toobig=0
05-04 11:35:44.431: [u2eth] RX itf=w0 tot_len=60 ff ff ff ff ff ff 00 0c 29 2c bb f0 08 06 00 01 08 00 06 04 00 01 00 0c 29 2c bb f0 c0 a8 00 01 00 00 00 00 00 00 c0 a8 00 d6 00 00 00 00 00 00 00 00 00 00 00 00 00 00 00 00 00 00
05-04 11:35:44.735: [u2eth] RX itf=w0 tot_len=63 ff ff ff ff ff ff 00 11 32 39 c1 2a 08 00 45 00 00 31 28 d3 40 00 40 11 8f 8f c0 a8 00 0a c0 a8 00 ff b9 4b 7e 9c 00 1d cf 33 4d 2d 53 45 41 52 43 48 20 2a 20 48 54 54 50 2f 31 2e 31 0d 0a
05-04 11:35:44.788: [u2eth] RX itf=w0 tot_len=63 ff ff ff ff ff ff 00 11 32 39 c1 2a 08 00 45 00 00 31 e1 cb 40 00 40 11 d6 95 c0 a8 00 0b c0 a8 00 ff 82 a3 7e 9c 00 1d 05 db 4d 2d 53 45 41 52 43 48 20 2a 20 48 54 54 50 2f 31 2e 31 0d 0a
05-04 11:35:45.345: [u2eth] RX itf=w0 tot_len=60 ff ff ff ff ff ff 00 0c 29 2c bb f0 08 06 00 01 08 00 06 04 00 01 00 0c 29 2c bb f0 c0 a8 00 01 00 00 00 00 00 00 c0 a8 00 c8 00 00 00 00 00 00 00 00 00 00 00 00 00 00 00 00 00 00
05-04 11:35:45.397: [u2eth] RX itf=w0 tot_len=63 ff ff ff ff ff ff 00 11 32 39 c1 2a 08 00 45 00 00 31 29 bd 40 00 40 11 8e a5 c0 a8 00 0a c0 a8 00 ff 88 2d 7e 9e 00 1d 00 50 4d 2d 53 45 41 52 43 48 20 2a 20 48 54 54 50 2f 31 2e 31 0d 0a
05-04 11:35:45.399: [u2eth] RX itf=w0 tot_len=63 ff ff ff ff ff ff 00 11 32 39 c1 2a 08 00 45 00 00 31 e2 e4 40 00 40 11 d5 7c c0 a8 00 0b c0 a8 00 ff b8 d9 7e 9e 00 1d cf a2 4d 2d 53 45 41 52 43 48 20 2a 20 48 54 54 50 2f 31 2e 31 0d 0a
05-04 11:35:46.309: [u2eth] RX itf=w0 tot_len=60 ff ff ff ff ff ff 00 0c 29 2c bb f0 08 06 00 01 08 00 06 04 00 01 00 0c 29 2c bb f0 c0 a8 00 01 00 00 00 00 00 00 c0 a8 00 c8 00 00 00 00 00 00 00 00 00 00 00 00 00 00 00 00 00 00
05-04 11:35:48.315: [u2tap] drain len=292 ff ff ff ff ff ff 00 08 dc a2 a2 a2 08 00 45 00 01 15 34 12 40 00 40 11 05 c7 00 00 00 00 ff ff ff ff 00 44 00 43 01 01 c4 59 01 01 06 00 01 02 03 04 00 00 80 00 00 00 00 00 00 00 00 00 00 00 ...
05-04 11:35:48.368: [u2tap] core0-pre len=292 ff ff ff ff ff ff 00 08 dc a2 a2 a2 08 00 45 00 01 15 34 12 40 00 40 11 05 c7 00 00 00 00 ff ff ff ff 00 44 00 43 01 01 c4 59 01 01 06 00 01 02 03 04 00 00 80 00 00 00 00 00 00 00 00 00 00 00 ...
05-04 11:35:48.369: [u2tap] core0-post len=292 ff ff ff ff ff ff 88 a2 9e 48 22 7a 08 00 45 00 01 15 34 12 40 00 40 11 05 c7 00 00 00 00 ff ff ff ff 00 44 00 43 01 01 c4 59 01 01 06 00 01 02 03 04 00 00 80 00 00 00 00 00 00 00 00 00 00 00 ...
05-04 11:35:48.369: [u2eth] TX itf=w0 tot_len=292 ff ff ff ff ff ff 88 a2 9e 48 22 7a 08 00 45 00 01 15 34 12 40 00 40 11 05 c7 00 00 00 00 ff ff ff ff 00 44 00 43 01 01 c4 59 01 01 06 00 01 02 03 04 00 00 80 00 00 00 00 00 00 00 00 00 00 00 ...
05-04 11:35:48.370: [u2m] 23156546 sock0 OPEN mr=0x44 port=0 ok
05-04 11:35:48.370: [u2m] 23162723 sock0 SEND
05-04 11:35:48.371: [u2m] 23162742 net sock0 MACRAW ptrs len=292 rd=0x0000 wr=0x0124 rdm=0x00 wrm=0x24
05-04 11:35:48.371: [u2m] 23162772 net sock0 MACRAW tx len=292
05-04 11:35:48.371: [u2m] 23196453 net sock0 MACRAW tx len=292
05-04 11:35:48.416: [u2tap] drain len=292 ff ff ff ff ff ff 00 08 dc a2 a2 a2 08 00 45 00 01 15 34 12 40 00 40 11 05 c7 00 00 00 00 ff ff ff ff 00 44 00 43 01 01 c4 59 01 01 06 00 01 02 03 04 00 00 80 00 00 00 00 00 00 00 00 00 00 00 ...
05-04 11:35:48.418: [u2tap] core0-pre len=292 ff ff ff ff ff ff 00 08 dc a2 a2 a2 08 00 45 00 01 15 34 12 40 00 40 11 05 c7 00 00 00 00 ff ff ff ff 00 44 00 43 01 01 c4 59 01 01 06 00 01 02 03 04 00 00 80 00 00 00 00 00 00 00 00 00 00 00 ...
05-04 11:35:48.419: [u2tap] core0-post len=292 ff ff ff ff ff ff 88 a2 9e 48 22 7a 08 00 45 00 01 15 34 12 40 00 40 11 05 c7 00 00 00 00 ff ff ff ff 00 44 00 43 01 01 c4 59 01 01 06 00 01 02 03 04 00 00 80 00 00 00 00 00 00 00 00 00 00 00 ...
05-04 11:35:48.421: [u2eth] TX itf=w0 tot_len=292 ff ff ff ff ff ff 88 a2 9e 48 22 7a 08 00 45 00 01 15 34 12 40 00 40 11 05 c7 00 00 00 00 ff ff ff ff 00 44 00 43 01 01 c4 59 01 01 06 00 01 02 03 04 00 00 80 00 00 00 00 00 00 00 00 00 00 00 ...
05-04 11:35:48.422: [u2m] 23232537 sock0 SEND
05-04 11:35:48.422: [u2m] 23232545 net sock0 MACRAW ptrs len=292 rd=0x0124 wr=0x0248 rdm=0x24 wrm=0x48
05-04 11:35:48.422: [u2m] 23232573 net sock0 MACRAW tx len=292
05-04 11:35:48.422: [u2m] 23270506 net sock0 MACRAW tx len=292
05-04 11:35:48.518: [u2tap] drain len=292 ff ff ff ff ff ff 00 08 dc a2 a2 a2 08 00 45 00 01 15 34 12 40 00 40 11 05 c7 00 00 00 00 ff ff ff ff 00 44 00 43 01 01 c4 59 01 01 06 00 01 02 03 04 00 00 80 00 00 00 00 00 00 00 00 00 00 00 ...
05-04 11:35:48.520: [u2tap] core0-pre len=292 ff ff ff ff ff ff 00 08 dc a2 a2 a2 08 00 45 00 01 15 34 12 40 00 40 11 05 c7 00 00 00 00 ff ff ff ff 00 44 00 43 01 01 c4 59 01 01 06 00 01 02 03 04 00 00 80 00 00 00 00 00 00 00 00 00 00 00 ...
05-04 11:35:48.570: [u2tap] core0-post len=292 ff ff ff ff ff ff 88 a2 9e 48 22 7a 08 00 45 00 01 15 34 12 40 00 40 11 05 c7 00 00 00 00 ff ff ff ff 00 44 00 43 01 01 c4 59 01 01 06 00 01 02 03 04 00 00 80 00 00 00 00 00 00 00 00 00 00 00 ...
05-04 11:35:48.571: [u2eth] TX itf=w0 tot_len=292 ff ff ff ff ff ff 88 a2 9e 48 22 7a 08 00 45 00 01 15 34 12 40 00 40 11 05 c7 00 00 00 00 ff ff ff ff 00 44 00 43 01 01 c4 59 01 01 06 00 01 02 03 04 00 00 80 00 00 00 00 00 00 00 00 00 00 00 ...
05-04 11:35:48.572: [u2m] 23367193 sock0 SEND
05-04 11:35:48.572: [u2m] 23367199 net sock0 MACRAW ptrs len=292 rd=0x0248 wr=0x036C rdm=0x48 wrm=0x6C
05-04 11:35:48.573: [u2m] 23367224 net sock0 MACRAW tx len=292
05-04 11:35:48.573: [u2m] 23393660 net sock0 MACRAW tx len=292
05-04 11:35:48.735: [u2tap] drain len=292 ff ff ff ff ff ff 00 08 dc a2 a2 a2 08 00 45 00 01 15 34 12 40 00 40 11 05 c7 00 00 00 00 ff ff ff ff 00 44 00 43 01 01 c4 59 01 01 06 00 01 02 03 04 00 00 80 00 00 00 00 00 00 00 00 00 00 00 ...
05-04 11:35:48.787: [u2tap] core0-pre len=292 ff ff ff ff ff ff 00 08 dc a2 a2 a2 08 00 45 00 01 15 34 12 40 00 40 11 05 c7 00 00 00 00 ff ff ff ff 00 44 00 43 01 01 c4 59 01 01 06 00 01 02 03 04 00 00 80 00 00 00 00 00 00 00 00 00 00 00 ...
05-04 11:35:48.788: [u2tap] core0-post len=292 ff ff ff ff ff ff 88 a2 9e 48 22 7a 08 00 45 00 01 15 34 12 40 00 40 11 05 c7 00 00 00 00 ff ff ff ff 00 44 00 43 01 01 c4 59 01 01 06 00 01 02 03 04 00 00 80 00 00 00 00 00 00 00 00 00 00 00 ...
05-04 11:35:48.789: [u2eth] TX itf=w0 tot_len=292 ff ff ff ff ff ff 88 a2 9e 48 22 7a 08 00 45 00 01 15 34 12 40 00 40 11 05 c7 00 00 00 00 ff ff ff ff 00 44 00 43 01 01 c4 59 01 01 06 00 01 02 03 04 00 00 80 00 00 00 00 00 00 00 00 00 00 00 ...
05-04 11:35:48.790: [u2m] 23558691 sock0 SEND
05-04 11:35:48.790: [u2m] 23558696 net sock0 MACRAW ptrs len=292 rd=0x036C wr=0x0490 rdm=0x6C wrm=0x90
05-04 11:35:48.790: [u2m] 23558722 net sock0 MACRAW tx len=292
05-04 11:35:48.790: [u2m] 23616920 net sock0 MACRAW tx len=292
05-04 11:35:48.959: [u2tap] drain len=292 ff ff ff ff ff ff 00 08 dc a2 a2 a2 08 00 45 00 01 15 34 12 40 00 40 11 05 c7 00 00 00 00 ff ff ff ff 00 44 00 43 01 01 c4 59 01 01 06 00 01 02 03 04 00 00 80 00 00 00 00 00 00 00 00 00 00 00 ...
05-04 11:35:49.011: [u2tap] core0-pre len=292 ff ff ff ff ff ff 00 08 dc a2 a2 a2 08 00 45 00 01 15 34 12 40 00 40 11 05 c7 00 00 00 00 ff ff ff ff 00 44 00 43 01 01 c4 59 01 01 06 00 01 02 03 04 00 00 80 00 00 00 00 00 00 00 00 00 00 00 ...
05-04 11:35:49.012: [u2tap] core0-post len=292 ff ff ff ff ff ff 88 a2 9e 48 22 7a 08 00 45 00 01 15 34 12 40 00 40 11 05 c7 00 00 00 00 ff ff ff ff 00 44 00 43 01 01 c4 59 01 01 06 00 01 02 03 04 00 00 80 00 00 00 00 00 00 00 00 00 00 00 ...
05-04 11:35:49.013: [u2eth] TX itf=w0 tot_len=292 ff ff ff ff ff ff 88 a2 9e 48 22 7a 08 00 45 00 01 15 34 12 40 00 40 11 05 c7 00 00 00 00 ff ff ff ff 00 44 00 43 01 01 c4 59 01 01 06 00 01 02 03 04 00 00 80 00 00 00 00 00 00 00 00 00 00 00 ...
05-04 11:35:49.014: [u2m] 23815144 sock0 SEND
05-04 11:35:49.014: [u2m] 23815148 net sock0 MACRAW ptrs len=292 rd=0x0490 wr=0x05B4 rdm=0x90 wrm=0xB4
05-04 11:35:49.014: [u2m] 23815173 net sock0 MACRAW tx len=292
05-04 11:35:49.014: [u2m] 23840134 net sock0 MACRAW tx len=292
05-04 11:35:49.082: [u2eth] RX itf=w0 tot_len=60 ff ff ff ff ff ff 00 0c 29 2c bb f0 08 06 00 01 08 00 06 04 00 01 00 0c 29 2c bb f0 c0 a8 00 01 00 00 00 00 00 00 c0 a8 00 d6 00 00 00 00 00 00 00 00 00 00 00 00 00 00 00 00 00 00
05-04 11:35:49.134: [u2m] 23944547 net sock0 MACRAW rx len=60
05-04 11:35:49.184: [u2m] 23961839 sock0 RECV
05-04 11:35:49.287: [u2tap] drain len=292 ff ff ff ff ff ff 00 08 dc a2 a2 a2 08 00 45 00 01 15 34 12 40 00 40 11 05 c7 00 00 00 00 ff ff ff ff 00 44 00 43 01 01 c4 59 01 01 06 00 01 02 03 04 00 00 80 00 00 00 00 00 00 00 00 00 00 00 ...
05-04 11:35:49.340: [u2tap] core0-pre len=292 ff ff ff ff ff ff 00 08 dc a2 a2 a2 08 00 45 00 01 15 34 12 40 00 40 11 05 c7 00 00 00 00 ff ff ff ff 00 44 00 43 01 01 c4 59 01 01 06 00 01 02 03 04 00 00 80 00 00 00 00 00 00 00 00 00 00 00 ...
05-04 11:35:49.341: [u2tap] core0-post len=292 ff ff ff ff ff ff 88 a2 9e 48 22 7a 08 00 45 00 01 15 34 12 40 00 40 11 05 c7 00 00 00 00 ff ff ff ff 00 44 00 43 01 01 c4 59 01 01 06 00 01 02 03 04 00 00 80 00 00 00 00 00 00 00 00 00 00 00 ...
05-04 11:35:49.342: [u2eth] TX itf=w0 tot_len=292 ff ff ff ff ff ff 88 a2 9e 48 22 7a 08 00 45 00 01 15 34 12 40 00 40 11 05 c7 00 00 00 00 ff ff ff ff 00 44 00 43 01 01 c4 59 01 01 06 00 01 02 03 04 00 00 80 00 00 00 00 00 00 00 00 00 00 00 ...
05-04 11:35:49.343: [u2macraw] tx_q=0 tx_q_drop=0 rx_noroom=0 rx_toobig=0
05-04 11:35:49.343: [u2m] 24137132 sock0 SEND
05-04 11:35:49.343: [u2m] 24137139 net sock0 MACRAW ptrs len=292 rd=0x05B4 wr=0x06D8 rdm=0xB4 wrm=0xD8
05-04 11:35:49.344: [u2m] 24137165 net sock0 MACRAW tx len=292
05-04 11:35:49.344: [u2m] 24168784 net sock0 MACRAW tx len=292
05-04 11:35:49.412: [u2eth] RX itf=w0 tot_len=342 ff ff ff ff ff ff 00 0c 29 2c bb f0 08 00 45 10 01 48 00 00 00 00 80 11 78 ec c0 a8 00 01 ff ff ff ff 00 43 00 44 01 34 ad 34 02 01 06 00 01 02 03 04 00 00 80 00 00 00 00 00 c0 a8 00 f5 00 00 ...
05-04 11:35:49.464: [u2m] 24274415 net sock0 MACRAW rx len=342
05-04 11:35:49.465: [u2m] 24277302 sock0 RECV
05-04 11:35:49.513: [u2tap] drain len=298 ff ff ff ff ff ff 00 08 dc a2 a2 a2 08 00 45 00 01 1c 34 12 40 00 40 11 44 22 c0 a8 00 f5 ff ff ff ff 00 44 00 43 01 08 35 04 01 01 06 00 01 02 03 04 00 00 00 00 00 00 00 00 00 00 00 00 00 00 ...
05-04 11:35:49.515: [u2tap] core0-pre len=298 ff ff ff ff ff ff 00 08 dc a2 a2 a2 08 00 45 00 01 1c 34 12 40 00 40 11 44 22 c0 a8 00 f5 ff ff ff ff 00 44 00 43 01 08 35 04 01 01 06 00 01 02 03 04 00 00 00 00 00 00 00 00 00 00 00 00 00 00 ...
05-04 11:35:49.516: [u2tap] core0-post len=298 ff ff ff ff ff ff 88 a2 9e 48 22 7a 08 00 45 00 01 1c 34 12 40 00 40 11 44 22 c0 a8 00 f5 ff ff ff ff 00 44 00 43 01 08 35 04 01 01 06 00 01 02 03 04 00 00 00 00 00 00 00 00 00 00 00 00 00 00 ...
05-04 11:35:49.517: [u2eth] TX itf=w0 tot_len=298 ff ff ff ff ff ff 88 a2 9e 48 22 7a 08 00 45 00 01 1c 34 12 40 00 40 11 44 22 c0 a8 00 f5 ff ff ff ff 00 44 00 43 01 08 35 04 01 01 06 00 01 02 03 04 00 00 00 00 00 00 00 00 00 00 00 00 00 00 ...
05-04 11:35:49.518: [u2m] 24282821 sock0 SEND
05-04 11:35:49.518: [u2m] 24282830 net sock0 MACRAW ptrs len=298 rd=0x06D8 wr=0x0802 rdm=0xD8 wrm=0x02
05-04 11:35:49.518: [u2m] 24282856 net sock0 MACRAW tx len=298
05-04 11:35:49.518: [u2m] 24349318 net sock0 MACRAW tx len=298
05-04 11:35:49.641: [u2eth] RX itf=w0 tot_len=63 ff ff ff ff ff ff 00 11 32 39 c1 2a 08 00 45 00 00 31 36 40 40 00 40 11 82 22 c0 a8 00 0a c0 a8 00 ff b9 4b 7e 9c 00 1d cf 33 4d 2d 53 45 41 52 43 48 20 2a 20 48 54 54 50 2f 31 2e 31 0d 0a
05-04 11:35:49.693: [u2eth] RX itf=w0 tot_len=63 ff ff ff ff ff ff 00 11 32 39 c1 2a 08 00 45 00 00 31 e4 3d 40 00 40 11 d4 23 c0 a8 00 0b c0 a8 00 ff 82 a3 7e 9c 00 1d 05 db 4d 2d 53 45 41 52 43 48 20 2a 20 48 54 54 50 2f 31 2e 31 0d 0a
05-04 11:35:49.694: [u2m] 24503749 net sock0 MACRAW rx len=63
05-04 11:35:49.694: [u2m] 24508120 net sock0 MACRAW rx len=63
05-04 11:35:49.743: [u2m] 24535068 sock0 RECV
05-04 11:35:49.744: [u2m] 24543919 sock0 RECV
05-04 11:35:49.903: [u2eth] TX itf=w0 tot_len=42 ff ff ff ff ff ff 88 a2 9e 48 22 7a 08 06 00 01 08 00 06 04 00 01 00 08 dc a2 a2 a2 c0 a8 00 f5 00 00 00 00 00 00 c0 a8 00 9a
05-04 11:35:49.954: [u2m] 24735119 sock0 SEND
05-04 11:35:49.955: [u2m] 24735130 net sock0 MACRAW ptrs len=42 rd=0x0802 wr=0x082C rdm=0x02 wrm=0x2C
05-04 11:35:49.955: [u2m] 24735135 net sock0 MACRAW tx len=42
05-04 11:35:49.955: [u2m] 24768326 net sock0 MACRAW tx len=42
05-04 11:35:50.610: [u2eth] RX itf=w0 tot_len=60 ff ff ff ff ff ff 00 0c 29 2c bb f0 08 06 00 01 08 00 06 04 00 01 00 0c 29 2c bb f0 c0 a8 00 01 00 00 00 00 00 00 c0 a8 00 d6 00 00 00 00 00 00 00 00 00 00 00 00 00 00 00 00 00 00
05-04 11:35:50.662: [u2m] 25473010 net sock0 MACRAW rx len=60
05-04 11:35:53.269: [u2m] 28114146 sock0 RECV
05-04 11:35:53.967: [u2eth] RX itf=w0 tot_len=60 ff ff ff ff ff ff 00 0c 29 2c bb f0 08 06 00 01 08 00 06 04 00 01 00 0c 29 2c bb f0 c0 a8 00 01 00 00 00 00 00 00 c0 a8 00 d6 00 00 00 00 00 00 00 00 00 00 00 00 00 00 00 00 00 00
05-04 11:35:54.019: [u2m] 28829608 net sock0 MACRAW rx len=60
05-04 11:35:54.068: [u2m] 28839072 sock0 RECV
05-04 11:35:54.323: [u2macraw] tx_q=0 tx_q_drop=0 rx_noroom=0 rx_toobig=0
05-04 11:35:54.573: [u2eth] RX itf=w0 tot_len=60 ff ff ff ff ff ff 00 0c 29 2c bb f0 08 06 00 01 08 00 06 04 00 01 00 0c 29 2c bb f0 c0 a8 00 01 00 00 00 00 00 00 c0 a8 00 d6 00 00 00 00 00 00 00 00 00 00 00 00 00 00 00 00 00 00
05-04 11:35:54.626: [u2m] 29435842 net sock0 MACRAW rx len=60
05-04 11:35:54.675: [u2m] 29444105 sock0 RECV
05-04 11:35:54.879: [u2eth] RX itf=w0 tot_len=63 ff ff ff ff ff ff 00 11 32 39 c1 2a 08 00 45 00 00 31 3d 77 40 00 40 11 7a eb c0 a8 00 0a c0 a8 00 ff b9 4b 7e 9c 00 1d cf 33 4d 2d 53 45 41 52 43 48 20 2a 20 48 54 54 50 2f 31 2e 31 0d 0a
05-04 11:35:54.931: [u2eth] RX itf=w0 tot_len=63 ff ff ff ff ff ff 00 11 32 39 c1 2a 08 00 45 00 00 31 eb 21 40 00 40 11 cd 3f c0 a8 00 0b c0 a8 00 ff 82 a3 7e 9c 00 1d 05 db 4d 2d 53 45 41 52 43 48 20 2a 20 48 54 54 50 2f 31 2e 31 0d 0a
05-04 11:35:54.932: [u2m] 29741275 net sock0 MACRAW rx len=63
05-04 11:35:54.932: [u2m] 29742800 sock0 RECV
05-04 11:35:54.932: [u2m] 29745636 net sock0 MACRAW rx len=63
05-04 11:35:54.981: [u2m] 29755147 sock0 RECV
05-04 11:35:55.190: [u2eth] RX itf=w0 tot_len=63 ff ff ff ff ff ff 00 11 32 39 c1 2a 08 00 45 00 00 31 3d 8b 40 00 40 11 7a d7 c0 a8 00 0a c0 a8 00 ff 88 2d 7e 9e 00 1d 00 50 4d 2d 53 45 41 52 43 48 20 2a 20 48 54 54 50 2f 31 2e 31 0d 0a
05-04 11:35:55.243: [u2eth] RX itf=w0 tot_len=63 ff ff ff ff ff ff 00 11 32 39 c1 2a 08 00 45 00 00 31 eb b6 40 00 40 11 cc aa c0 a8 00 0b c0 a8 00 ff b8 d9 7e 9e 00 1d cf a2 4d 2d 53 45 41 52 43 48 20 2a 20 48 54 54 50 2f 31 2e 31 0d 0a
05-04 11:35:55.244: [u2m] 30053218 net sock0 MACRAW rx len=63
05-04 11:35:55.245: [u2m] 30057561 net sock0 MACRAW rx len=63
05-04 11:35:55.245: [u2m] 30062235 sock0 RECV
05-04 11:35:55.293: [u2m] 30068654 sock0 RECV
05-04 11:35:57.303: [u2eth] TX itf=w0 tot_len=42 ff ff ff ff ff ff 88 a2 9e 48 22 7a 08 06 00 01 08 00 06 04 00 01 00 08 dc a2 a2 a2 c0 a8 00 f5 00 00 00 00 00 00 c0 a8 00 9a
05-04 11:35:57.355: [u2m] 32142188 sock0 SEND
05-04 11:35:57.355: [u2m] 32142199 net sock0 MACRAW ptrs len=42 rd=0x082C wr=0x0856 rdm=0x2C wrm=0x56
05-04 11:35:57.355: [u2m] 32142205 net sock0 MACRAW tx len=42
05-04 11:35:57.356: [u2m] 32168647 net sock0 MACRAW tx len=42
05-04 11:35:58.611: [u2eth] RX itf=w0 tot_len=60 ff ff ff ff ff ff 00 0c 29 2c bb f0 08 06 00 01 08 00 06 04 00 01 00 0c 29 2c bb f0 c0 a8 00 01 00 00 00 00 00 00 c0 a8 00 d6 00 00 00 00 00 00 00 00 00 00 00 00 00 00 00 00 00 00
05-04 11:35:58.663: [u2m] 33473552 net sock0 MACRAW rx len=60
05-04 11:35:58.712: [u2m] 33482697 sock0 RECV
05-04 11:35:59.167: [u2eth] RX itf=w0 tot_len=60 ff ff ff ff ff ff 50 14 79 d6 67 b3 08 06 00 01 08 00 06 04 00 01 50 14 79 d6 67 b3 c0 a8 00 e0 ff ff ff ff ff ff c0 a8 00 01 00 00 00 00 00 00 00 00 00 00 00 00 00 00 00 00 00 00
05-04 11:35:59.219: [u2m] 34029144 net sock0 MACRAW rx len=60
05-04 11:35:59.219: [u2m] 34033330 sock0 RECV
05-04 11:35:59.378: [u2macraw] tx_q=0 tx_q_drop=0 rx_noroom=0 rx_toobig=0
05-04 11:36:00.423: [u2eth] RX itf=w0 tot_len=63 ff ff ff ff ff ff 00 11 32 39 c1 2a 08 00 45 00 00 31 4d bb 40 00 40 11 6a a7 c0 a8 00 0a c0 a8 00 ff 88 2d 7e 9e 00 1d 00 50 4d 2d 53 45 41 52 43 48 20 2a 20 48 54 54 50 2f 31 2e 31 0d 0a
05-04 11:36:00.476: [u2eth] RX itf=w0 tot_len=63 ff ff ff ff ff ff 00 11 32 39 c1 2a 08 00 45 00 00 31 f6 43 40 00 40 11 c2 1d c0 a8 00 0b c0 a8 00 ff b8 d9 7e 9e 00 1d cf a2 4d 2d 53 45 41 52 43 48 20 2a 20 48 54 54 50 2f 31 2e 31 0d 0a
05-04 11:36:00.477: [u2m] 35286055 net sock0 MACRAW rx len=63
05-04 11:36:00.478: [u2m] 35290416 net sock0 MACRAW rx len=63
05-04 11:36:00.735: [u2eth] RX itf=w0 tot_len=60 ff ff ff ff ff ff 00 0c 29 2c bb f0 08 06 00 01 08 00 06 04 00 01 00 0c 29 2c bb f0 c0 a8 00 01 00 00 00 00 00 00 c0 a8 00 d6 00 00 00 00 00 00 00 00 00 00 00 00 00 00 00 00 00 00
05-04 11:36:00.787: [u2m] 35589852 sock0 RECV
05-04 11:36:00.787: [u2m] 35593610 sock0 RECV
05-04 11:36:00.787: [u2m] 35597229 net sock0 MACRAW rx len=60
05-04 11:36:00.837: [u2m] 35608599 sock0 RECV
05-04 11:36:01.490: [u2eth] TX itf=w0 tot_len=42 ff ff ff ff ff ff 88 a2 9e 48 22 7a 08 06 00 01 08 00 06 04 00 01 00 08 dc a2 a2 a2 c0 a8 00 f5 00 00 00 00 00 00 c0 a8 00 9a
05-04 11:36:01.543: [u2m] 36331028 sock0 SEND
05-04 11:36:01.543: [u2m] 36331038 net sock0 MACRAW ptrs len=42 rd=0x0856 wr=0x0880 rdm=0x56 wrm=0x80
05-04 11:36:01.543: [u2m] 36331044 net sock0 MACRAW tx len=42
05-04 11:36:01.544: [u2m] 36356855 net sock0 MACRAW tx len=42
05-04 11:36:01.949: [u2eth] RX itf=w0 tot_len=60 ff ff ff ff ff ff 00 0c 29 2c bb f0 08 06 00 01 08 00 06 04 00 01 00 0c 29 2c bb f0 c0 a8 00 01 00 00 00 00 00 00 c0 a8 00 e7 00 00 00 00 00 00 00 00 00 00 00 00 00 00 00 00 00 00
05-04 11:36:02.001: [u2eth] RX itf=w0 tot_len=60 ff ff ff ff ff ff 00 50 56 b6 20 cd 08 06 00 01 08 00 06 04 00 01 00 50 56 b6 20 cd c0 a8 00 05 00 00 00 00 00 00 c0 a8 00 04 00 00 00 00 00 00 00 00 00 00 00 00 00 00 00 00 00 00
05-04 11:36:02.003: [u2eth] RX itf=w0 tot_len=60 ff ff ff ff ff ff 00 50 56 9a 7f 3a 08 06 00 01 08 00 06 04 00 01 00 50 56 9a 7f 3a c0 a8 00 04 00 00 00 00 00 00 c0 a8 00 05 00 00 00 00 00 00 00 00 00 00 00 00 00 00 00 00 00 00
05-04 11:36:02.003: [u2m] 36811401 net sock0 MACRAW rx len=60
05-04 11:36:02.003: [u2m] 36814954 sock0 RECV
05-04 11:36:02.004: [u2m] 36815567 net sock0 MACRAW rx len=60
05-04 11:36:02.004: [u2m] 36818316 sock0 RECV
05-04 11:36:02.004: [u2m] 36820106 net sock0 MACRAW rx len=60
05-04 11:36:02.004: [u2m] 36821658 sock0 RECV
05-04 11:36:03.817: [u2eth] RX itf=w0 tot_len=60 ff ff ff ff ff ff 00 0c 29 2c bb f0 08 06 00 01 08 00 06 04 00 01 00 0c 29 2c bb f0 c0 a8 00 01 00 00 00 00 00 00 c0 a8 00 d6 00 00 00 00 00 00 00 00 00 00 00 00 00 00 00 00 00 00
05-04 11:36:03.868: [u2m] 38680059 net sock0 MACRAW rx len=60
05-04 11:36:04.380: [u2macraw] tx_q=0 tx_q_drop=0 rx_noroom=0 rx_toobig=0
05-04 11:36:04.723: [u2eth] RX itf=w0 tot_len=60 ff ff ff ff ff ff 00 0c 29 2c bb f0 08 06 00 01 08 00 06 04 00 01 00 0c 29 2c bb f0 c0 a8 00 01 00 00 00 00 00 00 c0 a8 00 d6 00 00 00 00 00 00 00 00 00 00 00 00 00 00 00 00 00 00
05-04 11:36:04.775: [u2eth] RX itf=w0 tot_len=63 ff ff ff ff ff ff 00 11 32 39 c1 2a 08 00 45 00 00 31 55 ef 40 00 40 11 62 73 c0 a8 00 0a c0 a8 00 ff b9 4b 7e 9c 00 1d cf 33 4d 2d 53 45 41 52 43 48 20 2a 20 48 54 54 50 2f 31 2e 31 0d 0a
05-04 11:36:04.776: [u2eth] RX itf=w0 tot_len=63 ff ff ff ff ff ff 00 11 32 39 c1 2a 08 00 45 00 00 31 06 2a 40 00 40 11 b2 37 c0 a8 00 0b c0 a8 00 ff 82 a3 7e 9c 00 1d 05 db 4d 2d 53 45 41 52 43 48 20 2a 20 48 54 54 50 2f 31 2e 31 0d 0a
05-04 11:36:04.776: [u2m] 39586265 net sock0 MACRAW rx len=60
05-04 11:36:04.776: [u2m] 39590422 net sock0 MACRAW rx len=63
05-04 11:36:04.776: [u2m] 39595175 net sock0 MACRAW rx len=63
05-04 11:36:05.340: [u2eth] RX itf=w0 tot_len=63 ff ff ff ff ff ff 00 11 32 39 c1 2a 08 00 45 00 00 31 56 35 40 00 40 11 62 2d c0 a8 00 0a c0 a8 00 ff 88 2d 7e 9e 00 1d 00 50 4d 2d 53 45 41 52 43 48 20 2a 20 48 54 54 50 2f 31 2e 31 0d 0a
05-04 11:36:05.392: [u2eth] RX itf=w0 tot_len=63 ff ff ff ff ff ff 00 11 32 39 c1 2a 08 00 45 00 00 31 06 bc 40 00 40 11 b1 a5 c0 a8 00 0b c0 a8 00 ff b8 d9 7e 9e 00 1d cf a2 4d 2d 53 45 41 52 43 48 20 2a 20 48 54 54 50 2f 31 2e 31 0d 0a
05-04 11:36:05.393: [u2eth] RX itf=w0 tot_len=60 ff ff ff ff ff ff 00 0c 29 2c bb f0 08 06 00 01 08 00 06 04 00 01 00 0c 29 2c bb f0 c0 a8 00 01 00 00 00 00 00 00 c0 a8 00 d6 00 00 00 00 00 00 00 00 00 00 00 00 00 00 00 00 00 00
05-04 11:36:05.393: [u2m] 40203052 net sock0 MACRAW rx len=63
05-04 11:36:05.393: [u2m] 40207412 net sock0 MACRAW rx len=63
05-04 11:36:05.394: [u2m] 40212133 net sock0 MACRAW rx len=60
05-04 12:01:16.203: [u2] init
05-04 12:01:16.205: [u2m] U2 activity monitor on (UART 460800); bus+socket+net events; ring=256 flush<=128/call
05-04 12:01:16.255: [u2] ip65 debug: U2_IP65_CHECKPOINT=0 (0=off; 1..5=bisect; cmake -DU2_IP65_CHECKPOINT=n)

05-04 12:01:16.255: Megaflash DEBUG Firmware Version 33 (V1.2.1-eo)
05-04 12:01:16.256: Firmware build: 2026-05-03 03:55:51 UTC  (1777780551 Unix s)
05-04 12:01:16.256: CPU Clock Speed =150MHz
05-04 12:01:16.256: clk_peri =150MHz
05-04 12:01:16.256: SPI Speed = 75MHz
05-04 12:01:16.257: WIFI Supported = Yes
05-04 12:01:16.257: Total heap = 125376
05-04 12:01:16.257: Free heap  = 124264
05-04 12:01:17.736: Version: 7.95.49 (2271bb6 CY) CRC: b7a28ef3 Date: Mon 2021-11-29 22:50:27 PST Ucode Ver: 1043.2162 FWID 01-c51d9400
05-04 12:01:17.940: cyw43 loaded ok, mac 88:a2:9e:48:22:7a
05-04 12:01:17.940: [u2m] 4543 reset


05-04 12:01:17.988: #     #                          #######
05-04 12:01:17.989: ##   ##  ######   ####     ##    #        #         ##     ####   #    #
05-04 12:01:17.989: # # # #  #       #    #   #  #   #        #        #  #   #       #    #
05-04 12:01:17.990: #  #  #  #####   #       #    #  #####    #       #    #   ####   ######
05-04 12:01:17.990: #     #  #       #  ###  ######  #        #       ######       #  #    #
05-04 12:01:17.990: #     #  #       #    #  #    #  #        #       #    #  #    #  #    #
05-04 12:01:17.991: #     #  ######   ####   #    #  #        ######  #    #   ####   #    #

05-04 12:01:17.991: Main Menu
05-04 12:01:17.991: =========

05-04 12:01:17.992: 1) Device Information
05-04 12:01:17.992: 2) Upload ProDOS Image file to MegaFlash
05-04 12:01:17.992: 3) Download ProDOS Image file from MegaFlash
05-04 12:01:17.992: 4) Erase Flash Content

05-04 12:01:17.993: Please Select:[u2] init
05-04 12:01:56.446: [u2m] U2 activity monitor on (UART 460800); bus+socket+net events; ring=256 flush<=128/call
05-04 12:01:56.496: [u2] ip65 debug: U2_IP65_CHECKPOINT=0 (0=off; 1..5=bisect; cmake -DU2_IP65_CHECKPOINT=n)

05-04 12:01:56.496: Megaflash DEBUG Firmware Version 33 (V1.2.1-eo)
05-04 12:01:56.497: Firmware build: 2026-05-03 03:55:51 UTC  (1777780551 Unix s)
05-04 12:01:56.497: CPU Clock Speed =150MHz
05-04 12:01:56.497: clk_peri =150MHz
05-04 12:01:56.497: SPI Speed = 75MHz
05-04 12:01:56.497: WIFI Supported = Yes
05-04 12:01:56.497: Total heap = 125376
05-04 12:01:56.497: Free heap  = 124264
05-04 12:01:58.418: Version: 7.95.49 (2271bb6 CY) CRC: b7a28ef3 Date: Mon 2021-11-29 22:50:27 PST Ucode Ver: 1043.2162 FWID 01-c51d9400
05-04 12:01:58.619: cyw43 loaded ok, mac 88:a2:9e:48:22:7a
05-04 12:01:58.620: [u2m] 9821 reset


05-04 12:01:58.673: #     #                          #######
05-04 12:01:58.673: ##   ##  ######   ####     ##    #        #         ##     ####   #    #
05-04 12:01:58.673: # # # #  #       #    #   #  #   #        #        #  #   #       #    #
05-04 12:01:58.674: #  #  #  #####   #       #    #  #####    #       #    #   ####   ######
05-04 12:01:58.674: #     #  #       #  ###  ######  #        #       ######       #  #    #
05-04 12:01:58.675: #     #  #       #    #  #    #  #        #       #    #  #    #  #    #
05-04 12:01:58.675: #     #  ######   ####   #    #  #        ######  #    #   ####   #    #

05-04 12:01:58.675: Main Menu
05-04 12:01:58.675: =========

05-04 12:01:58.676: 1) Device Information
05-04 12:01:58.676: 2) Upload ProDOS Image file to MegaFlash
05-04 12:01:58.676: 3) Download ProDOS Image file from MegaFlash
05-04 12:01:58.677: 4) Erase Flash Content

05-04 12:01:58.677: Please Select:[u2] init
05-04 12:02:07.913: [u2m] U2 activity monitor on (UART 460800); bus+socket+net events; ring=256 flush<=128/call
05-04 12:02:07.913: [u2] ip65 debug: U2_IP65_CHECKPOINT=0 (0=off; 1..5=bisect; cmake -DU2_IP65_CHECKPOINT=n)

05-04 12:02:07.913: Megaflash DEBUG Firmware Version 33 (V1.2.1-eo)
05-04 12:02:07.914: Firmware build: 2026-05-03 03:55:51 UTC  (1777780551 Unix s)
05-04 12:02:07.914: CPU Clock Speed =150MHz
05-04 12:02:07.914: clk_peri =150MHz
05-04 12:02:07.914: SPI Speed = 75MHz
05-04 12:02:07.914: WIFI Supported = Yes
05-04 12:02:07.914: Total heap = 125376
05-04 12:02:07.914: Free heap  = 124264
05-04 12:02:11.239: Version: 7.95.49 (2271bb6 CY) CRC: b7a28ef3 Date: Mon 2021-11-29 22:50:27 PST Ucode Ver: 1043.2162 FWID 01-c51d9400
05-04 12:02:11.434: cyw43 loaded ok, mac 88:a2:9e:48:22:7a
05-04 12:02:11.435: [u2m] 4547 reset
05-04 12:02:11.435: GetNetworkTime()
05-04 12:02:11.485: NETPUMP: begin op=1 label=NTP taskid=0
05-04 12:02:11.534: API: 12.2
05-04 12:02:11.535: Data: RaspberryPi.PicoW
05-04 12:02:11.535: Compiler: 1.29.4
05-04 12:02:11.535: ClmImport: 1.47.1
05-04 12:02:11.536: Customization: v5 22/06/24
05-04 12:02:11.536: Creation: 2022-06-24 06:55:08

05-04 12:02:11.643: SSID=OIS-new

05-04 12:02:11.644: Connecting to Wifi Attempt:#1
05-04 12:02:11.644: connect status: 1
05-04 12:02:15.657: connect status: 2
05-04 12:02:17.411: connect status: 3
05-04 12:02:17.411: link_status=3
05-04 12:02:17.411: WIFI connected
05-04 12:02:17.411: IP address: 192.168.0.238
05-04 12:02:17.463: Gateway: 192.168.0.1
05-04 12:02:17.463: Netmask: 255.255.255.0
05-04 12:02:17.463: DNS Server: 192.168.0.1
05-04 12:02:17.463: CreateUdpPcb() pcb = 0x20016fb0
05-04 12:02:17.463: NTP: EvtStart()
05-04 12:02:17.463: DNSLooup(): waiting for callback
05-04 12:02:17.464: NTP: EvtDNSResult dnserr=0
05-04 12:02:17.464: EvtDNSResult(): IP Addr = 108.32.93.57
05-04 12:02:17.464: Sending NTP Request Attempt: #1
05-04 12:02:17.512: NTP: EvtUDPReceived len=48 port=123
05-04 12:02:17.513: NTP: Valid response: mode=0x04 stratum=2
05-04 12:02:17.514: NTP: unix epoch = 1777910537
05-04 12:02:17.514: NETPUMP: end op=1 label=NTP taskid=0
05-04 12:02:17.514: GetNTP err=11 (11=NETERR_NONE)
05-04 12:02:17.629: [u2eth] RX itf=w0 tot_len=60 ff ff ff ff ff ff 50 14 79 d6 67 b3 08 06 00 01 08 00 06 04 00 01 50 14 79 d6 67 b3 c0 a8 00 e0 ff ff ff ff ff ff c0 a8 00 01 00 00 00 00 00 00 00 00 00 00 00 00 00 00 00 00 00 00
05-04 12:02:20.035: [u2eth] RX itf=w0 tot_len=63 ff ff ff ff ff ff 00 11 32 39 c1 2a 08 00 45 00 00 31 68 2d 40 00 40 11 50 35 c0 a8 00 0a c0 a8 00 ff b9 4b 7e 9c 00 1d cf 33 4d 2d 53 45 41 52 43 48 20 2a 20 48 54 54 50 2f 31 2e 31 0d 0a
05-04 12:02:20.087: [u2eth] RX itf=w0 tot_len=63 ff ff ff ff ff ff 00 11 32 39 c1 2a 08 00 45 00 00 31 05 de 40 00 40 11 b2 83 c0 a8 00 0b c0 a8 00 ff 82 a3 7e 9c 00 1d 05 db 4d 2d 53 45 41 52 43 48 20 2a 20 48 54 54 50 2f 31 2e 31 0d 0a
05-04 12:02:20.088: [u2eth] RX itf=w0 tot_len=60 ff ff ff ff ff ff 00 0c 29 2c bb f0 08 06 00 01 08 00 06 04 00 01 00 0c 29 2c bb f0 c0 a8 00 01 00 00 00 00 00 00 c0 a8 00 d6 00 00 00 00 00 00 00 00 00 00 00 00 00 00 00 00 00 00
05-04 12:02:20.649: [u2eth] RX itf=w0 tot_len=63 ff ff ff ff ff ff 00 11 32 39 c1 2a 08 00 45 00 00 31 68 e4 40 00 40 11 4f 7e c0 a8 00 0a c0 a8 00 ff 88 2d 7e 9e 00 1d 00 50 4d 2d 53 45 41 52 43 48 20 2a 20 48 54 54 50 2f 31 2e 31 0d 0a
05-04 12:02:20.701: [u2eth] RX itf=w0 tot_len=63 ff ff ff ff ff ff 00 11 32 39 c1 2a 08 00 45 00 00 31 06 e0 40 00 40 11 b1 81 c0 a8 00 0b c0 a8 00 ff b8 d9 7e 9e 00 1d cf a2 4d 2d 53 45 41 52 43 48 20 2a 20 48 54 54 50 2f 31 2e 31 0d 0a
05-04 12:02:21.609: [u2eth] RX itf=w0 tot_len=60 ff ff ff ff ff ff 00 0c 29 2c bb f0 08 06 00 01 08 00 06 04 00 01 00 0c 29 2c bb f0 c0 a8 00 01 00 00 00 00 00 00 c0 a8 00 d6 00 00 00 00 00 00 00 00 00 00 00 00 00 00 00 00 00 00
05-04 12:02:22.571: [u2macraw] tx_q=0 tx_q_drop=0 rx_noroom=0 rx_toobig=0
05-04 12:02:23.866: [u2m] 15978911 sock0 OPEN mr=0x44 port=0 ok
05-04 12:02:23.916: [u2tap] drain len=292 ff ff ff ff ff ff 00 08 dc a2 a2 a2 08 00 45 00 01 15 34 12 40 00 40 11 05 c7 00 00 00 00 ff ff ff ff 00 44 00 43 01 01 c4 59 01 01 06 00 01 02 03 04 00 00 80 00 00 00 00 00 00 00 00 00 00 00 ...
05-04 12:02:23.968: [u2tap] core0-pre len=292 ff ff ff ff ff ff 00 08 dc a2 a2 a2 08 00 45 00 01 15 34 12 40 00 40 11 05 c7 00 00 00 00 ff ff ff ff 00 44 00 43 01 01 c4 59 01 01 06 00 01 02 03 04 00 00 80 00 00 00 00 00 00 00 00 00 00 00 ...
05-04 12:02:23.970: [u2tap] core0-post len=292 ff ff ff ff ff ff 88 a2 9e 48 22 7a 08 00 45 00 01 15 34 12 40 00 40 11 05 c7 00 00 00 00 ff ff ff ff 00 44 00 43 01 01 c4 59 01 01 06 00 01 02 03 04 00 00 80 00 00 00 00 00 00 00 00 00 00 00 ...
05-04 12:02:23.970: [u2eth] TX itf=w0 tot_len=292 ff ff ff ff ff ff 88 a2 9e 48 22 7a 08 00 45 00 01 15 34 12 40 00 40 11 05 c7 00 00 00 00 ff ff ff ff 00 44 00 43 01 01 c4 59 01 01 06 00 01 02 03 04 00 00 80 00 00 00 00 00 00 00 00 00 00 00 ...
05-04 12:02:23.971: [u2m] 15985090 sock0 SEND
05-04 12:02:23.971: [u2m] 15985112 net sock0 MACRAW ptrs len=292 rd=0x0000 wr=0x0124 rdm=0x00 wrm=0x24
05-04 12:02:23.972: [u2m] 16049075 net sock0 MACRAW tx len=292
05-04 12:02:24.018: [u2tap] drain len=292 ff ff ff ff ff ff 00 08 dc a2 a2 a2 08 00 45 00 01 15 34 12 40 00 40 11 05 c7 00 00 00 00 ff ff ff ff 00 44 00 43 01 01 c4 59 01 01 06 00 01 02 03 04 00 00 80 00 00 00 00 00 00 00 00 00 00 00 ...
05-04 12:02:24.019: [u2tap] core0-pre len=292 ff ff ff ff ff ff 00 08 dc a2 a2 a2 08 00 45 00 01 15 34 12 40 00 40 11 05 c7 00 00 00 00 ff ff ff ff 00 44 00 43 01 01 c4 59 01 01 06 00 01 02 03 04 00 00 80 00 00 00 00 00 00 00 00 00 00 00 ...
05-04 12:02:24.020: [u2tap] core0-post len=292 ff ff ff ff ff ff 88 a2 9e 48 22 7a 08 00 45 00 01 15 34 12 40 00 40 11 05 c7 00 00 00 00 ff ff ff ff 00 44 00 43 01 01 c4 59 01 01 06 00 01 02 03 04 00 00 80 00 00 00 00 00 00 00 00 00 00 00 ...
05-04 12:02:24.021: [u2eth] TX itf=w0 tot_len=292 ff ff ff ff ff ff 88 a2 9e 48 22 7a 08 00 45 00 01 15 34 12 40 00 40 11 05 c7 00 00 00 00 ff ff ff ff 00 44 00 43 01 01 c4 59 01 01 06 00 01 02 03 04 00 00 80 00 00 00 00 00 00 00 00 00 00 00 ...
05-04 12:02:24.022: [u2m] 16054902 sock0 SEND
05-04 12:02:24.022: [u2m] 16054914 net sock0 MACRAW ptrs len=292 rd=0x0124 wr=0x0248 rdm=0x24 wrm=0x48
05-04 12:02:24.069: [u2m] 16121177 net sock0 MACRAW tx len=292
05-04 12:02:24.069: [u2eth] RX itf=w0 tot_len=60 ff ff ff ff ff ff 00 0c 29 2c bb f0 08 06 00 01 08 00 06 04 00 01 00 0c 29 2c bb f0 c0 a8 00 01 00 00 00 00 00 00 c0 a8 00 d6 00 00 00 00 00 00 00 00 00 00 00 00 00 00 00 00 00 00
05-04 12:02:24.071: [u2eth] RX itf=w0 tot_len=813 ff ff ff ff ff ff b8 e9 37 de f1 32 08 00 45 00 03 1f 00 00 40 00 40 11 76 53 c0 a8 00 d3 ff ff ff ff 92 0e 07 6c 03 0b 8d 23 4e 4f 54 49 46 59 20 2a 20 48 54 54 50 2f 31 2e 31 0d 0a 48 4f 53 ...
05-04 12:02:24.120: [u2eth] RX itf=w0 tot_len=60 ff ff ff ff ff ff 00 0c 29 2c bb f0 08 06 00 01 08 00 06 04 00 01 00 0c 29 2c bb f0 c0 a8 00 01 00 00 00 00 00 00 c0 a8 00 f5 00 00 00 00 00 00 00 00 00 00 00 00 00 00 00 00 00 00
05-04 12:02:24.121: [u2m] 16174587 net sock0 MACRAW rx len=60
05-04 12:02:24.121: [u2m] 16178880 net sock0 MACRAW rx len=813
05-04 12:02:24.122: [u2m] 16183676 net sock0 MACRAW rx len=60
05-04 12:02:24.122: [u2m] 16189559 sock0 SEND
05-04 12:02:24.122: [u2m] 16189572 net sock0 MACRAW ptrs len=292 rd=0x0248 wr=0x036C rdm=0x48 wrm=0x6C
05-04 12:02:24.170: [u2tap] drain len=292 ff ff ff ff ff ff 00 08 dc a2 a2 a2 08 00 45 00 01 15 34 12 40 00 40 11 05 c7 00 00 00 00 ff ff ff ff 00 44 00 43 01 01 c4 59 01 01 06 00 01 02 03 04 00 00 80 00 00 00 00 00 00 00 00 00 00 00 ...
05-04 12:02:24.172: [u2tap] core0-pre len=292 ff ff ff ff ff ff 00 08 dc a2 a2 a2 08 00 45 00 01 15 34 12 40 00 40 11 05 c7 00 00 00 00 ff ff ff ff 00 44 00 43 01 01 c4 59 01 01 06 00 01 02 03 04 00 00 80 00 00 00 00 00 00 00 00 00 00 00 ...
05-04 12:02:24.173: [u2tap] core0-post len=292 ff ff ff ff ff ff 88 a2 9e 48 22 7a 08 00 45 00 01 15 34 12 40 00 40 11 05 c7 00 00 00 00 ff ff ff ff 00 44 00 43 01 01 c4 59 01 01 06 00 01 02 03 04 00 00 80 00 00 00 00 00 00 00 00 00 00 00 ...
05-04 12:02:24.174: [u2eth] TX itf=w0 tot_len=292 ff ff ff ff ff ff 88 a2 9e 48 22 7a 08 00 45 00 01 15 34 12 40 00 40 11 05 c7 00 00 00 00 ff ff ff ff 00 44 00 43 01 01 c4 59 01 01 06 00 01 02 03 04 00 00 80 00 00 00 00 00 00 00 00 00 00 00 ...
05-04 12:02:24.175: [u2m] 16198183 sock0 RECV
05-04 12:02:24.175: [u2m] 16211178 sock0 RECV
05-04 12:02:24.175: [u2m] 16220014 sock0 RECV
05-04 12:02:24.175: [u2m] 16262258 net sock0 MACRAW tx len=292
05-04 12:02:24.300: [u2tap] drain len=292 ff ff ff ff ff ff 00 08 dc a2 a2 a2 08 00 45 00 01 15 34 12 40 00 40 11 05 c7 00 00 00 00 ff ff ff ff 00 44 00 43 01 01 c4 59 01 01 06 00 01 02 03 04 00 00 80 00 00 00 00 00 00 00 00 00 00 00 ...
05-04 12:02:24.353: [u2tap] core0-pre len=292 ff ff ff ff ff ff 00 08 dc a2 a2 a2 08 00 45 00 01 15 34 12 40 00 40 11 05 c7 00 00 00 00 ff ff ff ff 00 44 00 43 01 01 c4 59 01 01 06 00 01 02 03 04 00 00 80 00 00 00 00 00 00 00 00 00 00 00 ...
05-04 12:02:24.354: [u2tap] core0-post len=292 ff ff ff ff ff ff 88 a2 9e 48 22 7a 08 00 45 00 01 15 34 12 40 00 40 11 05 c7 00 00 00 00 ff ff ff ff 00 44 00 43 01 01 c4 59 01 01 06 00 01 02 03 04 00 00 80 00 00 00 00 00 00 00 00 00 00 00 ...
05-04 12:02:24.355: [u2eth] TX itf=w0 tot_len=292 ff ff ff ff ff ff 88 a2 9e 48 22 7a 08 00 45 00 01 15 34 12 40 00 40 11 05 c7 00 00 00 00 ff ff ff ff 00 44 00 43 01 01 c4 59 01 01 06 00 01 02 03 04 00 00 80 00 00 00 00 00 00 00 00 00 00 00 ...
05-04 12:02:24.355: [u2m] 16387169 sock0 SEND
05-04 12:02:24.356: [u2m] 16387179 net sock0 MACRAW ptrs len=292 rd=0x036C wr=0x0490 rdm=0x6C wrm=0x90
05-04 12:02:24.356: [u2m] 16433825 net sock0 MACRAW tx len=292
05-04 12:02:24.572: [u2tap] drain len=292 ff ff ff ff ff ff 00 08 dc a2 a2 a2 08 00 45 00 01 15 34 12 40 00 40 11 05 c7 00 00 00 00 ff ff ff ff 00 44 00 43 01 01 c4 59 01 01 06 00 01 02 03 04 00 00 80 00 00 00 00 00 00 00 00 00 00 00 ...
05-04 12:02:24.626: [u2tap] core0-pre len=292 ff ff ff ff ff ff 00 08 dc a2 a2 a2 08 00 45 00 01 15 34 12 40 00 40 11 05 c7 00 00 00 00 ff ff ff ff 00 44 00 43 01 01 c4 59 01 01 06 00 01 02 03 04 00 00 80 00 00 00 00 00 00 00 00 00 00 00 ...
05-04 12:02:24.627: [u2tap] core0-post len=292 ff ff ff ff ff ff 88 a2 9e 48 22 7a 08 00 45 00 01 15 34 12 40 00 40 11 05 c7 00 00 00 00 ff ff ff ff 00 44 00 43 01 01 c4 59 01 01 06 00 01 02 03 04 00 00 80 00 00 00 00 00 00 00 00 00 00 00 ...
05-04 12:02:24.628: [u2eth] TX itf=w0 tot_len=292 ff ff ff ff ff ff 88 a2 9e 48 22 7a 08 00 45 00 01 15 34 12 40 00 40 11 05 c7 00 00 00 00 ff ff ff ff 00 44 00 43 01 01 c4 59 01 01 06 00 01 02 03 04 00 00 80 00 00 00 00 00 00 00 00 00 00 00 ...
05-04 12:02:24.628: [u2m] 16643637 sock0 SEND
05-04 12:02:24.629: [u2m] 16643646 net sock0 MACRAW ptrs len=292 rd=0x0490 wr=0x05B4 rdm=0x90 wrm=0xB4
05-04 12:02:24.629: [u2m] 16706150 net sock0 MACRAW tx len=292
05-04 12:02:24.895: [u2tap] drain len=292 ff ff ff ff ff ff 00 08 dc a2 a2 a2 08 00 45 00 01 15 34 12 40 00 40 11 05 c7 00 00 00 00 ff ff ff ff 00 44 00 43 01 01 c4 59 01 01 06 00 01 02 03 04 00 00 80 00 00 00 00 00 00 00 00 00 00 00 ...
05-04 12:02:24.947: [u2tap] core0-pre len=292 ff ff ff ff ff ff 00 08 dc a2 a2 a2 08 00 45 00 01 15 34 12 40 00 40 11 05 c7 00 00 00 00 ff ff ff ff 00 44 00 43 01 01 c4 59 01 01 06 00 01 02 03 04 00 00 80 00 00 00 00 00 00 00 00 00 00 00 ...
05-04 12:02:24.948: [u2tap] core0-post len=292 ff ff ff ff ff ff 88 a2 9e 48 22 7a 08 00 45 00 01 15 34 12 40 00 40 11 05 c7 00 00 00 00 ff ff ff ff 00 44 00 43 01 01 c4 59 01 01 06 00 01 02 03 04 00 00 80 00 00 00 00 00 00 00 00 00 00 00 ...
05-04 12:02:24.949: [u2eth] TX itf=w0 tot_len=292 ff ff ff ff ff ff 88 a2 9e 48 22 7a 08 00 45 00 01 15 34 12 40 00 40 11 05 c7 00 00 00 00 ff ff ff ff 00 44 00 43 01 01 c4 59 01 01 06 00 01 02 03 04 00 00 80 00 00 00 00 00 00 00 00 00 00 00 ...
05-04 12:02:24.950: [u2m] 16965075 sock0 SEND
05-04 12:02:24.950: [u2m] 16965084 net sock0 MACRAW ptrs len=292 rd=0x05B4 wr=0x06D8 rdm=0xB4 wrm=0xD8
05-04 12:02:24.950: [u2m] 17028458 net sock0 MACRAW tx len=292
05-04 12:02:24.996: [u2eth] RX itf=w0 tot_len=63 ff ff ff ff ff ff 00 11 32 39 c1 2a 08 00 45 00 00 31 74 a5 40 00 40 11 43 bd c0 a8 00 0a c0 a8 00 ff b9 4b 7e 9c 00 1d cf 33 4d 2d 53 45 41 52 43 48 20 2a 20 48 54 54 50 2f 31 2e 31 0d 0a
05-04 12:02:24.997: [u2eth] RX itf=w0 tot_len=63 ff ff ff ff ff ff 00 11 32 39 c1 2a 08 00 45 00 00 31 13 bb 40 00 40 11 a4 a6 c0 a8 00 0b c0 a8 00 ff 82 a3 7e 9c 00 1d 05 db 4d 2d 53 45 41 52 43 48 20 2a 20 48 54 54 50 2f 31 2e 31 0d 0a
05-04 12:02:24.999: [u2m] 17081875 net sock0 MACRAW rx len=63
05-04 12:02:24.999: [u2m] 17086225 net sock0 MACRAW rx len=63
05-04 12:02:25.047: [u2m] 17103618 sock0 RECV
05-04 12:02:25.047: [u2m] 17112457 sock0 RECV
05-04 12:02:25.279: [u2tap] drain len=292 ff ff ff ff ff ff 00 08 dc a2 a2 a2 08 00 45 00 01 15 34 12 40 00 40 11 05 c7 00 00 00 00 ff ff ff ff 00 44 00 43 01 01 c4 59 01 01 06 00 01 02 03 04 00 00 80 00 00 00 00 00 00 00 00 00 00 00 ...
05-04 12:02:25.330: [u2tap] core0-pre len=292 ff ff ff ff ff ff 00 08 dc a2 a2 a2 08 00 45 00 01 15 34 12 40 00 40 11 05 c7 00 00 00 00 ff ff ff ff 00 44 00 43 01 01 c4 59 01 01 06 00 01 02 03 04 00 00 80 00 00 00 00 00 00 00 00 00 00 00 ...
05-04 12:02:25.330: [u2tap] core0-post len=292 ff ff ff ff ff ff 88 a2 9e 48 22 7a 08 00 45 00 01 15 34 12 40 00 40 11 05 c7 00 00 00 00 ff ff ff ff 00 44 00 43 01 01 c4 59 01 01 06 00 01 02 03 04 00 00 80 00 00 00 00 00 00 00 00 00 00 00 ...
05-04 12:02:25.331: [u2eth] TX itf=w0 tot_len=292 ff ff ff ff ff ff 88 a2 9e 48 22 7a 08 00 45 00 01 15 34 12 40 00 40 11 05 c7 00 00 00 00 ff ff ff ff 00 44 00 43 01 01 c4 59 01 01 06 00 01 02 03 04 00 00 80 00 00 00 00 00 00 00 00 00 00 00 ...
05-04 12:02:25.332: [u2eth] RX itf=w0 tot_len=342 ff ff ff ff ff ff 00 0c 29 2c bb f0 08 00 45 10 01 48 00 00 00 00 80 11 78 ec c0 a8 00 01 ff ff ff ff 00 43 00 44 01 34 ad 34 02 01 06 00 01 02 03 04 00 00 80 00 00 00 00 00 c0 a8 00 f5 00 00 ...
05-04 12:02:25.333: [u2eth] RX itf=w0 tot_len=60 ff ff ff ff ff ff 00 0c 29 2c bb f0 08 06 00 01 08 00 06 04 00 01 00 0c 29 2c bb f0 c0 a8 00 01 00 00 00 00 00 00 c0 a8 00 d6 00 00 00 00 00 00 00 00 00 00 00 00 00 00 00 00 00 00
05-04 12:02:25.334: [u2m] 17344775 sock0 SEND
05-04 12:02:25.334: [u2m] 17344787 net sock0 MACRAW ptrs len=292 rd=0x06D8 wr=0x07FC rdm=0xD8 wrm=0xFC
05-04 12:02:25.334: [u2m] 17412390 net sock0 MACRAW tx len=292
05-04 12:02:25.334: [u2m] 17412590 net sock0 MACRAW rx len=342
05-04 12:02:25.335: [u2m] 17417329 net sock0 MACRAW rx len=60
05-04 12:02:25.335: [u2m] 17419957 sock0 RECV
05-04 12:02:25.335: [u2m] 17425456 sock0 SEND
05-04 12:02:25.335: [u2m] 17425467 net sock0 MACRAW ptrs len=298 rd=0x07FC wr=0x0926 rdm=0xFC wrm=0x26
05-04 12:02:25.379: [u2tap] drain len=298 ff ff ff ff ff ff 00 08 dc a2 a2 a2 08 00 45 00 01 1c 34 12 40 00 40 11 44 22 c0 a8 00 f5 ff ff ff ff 00 44 00 43 01 08 35 04 01 01 06 00 01 02 03 04 00 00 00 00 00 00 00 00 00 00 00 00 00 00 ...
05-04 12:02:25.381: [u2tap] core0-pre len=298 ff ff ff ff ff ff 00 08 dc a2 a2 a2 08 00 45 00 01 1c 34 12 40 00 40 11 44 22 c0 a8 00 f5 ff ff ff ff 00 44 00 43 01 08 35 04 01 01 06 00 01 02 03 04 00 00 00 00 00 00 00 00 00 00 00 00 00 00 ...
05-04 12:02:25.382: [u2tap] core0-post len=298 ff ff ff ff ff ff 88 a2 9e 48 22 7a 08 00 45 00 01 1c 34 12 40 00 40 11 44 22 c0 a8 00 f5 ff ff ff ff 00 44 00 43 01 08 35 04 01 01 06 00 01 02 03 04 00 00 00 00 00 00 00 00 00 00 00 00 00 00 ...
05-04 12:02:25.382: [u2eth] TX itf=w0 tot_len=298 ff ff ff ff ff ff 88 a2 9e 48 22 7a 08 00 45 00 01 1c 34 12 40 00 40 11 44 22 c0 a8 00 f5 ff ff ff ff 00 44 00 43 01 08 35 04 01 01 06 00 01 02 03 04 00 00 00 00 00 00 00 00 00 00 00 00 00 00 ...
05-04 12:02:25.432: [u2m] 17434056 sock0 RECV
05-04 12:02:25.432: [u2m] 17498901 net sock0 MACRAW tx len=298
05-04 12:02:25.586: [u2eth] RX itf=w0 tot_len=342 ff ff ff ff ff ff 00 0c 29 2c bb f0 08 00 45 10 01 48 00 00 00 00 80 11 78 ec c0 a8 00 01 ff ff ff ff 00 43 00 44 01 34 ad 34 02 01 06 00 01 02 03 04 00 00 80 00 00 00 00 00 c0 a8 00 f5 00 00 ...
05-04 12:02:25.638: [u2eth] RX itf=w0 tot_len=342 ff ff ff ff ff ff 00 0c 29 2c bb f0 08 00 45 10 01 48 00 00 00 00 80 11 78 ec c0 a8 00 01 ff ff ff ff 00 43 00 44 01 34 ad 34 02 01 06 00 01 02 03 04 00 00 80 00 00 00 00 00 c0 a8 00 f5 00 00 ...
05-04 12:02:25.639: [u2eth] RX itf=w0 tot_len=342 ff ff ff ff ff ff 00 0c 29 2c bb f0 08 00 45 10 01 48 00 00 00 00 80 11 78 ec c0 a8 00 01 ff ff ff ff 00 43 00 44 01 34 ad 34 02 01 06 00 01 02 03 04 00 00 80 00 00 00 00 00 c0 a8 00 f5 00 00 ...
05-04 12:02:25.640: [u2eth] RX itf=w0 tot_len=342 ff ff ff ff ff ff 00 0c 29 2c bb f0 08 00 45 10 01 48 00 00 00 00 80 11 78 ec c0 a8 00 01 ff ff ff ff 00 43 00 44 01 34 ad 34 02 01 06 00 01 02 03 04 00 00 80 00 00 00 00 00 c0 a8 00 f5 00 00 ...
05-04 12:02:25.641: [u2eth] RX itf=w0 tot_len=63 ff ff ff ff ff ff 00 11 32 39 c1 2a 08 00 45 00 00 31 75 ee 40 00 40 11 42 74 c0 a8 00 0a c0 a8 00 ff 88 2d 7e 9e 00 1d 00 50 4d 2d 53 45 41 52 43 48 20 2a 20 48 54 54 50 2f 31 2e 31 0d 0a
05-04 12:02:25.642: [u2eth] RX itf=w0 tot_len=63 ff ff ff ff ff ff 00 11 32 39 c1 2a 08 00 45 00 00 31 14 d7 40 00 40 11 a3 8a c0 a8 00 0b c0 a8 00 ff b8 d9 7e 9e 00 1d cf a2 4d 2d 53 45 41 52 43 48 20 2a 20 48 54 54 50 2f 31 2e 31 0d 0a
05-04 12:02:25.642: [u2m] 17700637 net sock0 MACRAW rx len=342
05-04 12:02:25.642: [u2m] 17704196 sock0 RECV
05-04 12:02:25.642: [u2m] 17705252 net sock0 MACRAW rx len=342
05-04 12:02:25.642: [u2m] 17710133 net sock0 MACRAW rx len=342
05-04 12:02:25.642: [u2m] 17715048 net sock0 MACRAW rx len=342
05-04 12:02:25.642: [u2m] 17719948 net sock0 MACRAW rx len=63
05-04 12:02:25.642: [u2m] 17724696 net sock0 MACRAW rx len=63
05-04 12:02:25.643: [u2m] 17725129 sock0 SEND
05-04 12:02:25.643: [u2m] 17725138 net sock0 MACRAW ptrs len=42 rd=0x0926 wr=0x0950 rdm=0x26 wrm=0x50
05-04 12:02:25.688: [u2m] 17735378 sock0 RECV
05-04 12:02:25.689: [u2eth] TX itf=w0 tot_len=42 ff ff ff ff ff ff 88 a2 9e 48 22 7a 08 06 00 01 08 00 06 04 00 01 00 08 dc a2 a2 a2 c0 a8 00 f5 00 00 00 00 00 00 c0 a8 00 9a
05-04 12:02:25.690: [u2m] 17740151 sock0 RECV
05-04 12:02:25.690: [u2m] 17791533 net sock0 MACRAW tx len=42
05-04 12:02:27.579: [u2macraw] tx_q=0 tx_q_drop=0 rx_noroom=0 rx_toobig=0
05-04 12:02:28.830: [u2m] 20911686 sock0 RECV
05-04 12:02:28.831: [u2m] 20915445 sock0 RECV
05-04 12:02:28.831: [u2m] 20919038 sock0 RECV
05-04 12:02:28.982: [u2eth] RX itf=w0 tot_len=60 ff ff ff ff ff ff 00 0c 29 2c bb f0 08 06 00 01 08 00 06 04 00 01 00 0c 29 2c bb f0 c0 a8 00 01 00 00 00 00 00 00 c0 a8 00 d6 00 00 00 00 00 00 00 00 00 00 00 00 00 00 00 00 00 00
05-04 12:02:29.033: [u2m] 21096221 net sock0 MACRAW rx len=60
05-04 12:02:29.033: [u2m] 21097253 sock0 RECV
05-04 12:02:30.188: [u2eth] RX itf=w0 tot_len=63 ff ff ff ff ff ff 00 11 32 39 c1 2a 08 00 45 00 00 31 82 8f 40 00 40 11 35 d3 c0 a8 00 0a c0 a8 00 ff b9 4b 7e 9c 00 1d cf 33 4d 2d 53 45 41 52 43 48 20 2a 20 48 54 54 50 2f 31 2e 31 0d 0a
05-04 12:02:30.239: [u2eth] RX itf=w0 tot_len=63 ff ff ff ff ff ff 00 11 32 39 c1 2a 08 00 45 00 00 31 24 90 40 00 40 11 93 d1 c0 a8 00 0b c0 a8 00 ff 82 a3 7e 9c 00 1d 05 db 4d 2d 53 45 41 52 43 48 20 2a 20 48 54 54 50 2f 31 2e 31 0d 0a
05-04 12:02:30.240: [u2m] 22302422 net sock0 MACRAW rx len=63
05-04 12:02:30.240: [u2m] 22306467 sock0 RECV
05-04 12:02:30.240: [u2m] 22306766 net sock0 MACRAW rx len=63
05-04 12:02:30.240: [u2m] 22310229 sock0 RECV
05-04 12:02:30.500: [u2eth] RX itf=w0 tot_len=63 ff ff ff ff ff ff 00 11 32 39 c1 2a 08 00 45 00 00 31 83 ee 40 00 40 11 34 74 c0 a8 00 0a c0 a8 00 ff 88 2d 7e 9e 00 1d 00 50 4d 2d 53 45 41 52 43 48 20 2a 20 48 54 54 50 2f 31 2e 31 0d 0a
05-04 12:02:30.552: [u2eth] RX itf=w0 tot_len=63 ff ff ff ff ff ff 00 11 32 39 c1 2a 08 00 45 00 00 31 24 f8 40 00 40 11 93 69 c0 a8 00 0b c0 a8 00 ff b8 d9 7e 9e 00 1d cf a2 4d 2d 53 45 41 52 43 48 20 2a 20 48 54 54 50 2f 31 2e 31 0d 0a
05-04 12:02:30.554: [u2m] 22614751 net sock0 MACRAW rx len=63
05-04 12:02:30.554: [u2m] 22619094 net sock0 MACRAW rx len=63
05-04 12:02:30.555: [u2m] 22620560 sock0 RECV
05-04 12:02:30.602: [u2m] 22627184 sock0 RECV
05-04 12:02:31.712: [u2eth] RX itf=w0 tot_len=42 ff ff ff ff ff ff b8 e9 37 de f1 32 08 06 00 01 08 00 06 04 00 01 b8 e9 37 de f1 32 c0 a8 00 d3 00 00 00 00 00 00 c0 a8 00 d3
05-04 12:02:31.765: [u2m] 23826994 net sock0 MACRAW rx len=42
05-04 12:02:32.017: [u2eth] RX itf=w0 tot_len=60 ff ff ff ff ff ff 00 0c 29 2c bb f0 08 06 00 01 08 00 06 04 00 01 00 0c 29 2c bb f0 c0 a8 00 01 00 00 00 00 00 00 c0 a8 00 d6 00 00 00 00 00 00 00 00 00 00 00 00 00 00 00 00 00 00
05-04 12:02:32.067: [u2m] 24131131 net sock0 MACRAW rx len=60
05-04 12:02:32.627: [u2macraw] tx_q=0 tx_q_drop=0 rx_noroom=0 rx_toobig=0
05-04 12:02:33.873: [u2eth] RX itf=w0 tot_len=60 ff ff ff ff ff ff 00 0c 29 2c bb f0 08 06 00 01 08 00 06 04 00 01 00 0c 29 2c bb f0 c0 a8 00 01 00 00 00 00 00 00 c0 a8 00 d6 00 00 00 00 00 00 00 00 00 00 00 00 00 00 00 00 00 00
05-04 12:02:33.924: [u2m] 25987631 net sock0 MACRAW rx len=60
05-04 12:02:34.128: [u2eth] TX itf=w0 tot_len=42 ff ff ff ff ff ff 88 a2 9e 48 22 7a 08 06 00 01 08 00 06 04 00 01 00 08 dc a2 a2 a2 c0 a8 00 f5 00 00 00 00 00 00 c0 a8 00 9a
05-04 12:02:34.180: [u2m] 26211592 sock0 SEND
05-04 12:02:34.180: [u2m] 26211604 net sock0 MACRAW ptrs len=42 rd=0x0950 wr=0x097A rdm=0x50 wrm=0x7A
05-04 12:02:34.181: [u2m] 26220135 sock0 RECV
05-04 12:02:34.181: [u2m] 26223500 sock0 RECV
05-04 12:02:34.181: [u2m] 26226842 sock0 RECV
05-04 12:02:34.181: [u2m] 26245751 net sock0 MACRAW tx len=42
05-04 12:02:35.086: [u2eth] RX itf=w0 tot_len=63 ff ff ff ff ff ff 00 11 32 39 c1 2a 08 00 45 00 00 31 86 4b 40 00 40 11 32 17 c0 a8 00 0a c0 a8 00 ff b9 4b 7e 9c 00 1d cf 33 4d 2d 53 45 41 52 43 48 20 2a 20 48 54 54 50 2f 31 2e 31 0d 0a
05-04 12:02:35.139: [u2eth] RX itf=w0 tot_len=63 ff ff ff ff ff ff 00 11 32 39 c1 2a 08 00 45 00 00 31 35 68 40 00 40 11 82 f9 c0 a8 00 0b c0 a8 00 ff 82 a3 7e 9c 00 1d 05 db 4d 2d 53 45 41 52 43 48 20 2a 20 48 54 54 50 2f 31 2e 31 0d 0a
05-04 12:02:35.141: [u2m] 27201292 net sock0 MACRAW rx len=63
05-04 12:02:35.141: [u2m] 27205638 net sock0 MACRAW rx len=63
05-04 12:02:35.141: [u2m] 27207032 sock0 RECV
05-04 12:02:35.189: [u2m] 27213655 sock0 RECV
05-04 12:02:35.398: [u2eth] RX itf=w0 tot_len=60 ff ff ff ff ff ff 00 0c 29 2c bb f0 08 06 00 01 08 00 06 04 00 01 00 0c 29 2c bb f0 c0 a8 00 01 00 00 00 00 00 00 c0 a8 00 d6 00 00 00 00 00 00 00 00 00 00 00 00 00 00 00 00 00 00
05-04 12:02:35.450: [u2eth] RX itf=w0 tot_len=63 ff ff ff ff ff ff 00 11 32 39 c1 2a 08 00 45 00 00 31 87 5f 40 00 40 11 31 03 c0 a8 00 0a c0 a8 00 ff 88 2d 7e 9e 00 1d 00 50 4d 2d 53 45 41 52 43 48 20 2a 20 48 54 54 50 2f 31 2e 31 0d 0a
05-04 12:02:35.451: [u2eth] RX itf=w0 tot_len=63 ff ff ff ff ff ff 00 11 32 39 c1 2a 08 00 45 00 00 31 37 28 40 00 40 11 81 39 c0 a8 00 0b c0 a8 00 ff b8 d9 7e 9e 00 1d cf a2 4d 2d 53 45 41 52 43 48 20 2a 20 48 54 54 50 2f 31 2e 31 0d 0a
05-04 12:02:35.452: [u2m] 27513214 net sock0 MACRAW rx len=60
05-04 12:02:35.452: [u2m] 27514988 sock0 RECV
05-04 12:02:35.452: [u2m] 27517364 net sock0 MACRAW rx len=63
05-04 12:02:35.452: [u2m] 27518358 sock0 RECV
05-04 12:02:35.453: [u2m] 27522095 net sock0 MACRAW rx len=63
05-04 12:02:35.453: [u2m] 27524789 sock0 RECV
05-04 12:02:36.917: [u2eth] RX itf=w0 tot_len=60 ff ff ff ff ff ff 00 0c 29 2c bb f0 08 06 00 01 08 00 06 04 00 01 00 0c 29 2c bb f0 c0 a8 00 01 00 00 00 00 00 00 c0 a8 00 d6 00 00 00 00 00 00 00 00 00 00 00 00 00 00 00 00 00 00
05-04 12:02:36.969: [u2m] 29032065 net sock0 MACRAW rx len=60
05-04 12:02:37.625: [u2macraw] tx_q=0 tx_q_drop=0 rx_noroom=0 rx_toobig=0
05-04 12:02:37.928: [u2m] 29999452 sock0 RECV
05-04 12:02:38.174: [u2eth] RX itf=w0 tot_len=60 ff ff ff ff ff ff 00 0c 29 2c bb f0 08 06 00 01 08 00 06 04 00 01 00 0c 29 2c bb f0 c0 a8 00 01 00 00 00 00 00 00 c0 a8 00 d6 00 00 00 00 00 00 00 00 00 00 00 00 00 00 00 00 00 00
05-04 12:02:38.226: [u2m] 30288577 net sock0 MACRAW rx len=60
05-04 12:02:38.276: [u2m] 30297727 sock0 RECV
05-04 12:02:38.629: [u2eth] TX itf=w0 tot_len=42 ff ff ff ff ff ff 88 a2 9e 48 22 7a 08 06 00 01 08 00 06 04 00 01 00 08 dc a2 a2 a2 c0 a8 00 f5 00 00 00 00 00 00 c0 a8 00 9a
05-04 12:02:38.681: [u2m] 30739526 sock0 SEND
05-04 12:02:38.682: [u2m] 30739536 net sock0 MACRAW ptrs len=42 rd=0x097A wr=0x09A4 rdm=0x7A wrm=0xA4
05-04 12:02:38.682: [u2m] 30746884 net sock0 MACRAW tx len=42
05-04 12:02:38.785: [u2eth] RX itf=w0 tot_len=60 ff ff ff ff ff ff 50 14 79 d6 67 b3 08 06 00 01 08 00 06 04 00 01 50 14 79 d6 67 b3 c0 a8 00 e0 ff ff ff ff ff ff c0 a8 00 01 00 00 00 00 00 00 00 00 00 00 00 00 00 00 00 00 00 00
05-04 12:02:38.838: [u2eth] RX itf=w0 tot_len=117 ff ff ff ff ff ff 48 a9 8a 19 46 12 08 00 45 00 00 67 6a 22 00 00 ff 11 90 b8 c0 a8 00 03 ff ff ff ff 16 2e 16 2e 00 53 dd d8 60 22 01 00 00 01 00 06 48 a9 8a 19 46 12 00 05 00 08 4d 69 6b 72 ...
05-04 12:02:38.839: [u2m] 30900359 net sock0 MACRAW rx len=60
05-04 12:02:38.840: [u2m] 30904512 net sock0 MACRAW rx len=117
05-04 12:02:38.840: [u2m] 30905622 sock0 RECV
05-04 12:02:38.840: [u2m] 30909316 sock0 RECV
05-04 12:02:40.302: [u2eth] RX itf=w0 tot_len=60 ff ff ff ff ff ff 00 0c 29 2c bb f0 08 06 00 01 08 00 06 04 00 01 00 0c 29 2c bb f0 c0 a8 00 01 00 00 00 00 00 00 c0 a8 00 d6 00 00 00 00 00 00 00 00 00 00 00 00 00 00 00 00 00 00
05-04 12:02:40.354: [u2m] 32413140 net sock0 MACRAW rx len=60
05-04 12:02:40.604: [u2eth] RX itf=w0 tot_len=63 ff ff ff ff ff ff 00 11 32 39 c1 2a 08 00 45 00 00 31 89 b5 40 00 40 11 2e ad c0 a8 00 0a c0 a8 00 ff 88 2d 7e 9e 00 1d 00 50 4d 2d 53 45 41 52 43 48 20 2a 20 48 54 54 50 2f 31 2e 31 0d 0a
05-04 12:02:40.656: [u2eth] RX itf=w0 tot_len=63 ff ff ff ff ff ff 00 11 32 39 c1 2a 08 00 45 00 00 31 39 cf 40 00 40 11 7e 92 c0 a8 00 0b c0 a8 00 ff b8 d9 7e 9e 00 1d cf a2 4d 2d 53 45 41 52 43 48 20 2a 20 48 54 54 50 2f 31 2e 31 0d 0a
05-04 12:02:40.657: [u2eth] RX itf=w0 tot_len=60 ff ff ff ff ff ff 10 9a dd 6f 6a 42 08 06 00 01 08 00 06 04 00 01 10 9a dd 6f 6a 42 c0 a8 00 13 00 00 00 00 00 00 c0 a8 00 d6 00 00 00 00 00 00 00 00 00 00 00 00 00 00 00 00 00 00
05-04 12:02:40.658: [u2m] 32718417 net sock0 MACRAW rx len=63
05-04 12:02:40.658: [u2m] 32722760 net sock0 MACRAW rx len=63
05-04 12:02:40.658: [u2m] 32727485 net sock0 MACRAW rx len=60
05-04 12:02:42.681: [u2macraw] tx_q=0 tx_q_drop=0 rx_noroom=0 rx_toobig=0
05-04 12:02:44.022: [u2eth] RX itf=w0 tot_len=60 ff ff ff ff ff ff 00 0c 29 2c bb f0 08 06 00 01 08 00 06 04 00 01 00 0c 29 2c bb f0 c0 a8 00 01 00 00 00 00 00 00 c0 a8 00 d6 00 00 00 00 00 00 00 00 00 00 00 00 00 00 00 00 00 00
05-04 12:02:44.075: [u2m] 36136801 net sock0 MACRAW rx len=60
05-04 12:02:44.327: [u2eth] RX itf=w0 tot_len=60 ff ff ff ff ff ff 08 36 c9 84 36 9b 08 06 00 01 08 00 06 04 00 01 08 36 c9 84 36 9b c0 a8 00 cd 00 00 00 00 00 00 c0 a8 00 01 00 00 00 00 00 00 00 00 00 00 00 00 00 00 00 00 00 00
05-04 12:02:44.380: [u2eth] RX itf=w0 tot_len=60 ff ff ff ff ff ff 08 36 c9 84 36 9b 08 06 00 01 08 00 06 04 00 01 08 36 c9 84 36 9b c0 a8 00 cd 00 00 00 00 00 00 c0 a8 00 f0 00 00 00 00 00 00 00 00 00 00 00 00 00 00 00 00 00 00
05-04 12:02:44.381: [u2eth] RX itf=w0 tot_len=60 ff ff ff ff ff ff 08 36 c9 84 36 9b 08 06 00 01 08 00 06 04 00 01 08 36 c9 84 36 9b c0 a8 00 cd 00 00 00 00 00 00 c0 a8 00 eb 00 00 00 00 00 00 00 00 00 00 00 00 00 00 00 00 00 00
05-04 12:02:44.382: [u2eth] RX itf=w0 tot_len=60 ff ff ff ff ff ff 08 36 c9 84 36 9b 08 06 00 01 08 00 06 04 00 01 08 36 c9 84 36 9b c0 a8 00 cd 00 00 00 00 00 00 c0 a8 00 e0 00 00 00 00 00 00 00 00 00 00 00 00 00 00 00 00 00 00
05-04 12:02:44.383: [u2eth] RX itf=w0 tot_len=60 ff ff ff ff ff ff 08 36 c9 84 36 9b 08 06 00 01 08 00 06 04 00 01 08 36 c9 84 36 9b c0 a8 00 cd 00 00 00 00 00 00 c0 a8 00 db 00 00 00 00 00 00 00 00 00 00 00 00 00 00 00 00 00 00
05-04 12:02:44.384: [u2m] 36442059 net sock0 MACRAW rx len=60
05-04 12:02:44.384: [u2m] 36446204 net sock0 MACRAW rx len=60
05-04 12:02:44.384: [u2m] 36450739 net sock0 MACRAW rx len=60
05-04 12:02:44.384: [u2m] 36455291 net sock0 MACRAW rx len=60
05-04 12:02:44.384: [u2m] 36459847 net sock0 MACRAW rx len=60
05-04 12:02:44.955: [u2eth] RX itf=w0 tot_len=60 ff ff ff ff ff ff 08 36 c9 84 36 9b 08 06 00 01 08 00 06 04 00 01 08 36 c9 84 36 9b c0 a8 00 cd 00 00 00 00 00 00 c0 a8 00 01 00 00 00 00 00 00 00 00 00 00 00 00 00 00 00 00 00 00
05-04 12:02:45.007: [u2eth] RX itf=w0 tot_len=60 ff ff ff ff ff ff 08 36 c9 84 36 9b 08 06 00 01 08 00 06 04 00 01 08 36 c9 84 36 9b c0 a8 00 cd 00 00 00 00 00 00 c0 a8 00 f0 00 00 00 00 00 00 00 00 00 00 00 00 00 00 00 00 00 00
05-04 12:02:45.008: [u2eth] RX itf=w0 tot_len=60 ff ff ff ff ff ff 08 36 c9 84 36 9b 08 06 00 01 08 00 06 04 00 01 08 36 c9 84 36 9b c0 a8 00 cd 00 00 00 00 00 00 c0 a8 00 eb 00 00 00 00 00 00 00 00 00 00 00 00 00 00 00 00 00 00
05-04 12:02:45.009: [u2eth] RX itf=w0 tot_len=60 ff ff ff ff ff ff 08 36 c9 84 36 9b 08 06 00 01 08 00 06 04 00 01 08 36 c9 84 36 9b c0 a8 00 cd 00 00 00 00 00 00 c0 a8 00 e0 00 00 00 00 00 00 00 00 00 00 00 00 00 00 00 00 00 00
05-04 12:02:45.009: [u2eth] RX itf=w0 tot_len=60 ff ff ff ff ff ff 08 36 c9 84 36 9b 08 06 00 01 08 00 06 04 00 01 08 36 c9 84 36 9b c0 a8 00 cd 00 00 00 00 00 00 c0 a8 00 db 00 00 00 00 00 00 00 00 00 00 00 00 00 00 00 00 00 00
05-04 12:02:45.010: [u2eth] RX itf=w0 tot_len=63 ff ff ff ff ff ff 00 11 32 39 c1 2a 08 00 45 00 00 31 8a 04 40 00 40 11 2e 5e c0 a8 00 0a c0 a8 00 ff b9 4b 7e 9c 00 1d cf 33 4d 2d 53 45 41 52 43 48 20 2a 20 48 54 54 50 2f 31 2e 31 0d 0a
05-04 12:02:45.010: [u2eth] RX itf=w0 tot_len=63 ff ff ff ff ff ff 00 11 32 39 c1 2a 08 00 45 00 00 31 4a fd 40 00 40 11 6d 64 c0 a8 00 0b c0 a8 00 ff 82 a3 7e 9c 00 1d 05 db 4d 2d 53 45 41 52 43 48 20 2a 20 48 54 54 50 2f 31 2e 31 0d 0a
05-04 12:02:45.011: [u2m] 37069423 net sock0 MACRAW rx len=60
05-04 12:02:45.011: [u2m] 37073569 net sock0 MACRAW rx len=60
05-04 12:02:45.011: [u2m] 37078105 net sock0 MACRAW rx len=60
05-04 12:02:45.011: [u2m] 37082657 net sock0 MACRAW rx len=60
05-04 12:02:45.011: [u2m] 37087212 net sock0 MACRAW rx len=60
05-04 12:02:45.011: [u2m] 37091767 net sock0 MACRAW rx len=63
05-04 12:02:45.057: [u2m] 37096533 net sock0 MACRAW rx len=63
05-04 12:02:45.543: [u2eth] RX itf=w0 tot_len=60 ff ff ff ff ff ff 08 36 c9 84 36 9b 08 06 00 01 08 00 06 04 00 01 08 36 c9 84 36 9b c0 a8 00 cd 00 00 00 00 00 00 c0 a8 00 01 00 00 00 00 00 00 00 00 00 00 00 00 00 00 00 00 00 00
05-04 12:02:45.596: [u2eth] RX itf=w0 tot_len=60 ff ff ff ff ff ff 08 36 c9 84 36 9b 08 06 00 01 08 00 06 04 00 01 08 36 c9 84 36 9b c0 a8 00 cd 00 00 00 00 00 00 c0 a8 00 f0 00 00 00 00 00 00 00 00 00 00 00 00 00 00 00 00 00 00
05-04 12:02:45.597: [u2eth] RX itf=w0 tot_len=60 ff ff ff ff ff ff 08 36 c9 84 36 9b 08 06 00 01 08 00 06 04 00 01 08 36 c9 84 36 9b c0 a8 00 cd 00 00 00 00 00 00 c0 a8 00 eb 00 00 00 00 00 00 00 00 00 00 00 00 00 00 00 00 00 00
05-04 12:02:45.598: [u2eth] RX itf=w0 tot_len=60 ff ff ff ff ff ff 08 36 c9 84 36 9b 08 06 00 01 08 00 06 04 00 01 08 36 c9 84 36 9b c0 a8 00 cd 00 00 00 00 00 00 c0 a8 00 e0 00 00 00 00 00 00 00 00 00 00 00 00 00 00 00 00 00 00
05-04 12:02:45.599: [u2eth] RX itf=w0 tot_len=60 ff ff ff ff ff ff 08 36 c9 84 36 9b 08 06 00 01 08 00 06 04 00 01 08 36 c9 84 36 9b c0 a8 00 cd 00 00 00 00 00 00 c0 a8 00 db 00 00 00 00 00 00 00 00 00 00 00 00 00 00 00 00 00 00
05-04 12:02:45.600: [u2eth] RX itf=w0 tot_len=63 ff ff ff ff ff ff 00 11 32 39 c1 2a 08 00 45 00 00 31 8a 15 40 00 40 11 2e 4d c0 a8 00 0a c0 a8 00 ff 88 2d 7e 9e 00 1d 00 50 4d 2d 53 45 41 52 43 48 20 2a 20 48 54 54 50 2f 31 2e 31 0d 0a
05-04 12:02:45.601: [u2eth] RX itf=w0 tot_len=63 ff ff ff ff ff ff 00 11 32 39 c1 2a 08 00 45 00 00 31 4c 24 40 00 40 11 6c 3d c0 a8 00 0b c0 a8 00 ff b8 d9 7e 9e 00 1d cf a2 4d 2d 53 45 41 52 43 48 20 2a 20 48 54 54 50 2f 31 2e 31 0d 0a
05-04 12:02:45.601: [u2m] 37658111 net sock0 MACRAW rx len=60
05-04 12:02:45.602: [u2m] 37662259 net sock0 MACRAW rx len=60
05-04 12:02:45.602: [u2m] 37666797 net sock0 MACRAW rx len=60
05-04 12:02:45.602: [u2m] 37671350 net sock0 MACRAW rx len=60
05-04 12:02:45.602: [u2m] 37675905 net sock0 MACRAW rx len=60
05-04 12:02:45.602: [u2m] 37680461 net sock0 MACRAW rx len=63
05-04 12:02:45.646: [u2m] 37685227 net sock0 MACRAW rx len=63
05-04 12:02:47.383: [u2eth] RX itf=w0 tot_len=60 ff ff ff ff ff ff 00 0c 29 2c bb f0 08 06 00 01 08 00 06 04 00 01 00 0c 29 2c bb f0 c0 a8 00 01 00 00 00 00 00 00 c0 a8 00 d6 00 00 00 00 00 00 00 00 00 00 00 00 00 00 00 00 00 00
05-04 12:02:47.435: [u2m] 39497246 net sock0 MACRAW rx len=60
05-04 12:02:47.691: [u2macraw] tx_q=0 tx_q_drop=0 rx_noroom=0 rx_toobig=0
05-04 12:02:48.938: [u2eth] RX itf=w0 tot_len=60 ff ff ff ff ff ff 00 0c 29 2c bb f0 08 06 00 01 08 00 06 04 00 01 00 0c 29 2c bb f0 c0 a8 00 01 00 00 00 00 00 00 c0 a8 00 d6 00 00 00 00 00 00 00 00 00 00 00 00 00 00 00 00 00 00
05-04 12:02:48.990: [u2m] 41053649 net sock0 MACRAW rx len=60
05-04 12:02:50.144: [u2eth] RX itf=w0 tot_len=63 ff ff ff ff ff ff 00 11 32 39 c1 2a 08 00 45 00 00 31 8b 90 40 00 40 11 2c d2 c0 a8 00 0a c0 a8 00 ff b9 4b 7e 9c 00 1d cf 33 4d 2d 53 45 41 52 43 48 20 2a 20 48 54 54 50 2f 31 2e 31 0d 0a
05-04 12:02:50.197: [u2eth] RX itf=w0 tot_len=63 ff ff ff ff ff ff 00 11 32 39 c1 2a 08 00 45 00 00 31 59 0c 40 00 40 11 5f 55 c0 a8 00 0b c0 a8 00 ff 82 a3 7e 9c 00 1d 05 db 4d 2d 53 45 41 52 43 48 20 2a 20 48 54 54 50 2f 31 2e 31 0d 0a
05-04 12:02:50.198: [u2m] 42259267 net sock0 MACRAW rx len=63
05-04 12:02:50.198: [u2m] 42263601 net sock0 MACRAW rx len=63
05-04 12:02:50.456: [u2eth] RX itf=w0 tot_len=63 ff ff ff ff ff ff 00 11 32 39 c1 2a 08 00 45 00 00 31 8b db 40 00 40 11 2c 87 c0 a8 00 0a c0 a8 00 ff 88 2d 7e 9e 00 1d 00 50 4d 2d 53 45 41 52 43 48 20 2a 20 48 54 54 50 2f 31 2e 31 0d 0a
05-04 12:02:50.508: [u2eth] RX itf=w0 tot_len=63 ff ff ff ff ff ff 00 11 32 39 c1 2a 08 00 45 00 00 31 5a 25 40 00 40 11 5e 3c c0 a8 00 0b c0 a8 00 ff b8 d9 7e 9e 00 1d cf a2 4d 2d 53 45 41 52 43 48 20 2a 20 48 54 54 50 2f 31 2e 31 0d 0a
05-04 12:02:50.509: [u2m] 42570426 net sock0 MACRAW rx len=63
05-04 12:02:50.510: [u2m] 42574758 net sock0 MACRAW rx len=63
05-04 12:02:51.367: [u2eth] RX itf=w0 tot_len=60 ff ff ff ff ff ff 00 0c 29 2c bb f0 08 06 00 01 08 00 06 04 00 01 00 0c 29 2c bb f0 c0 a8 00 01 00 00 00 00 00 00 c0 a8 00 d6 00 00 00 00 00 00 00 00 00 00 00 00 00 00 00 00 00 00
05-04 12:02:51.420: [u2m] 43481802 net sock0 MACRAW rx len=60
05-04 12:02:52.730: [u2macraw] tx_q=0 tx_q_drop=0 rx_noroom=0 rx_toobig=0
05-04 12:02:54.473: [u2eth] RX itf=w0 tot_len=60 ff ff ff ff ff ff 00 0c 29 2c bb f0 08 06 00 01 08 00 06 04 00 01 00 0c 29 2c bb f0 c0 a8 00 01 00 00 00 00 00 00 c0 a8 00 d6 00 00 00 00 00 00 00 00 00 00 00 00 00 00 00 00 00 00
05-04 12:02:54.527: [u2m] 46588752 net sock0 MACRAW rx len=60
05-04 12:02:55.079: [u2eth] RX itf=w0 tot_len=63 ff ff ff ff ff ff 00 11 32 39 c1 2a 08 00 45 00 00 31 95 e0 40 00 40 11 22 82 c0 a8 00 0a c0 a8 00 ff b9 4b 7e 9c 00 1d cf 33 4d 2d 53 45 41 52 43 48 20 2a 20 48 54 54 50 2f 31 2e 31 0d 0a
05-04 12:02:55.132: [u2eth] RX itf=w0 tot_len=63 ff ff ff ff ff ff 00 11 32 39 c1 2a 08 00 45 00 00 31 5d 1e 40 00 40 11 5b 43 c0 a8 00 0b c0 a8 00 ff 82 a3 7e 9c 00 1d 05 db 4d 2d 53 45 41 52 43 48 20 2a 20 48 54 54 50 2f 31 2e 31 0d 0a
05-04 12:02:55.132: [u2m] 47194161 net sock0 MACRAW rx len=63
05-04 12:02:55.133: [u2m] 47198503 net sock0 MACRAW rx len=63
05-04 12:02:55.390: [u2eth] RX itf=w0 tot_len=63 ff ff ff ff ff ff 00 11 32 39 c1 2a 08 00 45 00 00 31 97 6c 40 00 40 11 20 f6 c0 a8 00 0a c0 a8 00 ff 88 2d 7e 9e 00 1d 00 50 4d 2d 53 45 41 52 43 48 20 2a 20 48 54 54 50 2f 31 2e 31 0d 0a
05-04 12:02:55.442: [u2eth] RX itf=w0 tot_len=63 ff ff ff ff ff ff 00 11 32 39 c1 2a 08 00 45 00 00 31 5e 1a 40 00 40 11 5a 47 c0 a8 00 0b c0 a8 00 ff b8 d9 7e 9e 00 1d cf a2 4d 2d 53 45 41 52 43 48 20 2a 20 48 54 54 50 2f 31 2e 31 0d 0a
05-04 12:02:55.443: [u2m] 47505293 net sock0 MACRAW rx len=63
05-04 12:02:55.444: [u2m] 47509616 net sock0 MACRAW rx len=63
05-04 12:02:55.703: [u2eth] RX itf=w0 tot_len=62 ff ff ff ff ff ff 00 11 32 39 c1 2a 08 00 45 00 00 30 44 53 40 00 40 11 35 b8 c0 a8 00 0a ff ff ff ff 81 af fd e9 00 1c 01 b9 00 02 00 0c 01 04 ff ff ff ff 02 04 10 71 2e 75 f7 35 84 7f
05-04 12:02:55.755: [u2eth] RX itf=w0 tot_len=62 ff ff ff ff ff ff 00 11 32 39 c1 2a 08 00 45 00 00 30 44 5f 40 00 40 11 35 ac c0 a8 00 0a ff ff ff ff e4 a5 fd e9 00 1c 9e c2 00 02 00 0c 01 04 ff ff ff ff 02 04 10 71 2e 75 f7 35 84 7f
05-04 12:02:55.756: [u2eth] RX itf=w0 tot_len=62 ff ff ff ff ff ff 00 11 32 39 c1 2a 08 00 45 00 00 30 44 62 40 00 40 11 35 a9 c0 a8 00 0a ff ff ff ff 84 60 fd e9 00 1c ff 07 00 02 00 0c 01 04 ff ff ff ff 02 04 10 71 2e 75 f7 35 84 7f
05-04 12:02:55.757: [u2m] 47816432 net sock0 MACRAW rx len=62
05-04 12:02:55.757: [u2m] 47820699 net sock0 MACRAW rx len=62
05-04 12:02:55.757: [u2m] 47825371 net sock0 MACRAW rx len=62
05-04 12:02:57.779: [u2macraw] tx_q=0 tx_q_drop=0 rx_noroom=0 rx_toobig=0
05-04 12:02:59.670: [u2eth] RX itf=w0 tot_len=60 ff ff ff ff ff ff 50 14 79 d6 67 b3 08 06 00 01 08 00 06 04 00 01 50 14 79 d6 67 b3 c0 a8 00 e0 ff ff ff ff ff ff c0 a8 00 01 00 00 00 00 00 00 00 00 00 00 00 00 00 00 00 00 00 00
05-04 12:02:59.723: [u2m] 51784842 net sock0 MACRAW rx len=60
05-04 12:02:59.977: [u2eth] RX itf=w0 tot_len=63 ff ff ff ff ff ff 00 11 32 39 c1 2a 08 00 45 00 00 31 9a 97 40 00 40 11 1d cb c0 a8 00 0a c0 a8 00 ff b9 4b 7e 9c 00 1d cf 33 4d 2d 53 45 41 52 43 48 20 2a 20 48 54 54 50 2f 31 2e 31 0d 0a
05-04 12:03:00.029: [u2eth] RX itf=w0 tot_len=63 ff ff ff ff ff ff 00 11 32 39 c1 2a 08 00 45 00 00 31 60 80 40 00 40 11 57 e1 c0 a8 00 0b c0 a8 00 ff 82 a3 7e 9c 00 1d 05 db 4d 2d 53 45 41 52 43 48 20 2a 20 48 54 54 50 2f 31 2e 31 0d 0a
05-04 12:03:00.029: [u2m] 52090166 net sock0 MACRAW rx len=63
05-04 12:03:00.029: [u2m] 52094505 net sock0 MACRAW rx len=63
05-04 12:03:00.586: [u2eth] RX itf=w0 tot_len=60 ff ff ff ff ff ff 00 0c 29 2c bb f0 08 06 00 01 08 00 06 04 00 01 00 0c 29 2c bb f0 c0 a8 00 01 00 00 00 00 00 00 c0 a8 00 d6 00 00 00 00 00 00 00 00 00 00 00 00 00 00 00 00 00 00
05-04 12:03:00.638: [u2eth] RX itf=w0 tot_len=63 ff ff ff ff ff ff 00 11 32 39 c1 2a 08 00 45 00 00 31 9b af 40 00 40 11 1c b3 c0 a8 00 0a c0 a8 00 ff 88 2d 7e 9e 00 1d 00 50 4d 2d 53 45 41 52 43 48 20 2a 20 48 54 54 50 2f 31 2e 31 0d 0a
05-04 12:03:00.639: [u2eth] RX itf=w0 tot_len=63 ff ff ff ff ff ff 00 11 32 39 c1 2a 08 00 45 00 00 31 62 5c 40 00 40 11 56 05 c0 a8 00 0b c0 a8 00 ff b8 d9 7e 9e 00 1d cf a2 4d 2d 53 45 41 52 43 48 20 2a 20 48 54 54 50 2f 31 2e 31 0d 0a
05-04 12:03:00.640: [u2m] 52701426 net sock0 MACRAW rx len=60
05-04 12:03:00.640: [u2m] 52705573 net sock0 MACRAW rx len=63
05-04 12:03:00.640: [u2m] 52710307 net sock0 MACRAW rx len=63
05-04 12:03:02.808: [u2macraw] tx_q=0 tx_q_drop=0 rx_noroom=0 rx_toobig=0
05-04 12:03:03.355: [u2eth] RX itf=w0 tot_len=20 ff ff ff ff ff ff 06 42 00 5e 1c 5e 00 06 00 00 f5 81 80 00
05-04 12:03:03.407: [u2m] 55469660 net sock0 MACRAW rx len=20
05-04 12:03:03.657: [u2eth] RX itf=w0 tot_len=60 ff ff ff ff ff ff 00 0c 29 2c bb f0 08 06 00 01 08 00 06 04 00 01 00 0c 29 2c bb f0 c0 a8 00 01 00 00 00 00 00 00 c0 a8 00 d6 00 00 00 00 00 00 00 00 00 00 00 00 00 00 00 00 00 00
05-04 12:03:03.709: [u2eth] RX itf=w0 tot_len=348 ff ff ff ff ff ff 06 42 00 5e 1c 5e 08 00 45 10 01 4e 00 00 40 00 40 11 39 90 00 00 00 00 ff ff ff ff 00 44 00 43 01 3a 37 35 01 01 06 00 ae ff 12 d1 00 00 00 00 00 00 00 00 00 00 00 00 00 00 ...
05-04 12:03:03.710: [u2eth] RX itf=w0 tot_len=60 ff ff ff ff ff ff 00 0c 29 2c bb f0 08 06 00 01 08 00 06 04 00 01 00 0c 29 2c bb f0 c0 a8 00 01 00 00 00 00 00 00 c0 a8 00 ce 00 00 00 00 00 00 00 00 00 00 00 00 00 00 00 00 00 00
05-04 12:03:03.711: [u2m] 55772336 net sock0 MACRAW rx len=60
05-04 12:03:03.711: [u2m] 55776508 net sock0 MACRAW rx len=348
05-04 12:03:03.711: [u2m] 55781387 net sock0 MACRAW rx len=60
05-04 12:03:04.574: [u2eth] RX itf=w0 tot_len=348 ff ff ff ff ff ff 06 42 00 5e 1c 5e 08 00 45 10 01 4e 00 00 40 00 40 11 39 90 00 00 00 00 ff ff ff ff 00 44 00 43 01 3a 37 34 01 01 06 00 ae ff 12 d1 00 01 00 00 00 00 00 00 00 00 00 00 00 00 ...
05-04 12:03:04.626: [u2eth] RX itf=w0 tot_len=358 ff ff ff ff ff ff 06 42 00 5e 1c 5e 08 00 45 10 01 58 00 00 40 00 40 11 39 86 00 00 00 00 ff ff ff ff 00 44 00 43 01 44 4b 47 01 01 06 00 ae ff 12 d1 00 01 00 00 00 00 00 00 00 00 00 00 00 00 ...
05-04 12:03:04.627: [u2m] 56689244 net sock0 MACRAW rx len=348
05-04 12:03:04.627: [u2m] 56693821 net sock0 MACRAW rx len=358
05-04 12:03:04.886: [u2eth] RX itf=w0 tot_len=42 ff ff ff ff ff ff 06 42 00 5e 1c 5e 08 06 00 01 08 00 06 04 00 01 06 42 00 5e 1c 5e c0 a8 00 ce 00 00 00 00 00 00 c0 a8 00 01
05-04 12:03:04.937: [u2m] 57000807 net sock0 MACRAW rx len=42
05-04 12:03:05.190: [u2eth] RX itf=w0 tot_len=63 ff ff ff ff ff ff 00 11 32 39 c1 2a 08 00 45 00 00 31 9c 63 40 00 40 11 1b ff c0 a8 00 0a c0 a8 00 ff b9 4b 7e 9c 00 1d cf 33 4d 2d 53 45 41 52 43 48 20 2a 20 48 54 54 50 2f 31 2e 31 0d 0a
05-04 12:03:05.242: [u2eth] RX itf=w0 tot_len=63 ff ff ff ff ff ff 00 11 32 39 c1 2a 08 00 45 00 00 31 65 19 40 00 40 11 53 48 c0 a8 00 0b c0 a8 00 ff 82 a3 7e 9c 00 1d 05 db 4d 2d 53 45 41 52 43 48 20 2a 20 48 54 54 50 2f 31 2e 31 0d 0a
05-04 12:03:05.243: [u2m] 57304932 net sock0 MACRAW rx len=63
05-04 12:03:05.243: [u2m] 57309258 net sock0 MACRAW rx len=63
05-04 12:03:05.501: [u2eth] RX itf=w0 tot_len=60 ff ff ff ff ff ff 00 0c 29 2c bb f0 08 06 00 01 08 00 06 04 00 01 00 0c 29 2c bb f0 c0 a8 00 01 00 00 00 00 00 00 c0 a8 00 d6 00 00 00 00 00 00 00 00 00 00 00 00 00 00 00 00 00 00
05-04 12:03:05.553: [u2eth] RX itf=w0 tot_len=63 ff ff ff ff ff ff 00 11 32 39 c1 2a 08 00 45 00 00 31 9d a8 40 00 40 11 1a ba c0 a8 00 0a c0 a8 00 ff 88 2d 7e 9e 00 1d 00 50 4d 2d 53 45 41 52 43 48 20 2a 20 48 54 54 50 2f 31 2e 31 0d 0a
05-04 12:03:05.555: [u2eth] RX itf=w0 tot_len=63 ff ff ff ff ff ff 00 11 32 39 c1 2a 08 00 45 00 00 31 66 70 40 00 40 11 51 f1 c0 a8 00 0b c0 a8 00 ff b8 d9 7e 9e 00 1d cf a2 4d 2d 53 45 41 52 43 48 20 2a 20 48 54 54 50 2f 31 2e 31 0d 0a
05-04 12:03:05.556: [u2m] 57616090 net sock0 MACRAW rx len=60
05-04 12:03:05.556: [u2m] 57620230 net sock0 MACRAW rx len=63
05-04 12:03:05.556: [u2m] 57624969 net sock0 MACRAW rx len=63
05-04 12:03:06.768: [u2eth] RX itf=w0 tot_len=60 ff ff ff ff ff ff 00 50 56 9a 7f 3a 08 06 00 01 08 00 06 04 00 01 00 50 56 9a 7f 3a c0 a8 00 04 00 00 00 00 00 00 c0 a8 00 05 00 00 00 00 00 00 00 00 00 00 00 00 00 00 00 00 00 00
05-04 12:03:06.821: [u2eth] RX itf=w0 tot_len=60 ff ff ff ff ff ff 00 50 56 b6 20 cd 08 06 00 01 08 00 06 04 00 01 00 50 56 b6 20 cd c0 a8 00 05 00 00 00 00 00 00 c0 a8 00 04 00 00 00 00 00 00 00 00 00 00 00 00 00 00 00 00 00 00
05-04 12:03:06.822: [u2m] 58883066 net sock0 MACRAW rx len=60
05-04 12:03:06.822: [u2m] 58887210 net sock0 MACRAW rx len=60
05-04 12:03:07.833: [u2macraw] tx_q=0 tx_q_drop=0 rx_noroom=8 rx_toobig=0
05-04 12:03:08.880: [u2eth] RX itf=w0 tot_len=60 ff ff ff ff ff ff 00 0c 29 2c bb f0 08 06 00 01 08 00 06 04 00 01 00 0c 29 2c bb f0 c0 a8 00 01 00 00 00 00 00 00 c0 a8 00 d6 00 00 00 00 00 00 00 00 00 00 00 00 00 00 00 00 00 00
05-04 12:03:08.933: [u2eth] RX itf=w0 tot_len=60 ff ff ff ff ff ff 2c 44 fd 80 3b 64 08 06 00 01 08 00 06 04 00 01 2c 44 fd 80 3b 64 c0 a8 00 19 00 00 00 00 00 00 c0 a8 00 0e 00 00 00 00 00 00 00 00 00 00 00 00 00 00 00 00 00 00
05-04 12:03:08.934: [u2m] 60995146 net sock0 MACRAW rx len=60
05-04 12:03:08.934: [u2m] 60999292 net sock0 MACRAW rx len=60
05-04 12:03:10.141: [u2eth] RX itf=w0 tot_len=63 ff ff ff ff ff ff 00 11 32 39 c1 2a 08 00 45 00 00 31 ac 86 40 00 40 11 0b dc c0 a8 00 0a c0 a8 00 ff b9 4b 7e 9c 00 1d cf 33 4d 2d 53 45 41 52 43 48 20 2a 20 48 54 54 50 2f 31 2e 31 0d 0a
05-04 12:03:10.194: [u2eth] RX itf=w0 tot_len=63 ff ff ff ff ff ff 00 11 32 39 c1 2a 08 00 45 00 00 31 70 34 40 00 40 11 48 2d c0 a8 00 0b c0 a8 00 ff 82 a3 7e 9c 00 1d 05 db 4d 2d 53 45 41 52 43 48 20 2a 20 48 54 54 50 2f 31 2e 31 0d 0a
05-04 12:03:10.195: [u2m] 62256261 net sock0 MACRAW rx len=63
05-04 12:03:10.195: [u2m] 62260597 net sock0 MACRAW rx len=63
05-04 12:03:10.402: [u2eth] RX itf=w0 tot_len=63 ff ff ff ff ff ff 00 11 32 39 c1 2a 08 00 45 00 00 31 ad 2b 40 00 40 11 0b 37 c0 a8 00 0a c0 a8 00 ff 88 2d 7e 9e 00 1d 00 50 4d 2d 53 45 41 52 43 48 20 2a 20 48 54 54 50 2f 31 2e 31 0d 0a
05-04 12:03:10.453: [u2eth] RX itf=w0 tot_len=63 ff ff ff ff ff ff 00 11 32 39 c1 2a 08 00 45 00 00 31 71 e8 40 00 40 11 46 79 c0 a8 00 0b c0 a8 00 ff b8 d9 7e 9e 00 1d cf a2 4d 2d 53 45 41 52 43 48 20 2a 20 48 54 54 50 2f 31 2e 31 0d 0a
05-04 12:03:10.454: [u2m] 62517391 net sock0 MACRAW rx len=63
05-04 12:03:10.454: [u2m] 62521714 net sock0 MACRAW rx len=63
05-04 12:03:11.064: [u2eth] RX itf=w0 tot_len=754 ff ff ff ff ff ff b8 e9 37 de f1 32 08 00 45 00 02 e4 00 00 40 00 40 11 76 8e c0 a8 00 d3 ff ff ff ff 80 c6 07 6c 02 d0 01 c7 4e 4f 54 49 46 59 20 2a 20 48 54 54 50 2f 31 2e 31 0d 0a 48 4f 53 ...
05-04 12:03:11.114: [u2m] 63178802 net sock0 MACRAW rx len=754
05-04 12:03:11.370: [u2eth] RX itf=w0 tot_len=870 ff ff ff ff ff ff b8 e9 37 de f1 32 08 00 45 00 03 58 00 00 40 00 40 11 76 1a c0 a8 00 d3 ff ff ff ff 80 c6 07 6c 03 44 6a ce 4e 4f 54 49 46 59 20 2a 20 48 54 54 50 2f 31 2e 31 0d 0a 48 4f 53 ...
05-04 12:03:11.431: [u2m] 63484586 net sock0 MACRAW rx len=870
05-04 12:03:11.676: [u2eth] RX itf=w0 tot_len=757 ff ff ff ff ff ff b8 e9 37 de f1 32 08 00 45 00 02 e7 00 00 40 00 40 11 76 8b c0 a8 00 d3 ff ff ff ff 80 c6 07 6c 02 d3 79 43 4e 4f 54 49 46 59 20 2a 20 48 54 54 50 2f 31 2e 31 0d 0a 48 4f 53 ...
05-04 12:03:11.729: [u2m] 63790365 net sock0 MACRAW rx len=757
05-04 12:03:12.831: [u2macraw] tx_q=0 tx_q_drop=0 rx_noroom=17 rx_toobig=0
05-04 12:03:13.832: [u2eth] RX itf=w0 tot_len=60 ff ff ff ff ff ff 00 0c 29 2c bb f0 08 06 00 01 08 00 06 04 00 01 00 0c 29 2c bb f0 c0 a8 00 01 00 00 00 00 00 00 c0 a8 00 d6 00 00 00 00 00 00 00 00 00 00 00 00 00 00 00 00 00 00
05-04 12:03:13.962: [u2m] 65947377 net sock0 MACRAW rx len=60
05-04 12:03:15.038: [u2eth] RX itf=w0 tot_len=63 ff ff ff ff ff ff 00 11 32 39 c1 2a 08 00 45 00 00 31 ad e1 40 00 40 11 0a 81 c0 a8 00 0a c0 a8 00 ff b9 4b 7e 9c 00 1d cf 33 4d 2d 53 45 41 52 43 48 20 2a 20 48 54 54 50 2f 31 2e 31 0d 0a
05-04 12:03:15.098: [u2eth] RX itf=w0 tot_len=63 ff ff ff ff ff ff 00 11 32 39 c1 2a 08 00 45 00 00 31 7b 37 40 00 40 11 3d 2a c0 a8 00 0b c0 a8 00 ff 82 a3 7e 9c 00 1d 05 db 4d 2d 53 45 41 52 43 48 20 2a 20 48 54 54 50 2f 31 2e 31 0d 0a
05-04 12:03:15.100: [u2m] 67153000 net sock0 MACRAW rx len=63
05-04 12:03:15.100: [u2m] 67157334 net sock0 MACRAW rx len=63
05-04 12:03:15.649: [u2eth] RX itf=w0 tot_len=63 ff ff ff ff ff ff 00 11 32 39 c1 2a 08 00 45 00 00 31 ae fc 40 00 40 11 09 66 c0 a8 00 0a c0 a8 00 ff 88 2d 7e 9e 00 1d 00 50 4d 2d 53 45 41 52 43 48 20 2a 20 48 54 54 50 2f 31 2e 31 0d 0a
05-04 12:03:15.706: [u2eth] RX itf=w0 tot_len=63 ff ff ff ff ff ff 00 11 32 39 c1 2a 08 00 45 00 00 31 7c 4d 40 00 40 11 3c 14 c0 a8 00 0b c0 a8 00 ff b8 d9 7e 9e 00 1d cf a2 4d 2d 53 45 41 52 43 48 20 2a 20 48 54 54 50 2f 31 2e 31 0d 0a
05-04 12:03:15.706: [u2m] 67764259 net sock0 MACRAW rx len=63
05-04 12:03:15.707: [u2m] 67768585 net sock0 MACRAW rx len=63
05-04 12:03:16.561: [u2eth] RX itf=w0 tot_len=60 ff ff ff ff ff ff 00 0c 29 2c bb f0 08 06 00 01 08 00 06 04 00 01 00 0c 29 2c bb f0 c0 a8 00 01 00 00 00 00 00 00 c0 a8 00 d6 00 00 00 00 00 00 00 00 00 00 00 00 00 00 00 00 00 00
05-04 12:03:16.623: [u2m] 68675642 net sock0 MACRAW rx len=60
05-04 12:03:16.866: [u2eth] RX itf=w0 tot_len=60 ff ff ff ff ff ff 00 0c 29 2c bb f0 08 06 00 01 08 00 06 04 00 01 00 0c 29 2c bb f0 c0 a8 00 01 00 00 00 00 00 00 c0 a8 00 d6 00 00 00 00 00 00 00 00 00 00 00 00 00 00 00 00 00 00
05-04 12:03:16.927: [u2m] 68980887 net sock0 MACRAW rx len=60
05-04 12:03:17.878: [u2macraw] tx_q=0 tx_q_drop=0 rx_noroom=24 rx_toobig=0
05-04 12:03:19.023: [u2eth] RX itf=w0 tot_len=60 ff ff ff ff ff ff 00 0c 29 2c bb f0 08 06 00 01 08 00 06 04 00 01 00 0c 29 2c bb f0 c0 a8 00 01 00 00 00 00 00 00 c0 a8 00 d6 00 00 00 00 00 00 00 00 00 00 00 00 00 00 00 00 00 00
05-04 12:03:19.082: [u2m] 71137538 net sock0 MACRAW rx len=60
05-04 12:03:19.928: [u2eth] RX itf=w0 tot_len=63 ff ff ff ff ff ff 00 11 32 39 c1 2a 08 00 45 00 00 31 ba a8 40 00 40 11 fd b9 c0 a8 00 0a c0 a8 00 ff b9 4b 7e 9c 00 1d cf 33 4d 2d 53 45 41 52 43 48 20 2a 20 48 54 54 50 2f 31 2e 31 0d 0a
05-04 12:03:19.985: [u2eth] RX itf=w0 tot_len=63 ff ff ff ff ff ff 00 11 32 39 c1 2a 08 00 45 00 00 31 8c ce 40 00 40 11 2b 93 c0 a8 00 0b c0 a8 00 ff 82 a3 7e 9c 00 1d 05 db 4d 2d 53 45 41 52 43 48 20 2a 20 48 54 54 50 2f 31 2e 31 0d 0a
05-04 12:03:19.986: [u2m] 72043057 net sock0 MACRAW rx len=63
05-04 12:03:19.986: [u2m] 72047393 net sock0 MACRAW rx len=63
05-04 12:03:20.539: [u2eth] RX itf=w0 tot_len=63 ff ff ff ff ff ff 00 11 32 39 c1 2a 08 00 45 00 00 31 bb 6b 40 00 40 11 fc f6 c0 a8 00 0a c0 a8 00 ff 88 2d 7e 9e 00 1d 00 50 4d 2d 53 45 41 52 43 48 20 2a 20 48 54 54 50 2f 31 2e 31 0d 0a
05-04 12:03:20.604: [u2eth] RX itf=w0 tot_len=63 ff ff ff ff ff ff 00 11 32 39 c1 2a 08 00 45 00 00 31 8e 34 40 00 40 11 2a 2d c0 a8 00 0b c0 a8 00 ff b8 d9 7e 9e 00 1d cf a2 4d 2d 53 45 41 52 43 48 20 2a 20 48 54 54 50 2f 31 2e 31 0d 0a
05-04 12:03:20.605: [u2m] 72654304 net sock0 MACRAW rx len=63
05-04 12:03:20.605: [u2m] 72658640 net sock0 MACRAW rx len=63
05-04 12:03:20.850: [u2eth] RX itf=w0 tot_len=60 ff ff ff ff ff ff 50 14 79 d6 67 b3 08 06 00 01 08 00 06 04 00 01 50 14 79 d6 67 b3 c0 a8 00 e0 ff ff ff ff ff ff c0 a8 00 01 00 00 00 00 00 00 00 00 00 00 00 00 00 00 00 00 00 00
05-04 12:03:20.910: [u2m] 72965424 net sock0 MACRAW rx len=60
05-04 12:03:22.106: [u2eth] RX itf=w0 tot_len=60 ff ff ff ff ff ff 10 9a dd 6f 6a 42 08 06 00 01 08 00 06 04 00 01 10 9a dd 6f 6a 42 c0 a8 00 13 00 00 00 00 00 00 c0 a8 00 d6 00 00 00 00 00 00 00 00 00 00 00 00 00 00 00 00 00 00
05-04 12:03:22.163: [u2m] 74221044 net sock0 MACRAW rx len=60
05-04 12:03:22.926: [u2macraw] tx_q=0 tx_q_drop=0 rx_noroom=31 rx_toobig=0
05-04 12:03:23.963: [u2eth] RX itf=w0 tot_len=60 ff ff ff ff ff ff 00 0c 29 2c bb f0 08 06 00 01 08 00 06 04 00 01 00 0c 29 2c bb f0 c0 a8 00 01 00 00 00 00 00 00 c0 a8 00 d6 00 00 00 00 00 00 00 00 00 00 00 00 00 00 00 00 00 00
05-04 12:03:24.026: [u2m] 76077576 net sock0 MACRAW rx len=60
05-04 12:03:25.169: [u2eth] RX itf=w0 tot_len=63 ff ff ff ff ff ff 00 11 32 39 c1 2a 08 00 45 00 00 31 cb 3e 40 00 40 11 ed 23 c0 a8 00 0a c0 a8 00 ff b9 4b 7e 9c 00 1d cf 33 4d 2d 53 45 41 52 43 48 20 2a 20 48 54 54 50 2f 31 2e 31 0d 0a
05-04 12:03:25.230: [u2eth] RX itf=w0 tot_len=63 ff ff ff ff ff ff 00 11 32 39 c1 2a 08 00 45 00 00 31 9a 54 40 00 40 11 1e 0d c0 a8 00 0b c0 a8 00 ff 82 a3 7e 9c 00 1d 05 db 4d 2d 53 45 41 52 43 48 20 2a 20 48 54 54 50 2f 31 2e 31 0d 0a
05-04 12:03:25.231: [u2m] 77283175 net sock0 MACRAW rx len=63
05-04 12:03:25.231: [u2m] 77287513 net sock0 MACRAW rx len=63
05-04 12:03:25.479: [u2eth] RX itf=w0 tot_len=63 ff ff ff ff ff ff 00 11 32 39 c1 2a 08 00 45 00 00 31 cb 94 40 00 40 11 ec cd c0 a8 00 0a c0 a8 00 ff 88 2d 7e 9e 00 1d 00 50 4d 2d 53 45 41 52 43 48 20 2a 20 48 54 54 50 2f 31 2e 31 0d 0a
05-04 12:03:25.538: [u2eth] RX itf=w0 tot_len=63 ff ff ff ff ff ff 00 11 32 39 c1 2a 08 00 45 00 00 31 9c 0e 40 00 40 11 1c 53 c0 a8 00 0b c0 a8 00 ff b8 d9 7e 9e 00 1d cf a2 4d 2d 53 45 41 52 43 48 20 2a 20 48 54 54 50 2f 31 2e 31 0d 0a
05-04 12:03:25.539: [u2m] 77594324 net sock0 MACRAW rx len=63
05-04 12:03:25.539: [u2m] 77598654 net sock0 MACRAW rx len=63
05-04 12:03:27.951: [u2macraw] tx_q=0 tx_q_drop=0 rx_noroom=36 rx_toobig=0
05-04 12:03:28.842: [u2eth] RX itf=w0 tot_len=60 ff ff ff ff ff ff 00 0c 29 2c bb f0 08 06 00 01 08 00 06 04 00 01 00 0c 29 2c bb f0 c0 a8 00 01 00 00 00 00 00 00 c0 a8 00 d6 00 00 00 00 00 00 00 00 00 00 00 00 00 00 00 00 00 00
05-04 12:03:28.899: [u2m] 80957160 net sock0 MACRAW rx len=60
05-04 12:03:30.098: [u2eth] RX itf=w0 tot_len=63 ff ff ff ff ff ff 00 11 32 39 c1 2a 08 00 45 00 00 31 d1 a0 40 00 40 11 e6 c1 c0 a8 00 0a c0 a8 00 ff b9 4b 7e 9c 00 1d cf 33 4d 2d 53 45 41 52 43 48 20 2a 20 48 54 54 50 2f 31 2e 31 0d 0a
05-04 12:03:30.216: [u2eth] RX itf=w0 tot_len=63 ff ff ff ff ff ff 00 11 32 39 c1 2a 08 00 45 00 00 31 9e 03 40 00 40 11 1a 5e c0 a8 00 0b c0 a8 00 ff 82 a3 7e 9c 00 1d 05 db 4d 2d 53 45 41 52 43 48 20 2a 20 48 54 54 50 2f 31 2e 31 0d 0a
05-04 12:03:30.217: [u2m] 82212798 net sock0 MACRAW rx len=63
05-04 12:03:30.217: [u2m] 82217124 net sock0 MACRAW rx len=63
05-04 12:03:30.409: [u2eth] RX itf=w0 tot_len=63 ff ff ff ff ff ff 00 11 32 39 c1 2a 08 00 45 00 00 31 d3 02 40 00 40 11 e5 5f c0 a8 00 0a c0 a8 00 ff 88 2d 7e 9e 00 1d 00 50 4d 2d 53 45 41 52 43 48 20 2a 20 48 54 54 50 2f 31 2e 31 0d 0a
05-04 12:03:30.467: [u2eth] RX itf=w0 tot_len=63 ff ff ff ff ff ff 00 11 32 39 c1 2a 08 00 45 00 00 31 9e 98 40 00 40 11 19 c9 c0 a8 00 0b c0 a8 00 ff b8 d9 7e 9e 00 1d cf a2 4d 2d 53 45 41 52 43 48 20 2a 20 48 54 54 50 2f 31 2e 31 0d 0a
05-04 12:03:30.468: [u2m] 82523946 net sock0 MACRAW rx len=63
05-04 12:03:30.468: [u2m] 82528270 net sock0 MACRAW rx len=63
05-04 12:03:31.020: [u2eth] RX itf=w0 tot_len=62 ff ff ff ff ff ff 00 11 32 39 c1 2a 08 00 45 00 00 30 a2 c7 40 00 40 11 d7 43 c0 a8 00 0a ff ff ff ff aa ad fd e9 00 1c d8 ba 00 02 00 0c 01 04 ff ff ff ff 02 04 10 71 2e 75 f7 35 84 7f
05-04 12:03:31.083: [u2eth] RX itf=w0 tot_len=62 ff ff ff ff ff ff 00 11 32 39 c1 2a 08 00 45 00 00 30 a2 dc 40 00 40 11 d7 2e c0 a8 00 0a ff ff ff ff a4 81 fd e9 00 1c de e6 00 02 00 0c 01 04 ff ff ff ff 02 04 10 71 2e 75 f7 35 84 7f
05-04 12:03:31.084: [u2eth] RX itf=w0 tot_len=60 ff ff ff ff ff ff 3c 7d 0a 19 77 59 08 06 00 01 08 00 06 04 00 01 3c 7d 0a 19 77 59 c0 a8 00 9a 00 00 00 00 00 00 c0 a8 00 e7 00 00 00 00 00 00 00 00 00 00 00 00 00 00 00 00 00 00
05-04 12:03:31.085: [u2m] 83135203 net sock0 MACRAW rx len=62
05-04 12:03:31.085: [u2m] 83139467 net sock0 MACRAW rx len=62
05-04 12:03:31.085: [u2m] 83144133 net sock0 MACRAW rx len=60
05-04 12:03:32.537: [u2eth] RX itf=w0 tot_len=60 ff ff ff ff ff ff 00 0c 29 2c bb f0 08 06 00 01 08 00 06 04 00 01 00 0c 29 2c bb f0 c0 a8 00 01 00 00 00 00 00 00 c0 a8 00 d6 00 00 00 00 00 00 00 00 00 00 00 00 00 00 00 00 00 00
05-04 12:03:32.601: [u2m] 84652119 net sock0 MACRAW rx len=60
05-04 12:03:32.957: [u2macraw] tx_q=0 tx_q_drop=0 rx_noroom=45 rx_toobig=0
05-04 12:03:33.793: [u2eth] RX itf=w0 tot_len=60 ff ff ff ff ff ff 00 0c 29 2c bb f0 08 06 00 01 08 00 06 04 00 01 00 0c 29 2c bb f0 c0 a8 00 01 00 00 00 00 00 00 c0 a8 00 d6 00 00 00 00 00 00 00 00 00 00 00 00 00 00 00 00 00 00
05-04 12:03:33.884: [u2eth] RX itf=w0 tot_len=60 ff ff ff ff ff ff 00 0c 29 2c bb f0 08 06 00 01 08 00 06 04 00 01 00 0c 29 2c bb f0 c0 a8 00 01 00 00 00 00 00 00 c0 a8 00 d6 00 00 00 00 00 00 00 00 00 00 00 00 00 00 00 00 00 00
05-04 12:03:33.886: [u2m] 85908433 net sock0 MACRAW rx len=60
05-04 12:03:33.886: [u2m] 85912569 net sock0 MACRAW rx len=60
05-04 12:03:35.004: [u2eth] RX itf=w0 tot_len=63 ff ff ff ff ff ff 00 11 32 39 c1 2a 08 00 45 00 00 31 d7 b1 40 00 40 11 e0 b0 c0 a8 00 0a c0 a8 00 ff b9 4b 7e 9c 00 1d cf 33 4d 2d 53 45 41 52 43 48 20 2a 20 48 54 54 50 2f 31 2e 31 0d 0a
05-04 12:03:35.072: [u2eth] RX itf=w0 tot_len=63 ff ff ff ff ff ff 00 11 32 39 c1 2a 08 00 45 00 00 31 a7 37 40 00 40 11 11 2a c0 a8 00 0b c0 a8 00 ff 82 a3 7e 9c 00 1d 05 db 4d 2d 53 45 41 52 43 48 20 2a 20 48 54 54 50 2f 31 2e 31 0d 0a
05-04 12:03:35.073: [u2m] 87119503 net sock0 MACRAW rx len=63
05-04 12:03:35.074: [u2m] 87123838 net sock0 MACRAW rx len=63
05-04 12:03:35.616: [u2eth] RX itf=w0 tot_len=63 ff ff ff ff ff ff 00 11 32 39 c1 2a 08 00 45 00 00 31 d8 9a 40 00 40 11 df c7 c0 a8 00 0a c0 a8 00 ff 88 2d 7e 9e 00 1d 00 50 4d 2d 53 45 41 52 43 48 20 2a 20 48 54 54 50 2f 31 2e 31 0d 0a
05-04 12:03:35.676: [u2eth] RX itf=w0 tot_len=63 ff ff ff ff ff ff 00 11 32 39 c1 2a 08 00 45 00 00 31 a7 ed 40 00 40 11 10 74 c0 a8 00 0b c0 a8 00 ff b8 d9 7e 9e 00 1d cf a2 4d 2d 53 45 41 52 43 48 20 2a 20 48 54 54 50 2f 31 2e 31 0d 0a
05-04 12:03:35.677: [u2eth] RX itf=w0 tot_len=60 ff ff ff ff ff ff 00 0c 29 2c bb f0 08 06 00 01 08 00 06 04 00 01 00 0c 29 2c bb f0 c0 a8 00 01 00 00 00 00 00 00 c0 a8 00 d6 00 00 00 00 00 00 00 00 00 00 00 00 00 00 00 00 00 00
05-04 12:03:35.678: [u2m] 87730761 net sock0 MACRAW rx len=63
05-04 12:03:35.678: [u2m] 87735088 net sock0 MACRAW rx len=63
05-04 12:03:35.678: [u2m] 87739824 net sock0 MACRAW rx len=60
05-04 12:03:37.997: [u2macraw] tx_q=0 tx_q_drop=0 rx_noroom=52 rx_toobig=0
05-04 12:03:38.984: [u2eth] RX itf=w0 tot_len=117 ff ff ff ff ff ff 48 a9 8a 19 46 12 08 00 45 00 00 67 6b 22 00 00 ff 11 8f b8 c0 a8 00 03 ff ff ff ff 16 2e 16 2e 00 53 a0 d8 61 22 01 00 00 01 00 06 48 a9 8a 19 46 12 00 05 00 08 4d 69 6b 72 ...
05-04 12:03:39.128: [u2m] 91099136 net sock0 MACRAW rx len=117
05-04 12:03:39.290: [u2eth] RX itf=w0 tot_len=60 ff ff ff ff ff ff 00 0c 29 2c bb f0 08 06 00 01 08 00 06 04 00 01 00 0c 29 2c bb f0 c0 a8 00 01 00 00 00 00 00 00 c0 a8 00 d6 00 00 00 00 00 00 00 00 00 00 00 00 00 00 00 00 00 00
05-04 12:03:39.350: [u2m] 91404783 net sock0 MACRAW rx len=60
05-04 12:03:39.895: [u2eth] RX itf=w0 tot_len=63 ff ff ff ff ff ff 00 11 32 39 c1 2a 08 00 45 00 00 31 da 70 40 00 40 11 dd f1 c0 a8 00 0a c0 a8 00 ff b9 4b 7e 9c 00 1d cf 33 4d 2d 53 45 41 52 43 48 20 2a 20 48 54 54 50 2f 31 2e 31 0d 0a
05-04 12:03:39.954: [u2eth] RX itf=w0 tot_len=63 ff ff ff ff ff ff 00 11 32 39 c1 2a 08 00 45 00 00 31 ab b2 40 00 40 11 0c af c0 a8 00 0b c0 a8 00 ff 82 a3 7e 9c 00 1d 05 db 4d 2d 53 45 41 52 43 48 20 2a 20 48 54 54 50 2f 31 2e 31 0d 0a
05-04 12:03:39.955: [u2m] 92010154 net sock0 MACRAW rx len=63
05-04 12:03:39.956: [u2m] 92014485 net sock0 MACRAW rx len=63
05-04 12:03:40.507: [u2eth] RX itf=w0 tot_len=63 ff ff ff ff ff ff 00 11 32 39 c1 2a 08 00 45 00 00 31 dc 25 40 00 40 11 dc 3c c0 a8 00 0a c0 a8 00 ff 88 2d 7e 9e 00 1d 00 50 4d 2d 53 45 41 52 43 48 20 2a 20 48 54 54 50 2f 31 2e 31 0d 0a
05-04 12:03:40.564: [u2eth] RX itf=w0 tot_len=63 ff ff ff ff ff ff 00 11 32 39 c1 2a 08 00 45 00 00 31 ac 2a 40 00 40 11 0c 37 c0 a8 00 0b c0 a8 00 ff b8 d9 7e 9e 00 1d cf a2 4d 2d 53 45 41 52 43 48 20 2a 20 48 54 54 50 2f 31 2e 31 0d 0a
05-04 12:03:40.565: [u2m] 92621431 net sock0 MACRAW rx len=63
05-04 12:03:40.565: [u2m] 92625755 net sock0 MACRAW rx len=63
05-04 12:03:41.168: [u2eth] RX itf=w0 tot_len=60 ff ff ff ff ff ff 10 9a dd 6f 6a 42 08 06 00 01 08 00 06 04 00 01 10 9a dd 6f 6a 42 c0 a8 00 13 00 00 00 00 00 00 c0 a8 00 d6 00 00 00 00 00 00 00 00 00 00 00 00 00 00 00 00 00 00
05-04 12:03:41.234: [u2m] 93282718 net sock0 MACRAW rx len=60
05-04 12:03:41.773: [u2eth] RX itf=w0 tot_len=60 ff ff ff ff ff ff 50 14 79 d6 67 b3 08 06 00 01 08 00 06 04 00 01 50 14 79 d6 67 b3 c0 a8 00 e0 ff ff ff ff ff ff c0 a8 00 01 00 00 00 00 00 00 00 00 00 00 00 00 00 00 00 00 00 00
05-04 12:03:41.833: [u2m] 93888082 net sock0 MACRAW rx len=60
05-04 12:03:43.040: [u2macraw] tx_q=0 tx_q_drop=0 rx_noroom=60 rx_toobig=0
05-04 12:03:43.930: [u2eth] RX itf=w0 tot_len=60 ff ff ff ff ff ff 00 0c 29 2c bb f0 08 06 00 01 08 00 06 04 00 01 00 0c 29 2c bb f0 c0 a8 00 01 00 00 00 00 00 00 c0 a8 00 d6 00 00 00 00 00 00 00 00 00 00 00 00 00 00 00 00 00 00
05-04 12:03:43.997: [u2m] 96044713 net sock0 MACRAW rx len=60
05-04 12:03:45.135: [u2eth] RX itf=w0 tot_len=63 ff ff ff ff ff ff 00 11 32 39 c1 2a 08 00 45 00 00 31 e3 48 40 00 40 11 d5 19 c0 a8 00 0a c0 a8 00 ff b9 4b 7e 9c 00 1d cf 33 4d 2d 53 45 41 52 43 48 20 2a 20 48 54 54 50 2f 31 2e 31 0d 0a
05-04 12:03:45.201: [u2eth] RX itf=w0 tot_len=63 ff ff ff ff ff ff 00 11 32 39 c1 2a 08 00 45 00 00 31 bd 5c 40 00 40 11 fb 04 c0 a8 00 0b c0 a8 00 ff 82 a3 7e 9c 00 1d 05 db 4d 2d 53 45 41 52 43 48 20 2a 20 48 54 54 50 2f 31 2e 31 0d 0a
05-04 12:03:45.203: [u2m] 97250305 net sock0 MACRAW rx len=63
05-04 12:03:45.203: [u2m] 97254641 net sock0 MACRAW rx len=63
05-04 12:03:45.447: [u2eth] RX itf=w0 tot_len=63 ff ff ff ff ff ff 00 11 32 39 c1 2a 08 00 45 00 00 31 e5 26 40 00 40 11 d3 3b c0 a8 00 0a c0 a8 00 ff 88 2d 7e 9e 00 1d 00 50 4d 2d 53 45 41 52 43 48 20 2a 20 48 54 54 50 2f 31 2e 31 0d 0a
05-04 12:03:45.508: [u2eth] RX itf=w0 tot_len=63 ff ff ff ff ff ff 00 11 32 39 c1 2a 08 00 45 00 00 31 bd b9 40 00 40 11 fa a7 c0 a8 00 0b c0 a8 00 ff b8 d9 7e 9e 00 1d cf a2 4d 2d 53 45 41 52 43 48 20 2a 20 48 54 54 50 2f 31 2e 31 0d 0a
05-04 12:03:45.510: [u2m] 97561468 net sock0 MACRAW rx len=63
05-04 12:03:45.510: [u2m] 97565788 net sock0 MACRAW rx len=63
05-04 12:03:46.058: [u2eth] RX itf=w0 tot_len=62 ff ff ff ff ff ff 00 11 32 39 c1 2a 08 00 45 00 00 30 d6 81 40 00 40 11 a3 89 c0 a8 00 0a ff ff ff ff ad 45 fd e9 00 1c d6 22 00 02 00 0c 01 04 ff ff ff ff 02 04 10 71 2e 75 f7 35 84 7f
05-04 12:03:46.123: [u2eth] RX itf=w0 tot_len=62 ff ff ff ff ff ff 00 11 32 39 c1 2a 08 00 45 00 00 30 d6 84 40 00 40 11 a3 86 c0 a8 00 0a ff ff ff ff c5 e9 fd e9 00 1c bd 7e 00 02 00 0c 01 04 ff ff ff ff 02 04 10 71 2e 75 f7 35 84 7f
05-04 12:03:46.124: [u2m] 98172730 net sock0 MACRAW rx len=62
05-04 12:03:46.124: [u2m] 98176987 net sock0 MACRAW rx len=62
05-04 12:03:48.082: [u2macraw] tx_q=0 tx_q_drop=0 rx_noroom=67 rx_toobig=0
05-04 12:03:49.120: [u2eth] RX itf=w0 tot_len=60 ff ff ff ff ff ff 00 0c 29 2c bb f0 08 06 00 01 08 00 06 04 00 01 00 0c 29 2c bb f0 c0 a8 00 01 00 00 00 00 00 00 c0 a8 00 d6 00 00 00 00 00 00 00 00 00 00 00 00 00 00 00 00 00 00
05-04 12:03:49.178: [u2m] 101235424 net sock0 MACRAW rx len=60
05-04 12:03:50.076: [u2eth] RX itf=w0 tot_len=63 ff ff ff ff ff ff 00 11 32 39 c1 2a 08 00 45 00 00 31 eb 27 40 00 40 11 cd 3a c0 a8 00 0a c0 a8 00 ff b9 4b 7e 9c 00 1d cf 33 4d 2d 53 45 41 52 43 48 20 2a 20 48 54 54 50 2f 31 2e 31 0d 0a
05-04 12:03:50.138: [u2eth] RX itf=w0 tot_len=63 ff ff ff ff ff ff 00 11 32 39 c1 2a 08 00 45 00 00 31 be 54 40 00 40 11 fa 0c c0 a8 00 0b c0 a8 00 ff 82 a3 7e 9c 00 1d 05 db 4d 2d 53 45 41 52 43 48 20 2a 20 48 54 54 50 2f 31 2e 31 0d 0a
05-04 12:03:50.140: [u2m] 102190952 net sock0 MACRAW rx len=63
05-04 12:03:50.140: [u2m] 102195280 net sock0 MACRAW rx len=63
05-04 12:03:50.687: [u2eth] RX itf=w0 tot_len=63 ff ff ff ff ff ff 00 11 32 39 c1 2a 08 00 45 00 00 31 eb 4c 40 00 40 11 cd 15 c0 a8 00 0a c0 a8 00 ff 88 2d 7e 9e 00 1d 00 50 4d 2d 53 45 41 52 43 48 20 2a 20 48 54 54 50 2f 31 2e 31 0d 0a
05-04 12:03:50.748: [u2eth] RX itf=w0 tot_len=63 ff ff ff ff ff ff 00 11 32 39 c1 2a 08 00 45 00 00 31 be b6 40 00 40 11 f9 aa c0 a8 00 0b c0 a8 00 ff b8 d9 7e 9e 00 1d cf a2 4d 2d 53 45 41 52 43 48 20 2a 20 48 54 54 50 2f 31 2e 31 0d 0a
05-04 12:03:50.750: [u2m] 102802250 net sock0 MACRAW rx len=63
05-04 12:03:50.750: [u2m] 102806575 net sock0 MACRAW rx len=63
05-04 12:03:53.111: [u2macraw] tx_q=0 tx_q_drop=0 rx_noroom=72 rx_toobig=0
05-04 12:03:53.750: [u2eth] RX itf=w0 tot_len=60 ff ff ff ff ff ff 00 0c 29 2c bb f0 08 06 00 01 08 00 06 04 00 01 00 0c 29 2c bb f0 c0 a8 00 01 00 00 00 00 00 00 c0 a8 00 d6 00 00 00 00 00 00 00 00 00 00 00 00 00 00 00 00 00 00
05-04 12:03:53.813: [u2m] 105865094 net sock0 MACRAW rx len=60
05-04 12:03:54.355: [u2eth] RX itf=w0 tot_len=60 ff ff ff ff ff ff 00 0c 29 2c bb f0 08 06 00 01 08 00 06 04 00 01 00 0c 29 2c bb f0 c0 a8 00 01 00 00 00 00 00 00 c0 a8 00 d6 00 00 00 00 00 00 00 00 00 00 00 00 00 00 00 00 00 00
05-04 12:03:54.415: [u2m] 106470512 net sock0 MACRAW rx len=60
05-04 12:03:54.961: [u2eth] RX itf=w0 tot_len=63 ff ff ff ff ff ff 00 11 32 39 c1 2a 08 00 45 00 00 31 ee cc 40 00 40 11 c9 95 c0 a8 00 0a c0 a8 00 ff b9 4b 7e 9c 00 1d cf 33 4d 2d 53 45 41 52 43 48 20 2a 20 48 54 54 50 2f 31 2e 31 0d 0a
05-04 12:03:55.020: [u2eth] RX itf=w0 tot_len=63 ff ff ff ff ff ff 00 11 32 39 c1 2a 08 00 45 00 00 31 be e4 40 00 40 11 f9 7c c0 a8 00 0b c0 a8 00 ff 82 a3 7e 9c 00 1d 05 db 4d 2d 53 45 41 52 43 48 20 2a 20 48 54 54 50 2f 31 2e 31 0d 0a
05-04 12:03:55.022: [u2m] 107075935 net sock0 MACRAW rx len=63
05-04 12:03:55.022: [u2m] 107080269 net sock0 MACRAW rx len=63
05-04 12:03:55.572: [u2eth] RX itf=w0 tot_len=63 ff ff ff ff ff ff 00 11 32 39 c1 2a 08 00 45 00 00 31 ef 8a 40 00 40 11 c8 d7 c0 a8 00 0a c0 a8 00 ff 88 2d 7e 9e 00 1d 00 50 4d 2d 53 45 41 52 43 48 20 2a 20 48 54 54 50 2f 31 2e 31 0d 0a
05-04 12:03:55.633: [u2eth] RX itf=w0 tot_len=63 ff ff ff ff ff ff 00 11 32 39 c1 2a 08 00 45 00 00 31 c0 b5 40 00 40 11 f7 ab c0 a8 00 0b c0 a8 00 ff b8 d9 7e 9e 00 1d cf a2 4d 2d 53 45 41 52 43 48 20 2a 20 48 54 54 50 2f 31 2e 31 0d 0a
05-04 12:03:55.635: [u2m] 107687234 net sock0 MACRAW rx len=63
05-04 12:03:55.635: [u2m] 107691560 net sock0 MACRAW rx len=63
05-04 12:03:57.133: [u2eth] RX itf=w0 tot_len=60 ff ff ff ff ff ff 00 0c 29 2c bb f0 08 06 00 01 08 00 06 04 00 01 00 0c 29 2c bb f0 c0 a8 00 01 00 00 00 00 00 00 c0 a8 00 d6 00 00 00 00 00 00 00 00 00 00 00 00 00 00 00 00 00 00
05-04 12:03:57.193: [u2m] 109248879 net sock0 MACRAW rx len=60
05-04 12:03:58.145: [u2macraw] tx_q=0 tx_q_drop=0 rx_noroom=79 rx_toobig=0
05-04 12:03:59.841: [u2m] 111907699 sock0 RECV
05-04 12:03:59.851: [u2m] 111911086 sock0 RECV
05-04 12:03:59.851: [u2m] 111914827 sock0 RECV
05-04 12:03:59.898: [u2m] 111918375 sock0 RECV
05-04 12:03:59.899: [u2m] 111921718 sock0 RECV
05-04 12:03:59.899: [u2m] 111925059 sock0 RECV
05-04 12:03:59.900: [u2m] 111928400 sock0 RECV
05-04 12:03:59.900: [u2m] 111931741 sock0 RECV
05-04 12:03:59.900: [u2m] 111935083 sock0 RECV
05-04 12:03:59.900: [u2m] 111938424 sock0 RECV
05-04 12:03:59.901: [u2m] 111941766 sock0 RECV
05-04 12:03:59.901: [u2m] 111945108 sock0 RECV
05-04 12:03:59.901: [u2m] 111948451 sock0 RECV
05-04 12:03:59.901: [u2m] 111951794 sock0 RECV
05-04 12:03:59.901: [u2m] 111955137 sock0 RECV
05-04 12:03:59.902: [u2m] 111958498 sock0 RECV
05-04 12:03:59.902: [u2m] 111962065 sock0 RECV
05-04 12:03:59.942: [u2m] 111965615 sock0 RECV
05-04 12:03:59.943: [u2m] 111968958 sock0 RECV
05-04 12:03:59.943: [u2m] 111972300 sock0 RECV
05-04 12:03:59.943: [u2m] 111975641 sock0 RECV
05-04 12:03:59.943: [u2m] 111978986 sock0 RECV
05-04 12:03:59.944: [u2m] 111982345 sock0 RECV
05-04 12:03:59.944: [u2m] 111985912 sock0 RECV
05-04 12:03:59.944: [u2m] 111989461 sock0 RECV
05-04 12:03:59.945: [u2m] 111992804 sock0 RECV
05-04 12:03:59.945: [u2m] 111996163 sock0 RECV
05-04 12:03:59.945: [u2m] 111999730 sock0 RECV
05-04 12:03:59.945: [u2m] 112003297 sock0 RECV
05-04 12:03:59.945: [u2m] 112006864 sock0 RECV
05-04 12:03:59.946: [u2m] 112010413 sock0 RECV
05-04 12:03:59.946: [u2m] 112013758 sock0 RECV
05-04 12:03:59.946: [u2m] 112017117 sock0 RECV
05-04 12:03:59.946: [u2m] 112020684 sock0 RECV
05-04 12:03:59.946: [u2m] 112024252 sock0 RECV
05-04 12:03:59.992: [u2m] 112027819 sock0 RECV
05-04 12:03:59.993: [u2m] 112031380 sock0 RECV
05-04 12:03:59.993: [u2m] 112034934 sock0 RECV
05-04 12:03:59.993: [u2m] 112038487 sock0 RECV
05-04 12:03:59.993: [u2m] 112042029 sock0 RECV
05-04 12:03:59.994: [u2m] 112045388 sock0 RECV
05-04 12:03:59.994: [u2m] 112048955 sock0 RECV
05-04 12:03:59.994: [u2m] 112052504 sock0 RECV
05-04 12:03:59.994: [u2m] 112055864 sock0 RECV
05-04 12:03:59.995: [u2m] 112059431 sock0 RECV
05-04 12:03:59.995: [u2m] 112062750 sock0 RECV
05-04 12:03:59.995: [u2m] 112066081 sock0 RECV
05-04 12:03:59.995: [u2m] 112071093 sock0 RECV
05-04 12:03:59.995: [u2m] 112074634 sock0 RECV
05-04 12:03:59.995: [u2m] 112079646 sock0 RECV
05-04 12:04:00.043: [u2m] 112084914 sock0 RECV
05-04 12:04:00.170: [u2eth] RX itf=w0 tot_len=63 ff ff ff ff ff ff 00 11 32 39 c1 2a 08 00 45 00 00 31 f7 d5 40 00 40 11 c0 8c c0 a8 00 0a c0 a8 00 ff b9 4b 7e 9c 00 1d cf 33 4d 2d 53 45 41 52 43 48 20 2a 20 48 54 54 50 2f 31 2e 31 0d 0a
05-04 12:04:00.222: [u2eth] RX itf=w0 tot_len=63 ff ff ff ff ff ff 00 11 32 39 c1 2a 08 00 45 00 00 31 d1 ac 40 00 40 11 e6 b4 c0 a8 00 0b c0 a8 00 ff 82 a3 7e 9c 00 1d 05 db 4d 2d 53 45 41 52 43 48 20 2a 20 48 54 54 50 2f 31 2e 31 0d 0a
05-04 12:04:00.223: [u2m] 112284626 net sock0 MACRAW rx len=63
05-04 12:04:00.223: [u2m] 112288948 sock0 RECV
05-04 12:04:00.223: [u2m] 112288967 net sock0 MACRAW rx len=63
05-04 12:04:00.271: [u2m] 112298240 sock0 RECV
05-04 12:04:00.482: [u2eth] RX itf=w0 tot_len=63 ff ff ff ff ff ff 00 11 32 39 c1 2a 08 00 45 00 00 31 f9 84 40 00 40 11 be dd c0 a8 00 0a c0 a8 00 ff 88 2d 7e 9e 00 1d 00 50 4d 2d 53 45 41 52 43 48 20 2a 20 48 54 54 50 2f 31 2e 31 0d 0a
05-04 12:04:00.534: [u2eth] RX itf=w0 tot_len=63 ff ff ff ff ff ff 00 11 32 39 c1 2a 08 00 45 00 00 31 d1 ec 40 00 40 11 e6 74 c0 a8 00 0b c0 a8 00 ff b8 d9 7e 9e 00 1d cf a2 4d 2d 53 45 41 52 43 48 20 2a 20 48 54 54 50 2f 31 2e 31 0d 0a
05-04 12:04:00.536: [u2m] 112596616 net sock0 MACRAW rx len=63
05-04 12:04:00.536: [u2m] 112600945 net sock0 MACRAW rx len=63
05-04 12:04:00.536: [u2m] 112605317 sock0 RECV
05-04 12:04:00.583: [u2m] 112611747 sock0 RECV
05-04 12:04:00.793: [u2eth] RX itf=w0 tot_len=60 ff ff ff ff ff ff 00 0c 29 2c bb f0 08 06 00 01 08 00 06 04 00 01 00 0c 29 2c bb f0 c0 a8 00 01 00 00 00 00 00 00 c0 a8 00 d6 00 00 00 00 00 00 00 00 00 00 00 00 00 00 00 00 00 00
05-04 12:04:00.846: [u2m] 112908551 net sock0 MACRAW rx len=60
05-04 12:04:00.895: [u2m] 112916340 sock0 RECV
05-04 12:04:01.349: [u2eth] TX itf=w0 tot_len=42 ff ff ff ff ff ff 88 a2 9e 48 22 7a 08 06 00 01 08 00 06 04 00 01 00 08 dc a2 a2 a2 c0 a8 00 f5 00 00 00 00 00 00 c0 a8 00 9a
05-04 12:04:01.401: [u2m] 113426875 sock0 SEND
05-04 12:04:01.401: [u2m] 113426886 net sock0 MACRAW ptrs len=42 rd=0x09A4 wr=0x09CE rdm=0xA4 wrm=0xCE
05-04 12:04:01.401: [u2m] 113466948 net sock0 MACRAW tx len=42
05-04 12:04:02.956: [u2eth] RX itf=w0 tot_len=60 ff ff ff ff ff ff 50 14 79 d6 67 b3 08 06 00 01 08 00 06 04 00 01 50 14 79 d6 67 b3 c0 a8 00 e0 ff ff ff ff ff ff c0 a8 00 01 00 00 00 00 00 00 00 00 00 00 00 00 00 00 00 00 00 00
05-04 12:04:03.008: [u2m] 115071039 net sock0 MACRAW rx len=60
05-04 12:04:03.170: [u2macraw] tx_q=0 tx_q_drop=0 rx_noroom=79 rx_toobig=0
05-04 12:04:03.862: [u2eth] RX itf=w0 tot_len=60 ff ff ff ff ff ff 00 0c 29 2c bb f0 08 06 00 01 08 00 06 04 00 01 00 0c 29 2c bb f0 c0 a8 00 01 00 00 00 00 00 00 c0 a8 00 d6 00 00 00 00 00 00 00 00 00 00 00 00 00 00 00 00 00 00
05-04 12:04:03.947: [u2m] 115977208 net sock0 MACRAW rx len=60
05-04 12:04:05.118: [u2eth] RX itf=w0 tot_len=63 ff ff ff ff ff ff 00 11 32 39 c1 2a 08 00 45 00 00 31 00 63 40 00 40 11 b7 ff c0 a8 00 0a c0 a8 00 ff b9 4b 7e 9c 00 1d cf 33 4d 2d 53 45 41 52 43 48 20 2a 20 48 54 54 50 2f 31 2e 31 0d 0a
05-04 12:04:05.174: [u2eth] RX itf=w0 tot_len=63 ff ff ff ff ff ff 00 11 32 39 c1 2a 08 00 45 00 00 31 de bb 40 00 40 11 d9 a5 c0 a8 00 0b c0 a8 00 ff 82 a3 7e 9c 00 1d 05 db 4d 2d 53 45 41 52 43 48 20 2a 20 48 54 54 50 2f 31 2e 31 0d 0a
05-04 12:04:05.175: [u2m] 117232861 net sock0 MACRAW rx len=63
05-04 12:04:05.176: [u2m] 117237216 net sock0 MACRAW rx len=63
05-04 12:04:05.429: [u2eth] RX itf=w0 tot_len=60 ff ff ff ff ff ff 00 0c 29 2c bb f0 08 06 00 01 08 00 06 04 00 01 00 0c 29 2c bb f0 c0 a8 00 01 00 00 00 00 00 00 c0 a8 00 d6 00 00 00 00 00 00 00 00 00 00 00 00 00 00 00 00 00 00
05-04 12:04:05.481: [u2eth] RX itf=w0 tot_len=63 ff ff ff ff ff ff 00 11 32 39 c1 2a 08 00 45 00 00 31 00 78 40 00 40 11 b7 ea c0 a8 00 0a c0 a8 00 ff 88 2d 7e 9e 00 1d 00 50 4d 2d 53 45 41 52 43 48 20 2a 20 48 54 54 50 2f 31 2e 31 0d 0a
05-04 12:04:05.482: [u2eth] RX itf=w0 tot_len=63 ff ff ff ff ff ff 00 11 32 39 c1 2a 08 00 45 00 00 31 df 38 40 00 40 11 d9 28 c0 a8 00 0b c0 a8 00 ff b8 d9 7e 9e 00 1d cf a2 4d 2d 53 45 41 52 43 48 20 2a 20 48 54 54 50 2f 31 2e 31 0d 0a
05-04 12:04:05.483: [u2m] 117544066 net sock0 MACRAW rx len=60
05-04 12:04:05.483: [u2m] 117548212 net sock0 MACRAW rx len=63
05-04 12:04:05.483: [u2m] 117552953 net sock0 MACRAW rx len=63
05-04 12:04:07.846: [u2eth] RX itf=w0 tot_len=60 ff ff ff ff ff ff 00 0c 29 2c bb f0 08 06 00 01 08 00 06 04 00 01 00 0c 29 2c bb f0 c0 a8 00 01 00 00 00 00 00 00 c0 a8 00 d6 00 00 00 00 00 00 00 00 00 00 00 00 00 00 00 00 00 00
05-04 12:04:07.964: [u2m] 119961503 net sock0 MACRAW rx len=60
05-04 12:04:08.202: [u2macraw] tx_q=0 tx_q_drop=0 rx_noroom=79 rx_toobig=0
05-04 12:04:10.004: [u2eth] RX itf=w0 tot_len=63 ff ff ff ff ff ff 00 11 32 39 c1 2a 08 00 45 00 00 31 02 63 40 00 40 11 b5 ff c0 a8 00 0a c0 a8 00 ff b9 4b 7e 9c 00 1d cf 33 4d 2d 53 45 41 52 43 48 20 2a 20 48 54 54 50 2f 31 2e 31 0d 0a
05-04 12:04:10.065: [u2eth] RX itf=w0 tot_len=63 ff ff ff ff ff ff 00 11 32 39 c1 2a 08 00 45 00 00 31 ec d9 40 00 40 11 cb 87 c0 a8 00 0b c0 a8 00 ff 82 a3 7e 9c 00 1d 05 db 4d 2d 53 45 41 52 43 48 20 2a 20 48 54 54 50 2f 31 2e 31 0d 0a
05-04 12:04:10.067: [u2m] 122118191 net sock0 MACRAW rx len=63
05-04 12:04:10.067: [u2m] 122122543 net sock0 MACRAW rx len=63
05-04 12:04:10.615: [u2eth] RX itf=w0 tot_len=63 ff ff ff ff ff ff 00 11 32 39 c1 2a 08 00 45 00 00 31 02 64 40 00 40 11 b5 fe c0 a8 00 0a c0 a8 00 ff 88 2d 7e 9e 00 1d 00 50 4d 2d 53 45 41 52 43 48 20 2a 20 48 54 54 50 2f 31 2e 31 0d 0a
05-04 12:04:10.673: [u2eth] RX itf=w0 tot_len=63 ff ff ff ff ff ff 00 11 32 39 c1 2a 08 00 45 00 00 31 ed b4 40 00 40 11 ca ac c0 a8 00 0b c0 a8 00 ff b8 d9 7e 9e 00 1d cf a2 4d 2d 53 45 41 52 43 48 20 2a 20 48 54 54 50 2f 31 2e 31 0d 0a
05-04 12:04:10.674: [u2m] 122729508 net sock0 MACRAW rx len=63
05-04 12:04:10.674: [u2m] 122733848 net sock0 MACRAW rx len=63
05-04 12:04:10.926: [u2eth] RX itf=w0 tot_len=60 ff ff ff ff ff ff 00 0c 29 2c bb f0 08 06 00 01 08 00 06 04 00 01 00 0c 29 2c bb f0 c0 a8 00 01 00 00 00 00 00 00 c0 a8 00 d6 00 00 00 00 00 00 00 00 00 00 00 00 00 00 00 00 00 00
05-04 12:04:10.988: [u2m] 123040738 net sock0 MACRAW rx len=60
05-04 12:04:13.233: [u2macraw] tx_q=0 tx_q_drop=0 rx_noroom=79 rx_toobig=0
05-04 12:04:14.933: [u2eth] RX itf=w0 tot_len=60 ff ff ff ff ff ff 00 0c 29 2c bb f0 08 06 00 01 08 00 06 04 00 01 00 0c 29 2c bb f0 c0 a8 00 01 00 00 00 00 00 00 c0 a8 00 d6 00 00 00 00 00 00 00 00 00 00 00 00 00 00 00 00 00 00
05-04 12:04:14.996: [u2eth] RX itf=w0 tot_len=63 ff ff ff ff ff ff 00 11 32 39 c1 2a 08 00 45 00 00 31 0f d5 40 00 40 11 a8 8d c0 a8 00 0a c0 a8 00 ff b9 4b 7e 9c 00 1d cf 33 4d 2d 53 45 41 52 43 48 20 2a 20 48 54 54 50 2f 31 2e 31 0d 0a
05-04 12:04:14.996: [u2eth] RX itf=w0 tot_len=63 ff ff ff ff ff ff 00 11 32 39 c1 2a 08 00 45 00 00 31 f8 f1 40 00 40 11 bf 6f c0 a8 00 0b c0 a8 00 ff 82 a3 7e 9c 00 1d 05 db 4d 2d 53 45 41 52 43 48 20 2a 20 48 54 54 50 2f 31 2e 31 0d 0a
05-04 12:04:14.998: [u2m] 127047828 net sock0 MACRAW rx len=60
05-04 12:04:14.998: [u2m] 127051975 net sock0 MACRAW rx len=63
05-04 12:04:14.998: [u2m] 127056716 net sock0 MACRAW rx len=63
05-04 12:04:15.550: [u2eth] RX itf=w0 tot_len=63 ff ff ff ff ff ff 00 11 32 39 c1 2a 08 00 45 00 00 31 0f e5 40 00 40 11 a8 7d c0 a8 00 0a c0 a8 00 ff 88 2d 7e 9e 00 1d 00 50 4d 2d 53 45 41 52 43 48 20 2a 20 48 54 54 50 2f 31 2e 31 0d 0a
05-04 12:04:15.614: [u2eth] RX itf=w0 tot_len=63 ff ff ff ff ff ff 00 11 32 39 c1 2a 08 00 45 00 00 31 f9 a3 40 00 40 11 be bd c0 a8 00 0b c0 a8 00 ff b8 d9 7e 9e 00 1d cf a2 4d 2d 53 45 41 52 43 48 20 2a 20 48 54 54 50 2f 31 2e 31 0d 0a
05-04 12:04:15.615: [u2m] 127664657 net sock0 MACRAW rx len=63
05-04 12:04:15.615: [u2m] 127668989 net sock0 MACRAW rx len=63
05-04 12:04:17.110: [u2eth] RX itf=w0 tot_len=60 ff ff ff ff ff ff 00 0c 29 2c bb f0 08 06 00 01 08 00 06 04 00 01 00 0c 29 2c bb f0 c0 a8 00 01 00 00 00 00 00 00 c0 a8 00 d6 00 00 00 00 00 00 00 00 00 00 00 00 00 00 00 00 00 00
05-04 12:04:17.179: [u2m] 129226311 net sock0 MACRAW rx len=60
05-04 12:04:17.417: [u2eth] RX itf=w0 tot_len=60 ff ff ff ff ff ff 00 50 56 b6 20 cd 08 06 00 01 08 00 06 04 00 01 00 50 56 b6 20 cd c0 a8 00 05 00 00 00 00 00 00 c0 a8 00 01 00 00 00 00 00 00 00 00 00 00 00 00 00 00 00 00 00 00
05-04 12:04:17.468: [u2eth] RX itf=w0 tot_len=60 ff ff ff ff ff ff 00 50 56 b6 20 cd 08 06 00 01 08 00 06 04 00 01 00 50 56 b6 20 cd c0 a8 00 05 00 00 00 00 00 00 c0 a8 00 37 00 00 00 00 00 00 00 00 00 00 00 00 00 00 00 00 00 00
05-04 12:04:17.469: [u2m] 129531608 net sock0 MACRAW rx len=60
05-04 12:04:17.469: [u2m] 129535757 net sock0 MACRAW rx len=60
05-04 12:04:18.289: [u2macraw] tx_q=0 tx_q_drop=0 rx_noroom=79 rx_toobig=0
05-04 12:04:18.929: [u2eth] RX itf=w0 tot_len=60 ff ff ff ff ff ff 00 0c 29 2c bb f0 08 06 00 01 08 00 06 04 00 01 00 0c 29 2c bb f0 c0 a8 00 01 00 00 00 00 00 00 c0 a8 00 d6 00 00 00 00 00 00 00 00 00 00 00 00 00 00 00 00 00 00
05-04 12:04:18.989: [u2m] 131043572 net sock0 MACRAW rx len=60
05-04 12:04:20.184: [u2eth] RX itf=w0 tot_len=63 ff ff ff ff ff ff 00 11 32 39 c1 2a 08 00 45 00 00 31 13 2c 40 00 40 11 a5 36 c0 a8 00 0a c0 a8 00 ff b9 4b 7e 9c 00 1d cf 33 4d 2d 53 45 41 52 43 48 20 2a 20 48 54 54 50 2f 31 2e 31 0d 0a
05-04 12:04:20.242: [u2eth] RX itf=w0 tot_len=63 ff ff ff ff ff ff 00 11 32 39 c1 2a 08 00 45 00 00 31 fd 25 40 00 40 11 bb 3b c0 a8 00 0b c0 a8 00 ff 82 a3 7e 9c 00 1d 05 db 4d 2d 53 45 41 52 43 48 20 2a 20 48 54 54 50 2f 31 2e 31 0d 0a
05-04 12:04:20.243: [u2m] 132299213 net sock0 MACRAW rx len=63
05-04 12:04:20.243: [u2m] 132303554 net sock0 MACRAW rx len=63
05-04 12:04:20.496: [u2eth] RX itf=w0 tot_len=63 ff ff ff ff ff ff 00 11 32 39 c1 2a 08 00 45 00 00 31 14 cb 40 00 40 11 a3 97 c0 a8 00 0a c0 a8 00 ff 88 2d 7e 9e 00 1d 00 50 4d 2d 53 45 41 52 43 48 20 2a 20 48 54 54 50 2f 31 2e 31 0d 0a
05-04 12:04:20.558: [u2eth] RX itf=w0 tot_len=63 ff ff ff ff ff ff 00 11 32 39 c1 2a 08 00 45 00 00 31 fe 29 40 00 40 11 ba 37 c0 a8 00 0b c0 a8 00 ff b8 d9 7e 9e 00 1d cf a2 4d 2d 53 45 41 52 43 48 20 2a 20 48 54 54 50 2f 31 2e 31 0d 0a
05-04 12:04:20.560: [u2m] 132610429 net sock0 MACRAW rx len=63
05-04 12:04:20.561: [u2m] 132614765 net sock0 MACRAW rx len=63
05-04 12:04:21.407: [u2eth] RX itf=w0 tot_len=60 ff ff ff ff ff ff 00 0c 29 2c bb f0 08 06 00 01 08 00 06 04 00 01 00 0c 29 2c bb f0 c0 a8 00 01 00 00 00 00 00 00 c0 a8 00 37 00 00 00 00 00 00 00 00 00 00 00 00 00 00 00 00 00 00
05-04 12:04:21.464: [u2m] 133521848 net sock0 MACRAW rx len=60
05-04 12:04:22.012: [u2eth] RX itf=w0 tot_len=60 ff ff ff ff ff ff 00 0c 29 2c bb f0 08 06 00 01 08 00 06 04 00 01 00 0c 29 2c bb f0 c0 a8 00 01 00 00 00 00 00 00 c0 a8 00 d6 00 00 00 00 00 00 00 00 00 00 00 00 00 00 00 00 00 00
05-04 12:04:22.120: [u2eth] RX itf=w0 tot_len=60 ff ff ff ff ff ff 10 9a dd 6f 6a 42 08 06 00 01 08 00 06 04 00 01 10 9a dd 6f 6a 42 c0 a8 00 13 00 00 00 00 00 00 c0 a8 00 d6 00 00 00 00 00 00 00 00 00 00 00 00 00 00 00 00 00 00
05-04 12:04:22.121: [u2m] 134127277 net sock0 MACRAW rx len=60
05-04 12:04:22.121: [u2m] 134131418 net sock0 MACRAW rx len=60
05-04 12:04:23.333: [u2macraw] tx_q=0 tx_q_drop=0 rx_noroom=79 rx_toobig=0
05-04 12:04:23.875: [u2eth] RX itf=w0 tot_len=60 ff ff ff ff ff ff 50 14 79 d6 67 b3 08 06 00 01 08 00 06 04 00 01 50 14 79 d6 67 b3 c0 a8 00 e0 ff ff ff ff ff ff c0 a8 00 01 00 00 00 00 00 00 00 00 00 00 00 00 00 00 00 00 00 00
05-04 12:04:23.932: [u2m] 135989335 net sock0 MACRAW rx len=60
05-04 12:04:24.480: [u2eth] RX itf=w0 tot_len=60 ff ff ff ff ff ff 00 0c 29 2c bb f0 08 06 00 01 08 00 06 04 00 01 00 0c 29 2c bb f0 c0 a8 00 01 00 00 00 00 00 00 c0 a8 00 d6 00 00 00 00 00 00 00 00 00 00 00 00 00 00 00 00 00 00
05-04 12:04:24.541: [u2m] 136594764 net sock0 MACRAW rx len=60
05-04 12:04:25.086: [u2eth] RX itf=w0 tot_len=63 ff ff ff ff ff ff 00 11 32 39 c1 2a 08 00 45 00 00 31 22 4f 40 00 40 11 96 13 c0 a8 00 0a c0 a8 00 ff b9 4b 7e 9c 00 1d cf 33 4d 2d 53 45 41 52 43 48 20 2a 20 48 54 54 50 2f 31 2e 31 0d 0a
05-04 12:04:25.144: [u2eth] RX itf=w0 tot_len=63 ff ff ff ff ff ff 00 11 32 39 c1 2a 08 00 45 00 00 31 0f c7 40 00 40 11 a8 9a c0 a8 00 0b c0 a8 00 ff 82 a3 7e 9c 00 1d 05 db 4d 2d 53 45 41 52 43 48 20 2a 20 48 54 54 50 2f 31 2e 31 0d 0a
05-04 12:04:25.145: [u2m] 137200197 net sock0 MACRAW rx len=63
05-04 12:04:25.146: [u2m] 137204538 net sock0 MACRAW rx len=63
05-04 12:04:25.697: [u2eth] RX itf=w0 tot_len=63 ff ff ff ff ff ff 00 11 32 39 c1 2a 08 00 45 00 00 31 22 bb 40 00 40 11 95 a7 c0 a8 00 0a c0 a8 00 ff 88 2d 7e 9e 00 1d 00 50 4d 2d 53 45 41 52 43 48 20 2a 20 48 54 54 50 2f 31 2e 31 0d 0a
05-04 12:04:25.788: [u2eth] RX itf=w0 tot_len=63 ff ff ff ff ff ff 00 11 32 39 c1 2a 08 00 45 00 00 31 10 63 40 00 40 11 a7 fe c0 a8 00 0b c0 a8 00 ff b8 d9 7e 9e 00 1d cf a2 4d 2d 53 45 41 52 43 48 20 2a 20 48 54 54 50 2f 31 2e 31 0d 0a
05-04 12:04:25.789: [u2m] 137811498 net sock0 MACRAW rx len=63
05-04 12:04:25.789: [u2m] 137815840 net sock0 MACRAW rx len=63
05-04 12:04:25.957: [u2m] 138065101 sock0 RECV
05-04 12:04:25.958: [u2m] 138068478 sock0 RECV
05-04 12:04:25.958: [u2m] 138071838 sock0 RECV
05-04 12:04:26.059: [u2m] 138075579 sock0 RECV
05-04 12:04:26.060: [u2m] 138079128 sock0 RECV
05-04 12:04:26.060: [u2m] 138082489 sock0 RECV
05-04 12:04:26.060: [u2m] 138086056 sock0 RECV
05-04 12:04:26.061: [u2m] 138089605 sock0 RECV
05-04 12:04:26.061: [u2m] 138092963 sock0 RECV
05-04 12:04:26.061: [u2m] 138096529 sock0 RECV
05-04 12:04:26.061: [u2m] 138100095 sock0 RECV
05-04 12:04:26.062: [u2m] 138103662 sock0 RECV
05-04 12:04:26.062: [u2m] 138107212 sock0 RECV
05-04 12:04:26.062: [u2m] 138110554 sock0 RECV
05-04 12:04:26.062: [u2m] 138113914 sock0 RECV
05-04 12:04:26.062: [u2m] 138117481 sock0 RECV
05-04 12:04:26.062: [u2m] 138121048 sock0 RECV
05-04 12:04:26.063: [u2m] 138124615 sock0 RECV
05-04 12:04:26.063: [u2m] 138128164 sock0 RECV
05-04 12:04:26.063: [u2m] 138131505 sock0 RECV
05-04 12:04:26.110: [u2m] 138134847 sock0 RECV
05-04 12:04:26.111: [u2m] 138138188 sock0 RECV
05-04 12:04:26.111: [u2m] 138141549 sock0 RECV
05-04 12:04:26.111: [u2m] 138145116 sock0 RECV
05-04 12:04:26.112: [u2m] 138148683 sock0 RECV
05-04 12:04:26.112: [u2m] 138152250 sock0 RECV
05-04 12:04:26.112: [u2m] 138155801 sock0 RECV
05-04 12:04:26.113: [u2m] 138159142 sock0 RECV
05-04 12:04:26.113: [u2m] 138162484 sock0 RECV
05-04 12:04:26.113: [u2m] 138165824 sock0 RECV
05-04 12:04:26.113: [u2m] 138169166 sock0 RECV
05-04 12:04:26.114: [u2m] 138172526 sock0 RECV
05-04 12:04:26.114: [u2m] 138176092 sock0 RECV
05-04 12:04:26.114: [u2m] 138179659 sock0 RECV
05-04 12:04:26.114: [u2m] 138183226 sock0 RECV
05-04 12:04:28.331: [u2macraw] tx_q=0 tx_q_drop=0 rx_noroom=79 rx_toobig=0
05-04 12:04:29.079: [u2eth] RX itf=w0 tot_len=60 ff ff ff ff ff ff 00 0c 29 2c bb f0 08 06 00 01 08 00 06 04 00 01 00 0c 29 2c bb f0 c0 a8 00 01 00 00 00 00 00 00 c0 a8 00 d6 00 00 00 00 00 00 00 00 00 00 00 00 00 00 00 00 00 00
05-04 12:04:29.140: [u2m] 141194012 net sock0 MACRAW rx len=60
05-04 12:04:29.984: [u2eth] RX itf=w0 tot_len=63 ff ff ff ff ff ff 00 11 32 39 c1 2a 08 00 45 00 00 31 27 d8 40 00 40 11 90 8a c0 a8 00 0a c0 a8 00 ff b9 4b 7e 9c 00 1d cf 33 4d 2d 53 45 41 52 43 48 20 2a 20 48 54 54 50 2f 31 2e 31 0d 0a
05-04 12:04:30.050: [u2eth] RX itf=w0 tot_len=63 ff ff ff ff ff ff 00 11 32 39 c1 2a 08 00 45 00 00 31 1c 79 40 00 40 11 9b e8 c0 a8 00 0b c0 a8 00 ff 82 a3 7e 9c 00 1d 05 db 4d 2d 53 45 41 52 43 48 20 2a 20 48 54 54 50 2f 31 2e 31 0d 0a
05-04 12:04:30.051: [u2m] 142099560 net sock0 MACRAW rx len=63
05-04 12:04:30.051: [u2m] 142103908 net sock0 MACRAW rx len=63
05-04 12:04:30.396: [u2eth] TX itf=w0 tot_len=42 ff ff ff ff ff ff 88 a2 9e 48 22 7a 08 06 00 01 08 00 06 04 00 01 00 08 dc a2 a2 a2 c0 a8 00 f5 00 00 00 00 00 00 c0 a8 00 9a
05-04 12:04:30.508: [u2m] 142466838 sock0 SEND
05-04 12:04:30.509: [u2m] 142466850 net sock0 MACRAW ptrs len=42 rd=0x09CE wr=0x09F8 rdm=0xCE wrm=0xF8
05-04 12:04:30.509: [u2m] 142475486 sock0 RECV
05-04 12:04:30.509: [u2m] 142478869 sock0 RECV
05-04 12:04:30.509: [u2m] 142482611 sock0 RECV
05-04 12:04:30.509: [u2m] 142513592 net sock0 MACRAW tx len=42
05-04 12:04:30.604: [u2eth] RX itf=w0 tot_len=63 ff ff ff ff ff ff 00 11 32 39 c1 2a 08 00 45 00 00 31 28 7f 40 00 40 11 8f e3 c0 a8 00 0a c0 a8 00 ff 88 2d 7e 9e 00 1d 00 50 4d 2d 53 45 41 52 43 48 20 2a 20 48 54 54 50 2f 31 2e 31 0d 0a
05-04 12:04:30.657: [u2eth] RX itf=w0 tot_len=63 ff ff ff ff ff ff 00 11 32 39 c1 2a 08 00 45 00 00 31 1d 78 40 00 40 11 9a e9 c0 a8 00 0b c0 a8 00 ff b8 d9 7e 9e 00 1d cf a2 4d 2d 53 45 41 52 43 48 20 2a 20 48 54 54 50 2f 31 2e 31 0d 0a
05-04 12:04:30.657: [u2m] 142718982 net sock0 MACRAW rx len=63
05-04 12:04:30.658: [u2m] 142723338 net sock0 MACRAW rx len=63
05-04 12:04:30.658: [u2m] 142726671 sock0 RECV
05-04 12:04:30.658: [u2m] 142730238 sock0 RECV
05-04 12:04:32.117: [u2eth] RX itf=w0 tot_len=60 ff ff ff ff ff ff 00 0c 29 2c bb f0 08 06 00 01 08 00 06 04 00 01 00 0c 29 2c bb f0 c0 a8 00 01 00 00 00 00 00 00 c0 a8 00 d6 00 00 00 00 00 00 00 00 00 00 00 00 00 00 00 00 00 00
05-04 12:04:32.178: [u2m] 144231855 net sock0 MACRAW rx len=60
05-04 12:04:32.220: [u2m] 144240664 sock0 RECV
05-04 12:04:33.384: [u2macraw] tx_q=0 tx_q_drop=0 rx_noroom=79 rx_toobig=0
05-04 12:04:33.974: [u2eth] RX itf=w0 tot_len=60 ff ff ff ff ff ff 00 0c 29 2c bb f0 08 06 00 01 08 00 06 04 00 01 00 0c 29 2c bb f0 c0 a8 00 01 00 00 00 00 00 00 c0 a8 00 d6 00 00 00 00 00 00 00 00 00 00 00 00 00 00 00 00 00 00
05-04 12:04:34.031: [u2m] 146088592 net sock0 MACRAW rx len=60
05-04 12:04:35.229: [u2eth] RX itf=w0 tot_len=63 ff ff ff ff ff ff 00 11 32 39 c1 2a 08 00 45 00 00 31 36 7b 40 00 40 11 81 e7 c0 a8 00 0a c0 a8 00 ff b9 4b 7e 9c 00 1d cf 33 4d 2d 53 45 41 52 43 48 20 2a 20 48 54 54 50 2f 31 2e 31 0d 0a
05-04 12:04:35.284: [u2eth] RX itf=w0 tot_len=63 ff ff ff ff ff ff 00 11 32 39 c1 2a 08 00 45 00 00 31 20 03 40 00 40 11 98 5e c0 a8 00 0b c0 a8 00 ff 82 a3 7e 9c 00 1d 05 db 4d 2d 53 45 41 52 43 48 20 2a 20 48 54 54 50 2f 31 2e 31 0d 0a
05-04 12:04:35.285: [u2eth] RX itf=w0 tot_len=60 ff ff ff ff ff ff 00 0c 29 2c bb f0 08 06 00 01 08 00 06 04 00 01 00 0c 29 2c bb f0 c0 a8 00 01 00 00 00 00 00 00 c0 a8 00 d6 00 00 00 00 00 00 00 00 00 00 00 00 00 00 00 00 00 00
05-04 12:04:35.286: [u2m] 147344242 net sock0 MACRAW rx len=63
05-04 12:04:35.286: [u2m] 147348590 net sock0 MACRAW rx len=63
05-04 12:04:35.286: [u2m] 147353319 net sock0 MACRAW rx len=60
05-04 12:04:35.496: [u2eth] RX itf=w0 tot_len=63 ff ff ff ff ff ff 00 11 32 39 c1 2a 08 00 45 00 00 31 38 38 40 00 40 11 80 2a c0 a8 00 0a c0 a8 00 ff 88 2d 7e 9e 00 1d 00 50 4d 2d 53 45 41 52 43 48 20 2a 20 48 54 54 50 2f 31 2e 31 0d 0a
05-04 12:04:35.556: [u2eth] RX itf=w0 tot_len=63 ff ff ff ff ff ff 00 11 32 39 c1 2a 08 00 45 00 00 31 21 b4 40 00 40 11 96 ad c0 a8 00 0b c0 a8 00 ff b8 d9 7e 9e 00 1d cf a2 4d 2d 53 45 41 52 43 48 20 2a 20 48 54 54 50 2f 31 2e 31 0d 0a
05-04 12:04:35.557: [u2m] 147610963 net sock0 MACRAW rx len=63
05-04 12:04:35.558: [u2m] 147615309 net soRAW rx len=63
05-04 12:04:37.358: [u2eth] RX itf=w0 tot_len=60 ff ff ff ff ff ff 00 0c 29 2c bb f0 08 06 00 01 08 00 06 04 00 01 00 0c 29 2c bb f0 c0 a8 00 01 00 00 00 00 00 00 c0 a8 00 d6 00 00 00 00 00 00 00 00 00 00 00 00 00 00 00 00 00 00
05-04 12:04:37.428: [u2m] 149472711 net sock0 MACRAW rx len=60
05-04 12:04:37.963: [u2eth] RX itf=w0 tot_len=60 ff ff ff ff ff ff da 38 a1 20 e0 d7 08 06 00 01 08 00 06 04 00 01 da 38 a1 20 e0 d7 c0 a8 00 d2 00 00 00 00 00 00 c0 a8 00 f2 00 00 00 00 00 00 00 00 00 00 00 00 00 00 00 00 00 00
05-04 12:04:38.038: [u2m] 150078135 net sock0 MACRAW rx len=60
05-04 12:04:38.430: [u2macraw] tx_q=0 tx_q_drop=0 rx_noroom=79 rx_toobig=0
05-04 12:04:38.920: [u2eth] RX itf=w0 tot_len=117 ff ff ff ff ff ff 48 a9 8a 19 46 12 08 00 45 00 00 67 6c 22 00 00 ff 11 8e b8 c0 a8 00 03 ff ff ff ff 16 2e 16 2e 00 53 63 d8 62 22 01 00 00 01 00 06 48 a9 8a 19 46 12 00 05 00 08 4d 69 6b 72 ...
05-04 12:04:38.978: [u2m] 151034377 net sock0 MACRAW rx len=117
05-04 12:04:40.126: [u2eth] RX itf=w0 tot_len=63 ff ff ff ff ff ff 00 11 32 39 c1 2a 08 00 45 00 00 31 3e 3a 40 00 40 11 7a 28 c0 a8 00 0a c0 a8 00 ff b9 4b 7e 9c 00 1d cf 33 4d 2d 53 45 41 52 43 48 20 2a 20 48 54 54 50 2f 31 2e 31 0d 0a
05-04 12:04:40.184: [u2eth] RX itf=w0 tot_len=63 ff ff ff ff ff ff 00 11 32 39 c1 2a 08 00 45 00 00 31 2f ae 40 00 40 11 88 b3 c0 a8 00 0b c0 a8 00 ff 82 a3 7e 9c 00 1d 05 db 4d 2d 53 45 41 52 43 48 20 2a 20 48 54 54 50 2f 31 2e 31 0d 0a
05-04 12:04:40.184: [u2eth] RX itf=w0 tot_len=60 ff ff ff ff ff ff 00 0c 29 2c bb f0 08 06 00 01 08 00 06 04 00 01 00 0c 29 2c bb f0 c0 a8 00 01 00 00 00 00 00 00 c0 a8 00 d6 00 00 00 00 00 00 00 00 00 00 00 00 00 00 00 00 00 00
05-04 12:04:40.185: [u2m] 152240388 net sock0 MACRAW rx len=63
05-04 12:04:40.185: [u2m] 152244726 net sock0 MACRAW rx len=63
05-04 12:04:40.185: [u2m] 152249460 net sock0 MACRAW rx len=60
05-04 12:04:40.442: [u2eth] RX itf=w0 tot_len=63 ff ff ff ff ff ff 00 11 32 39 c1 2a 08 00 45 00 00 31 3e f3 40 00 40 11 79 6f c0 a8 00 0a c0 a8 00 ff 88 2d 7e 9e 00 1d 00 50 4d 2d 53 45 41 52 43 48 20 2a 20 48 54 54 50 2f 31 2e 31 0d 0a
05-04 12:04:40.503: [u2eth] RX itf=w0 tot_len=63 ff ff ff ff ff ff 00 11 32 39 c1 2a 08 00 45 00 00 31 30 83 40 00 40 11 87 de c0 a8 00 0b c0 a8 00 ff b8 d9 7e 9e 00 1d cf a2 4d 2d 53 45 41 52 43 48 20 2a 20 48 54 54 50 2f 31 2e 31 0d 0a
05-04 12:04:40.504: [u2m] 152557111 net sock0 MACRAW rx len=63
05-04 12:04:40.505: [u2m] 152561447 net sock0 MACRAW rx len=63
05-04 12:04:43.458: [u2macraw] tx_q=0 tx_q_drop=0 rx_noroom=79 rx_toobig=0
05-04 12:04:43.805: [u2eth] RX itf=w0 tot_len=60 ff ff ff ff ff ff 00 0c 29 2c bb f0 08 06 00 01 08 00 06 04 00 01 00 0c 29 2c bb f0 c0 a8 00 01 00 00 00 00 00 00 c0 a8 00 d6 00 00 00 00 00 00 00 00 00 00 00 00 00 00 00 00 00 00
05-04 12:04:43.864: [u2m] 155919999 net sock0 MACRAW rx len=60
05-04 12:04:44.711: [u2eth] RX itf=w0 tot_len=60 ff ff ff ff ff ff 50 14 79 d6 67 b3 08 06 00 01 08 00 06 04 00 01 50 14 79 d6 67 b3 c0 a8 00 e0 ff ff ff ff ff ff c0 a8 00 01 00 00 00 00 00 00 00 00 00 00 00 00 00 00 00 00 00 00
05-04 12:04:44.770: [u2m] 156825529 net sock0 MACRAW rx len=60
05-04 12:04:45.066: [u2eth] RX itf=w0 tot_len=63 ff ff ff ff ff ff 00 11 32 39 c1 2a 08 00 45 00 00 31 4a f5 40 00 40 11 6d 6d c0 a8 00 0a c0 a8 00 ff b9 4b 7e 9c 00 1d cf 33 4d 2d 53 45 41 52 43 48 20 2a 20 48 54 54 50 2f 31 2e 31 0d 0a
05-04 12:04:45.186: [u2eth] RX itf=w0 tot_len=63 ff ff ff ff ff ff 00 11 32 39 c1 2a 08 00 45 00 00 31 39 5d 40 00 40 11 7f 04 c0 a8 00 0b c0 a8 00 ff 82 a3 7e 9c 00 1d 05 db 4d 2d 53 45 41 52 43 48 20 2a 20 48 54 54 50 2f 31 2e 31 0d 0a
05-04 12:04:45.187: [u2m] 157180877 net sock0 MACRAW rx len=63
05-04 12:04:45.188: [u2m] 157185215 net sock0 MACRAW rx len=63
05-04 12:04:45.677: [u2eth] RX itf=w0 tot_len=63 ff ff ff ff ff ff 00 11 32 39 c1 2a 08 00 45 00 00 31 4c 95 40 00 40 11 6b cd c0 a8 00 0a c0 a8 00 ff 88 2d 7e 9e 00 1d 00 50 4d 2d 53 45 41 52 43 48 20 2a 20 48 54 54 50 2f 31 2e 31 0d 0a
05-04 12:04:45.746: [u2eth] RX itf=w0 tot_len=63 ff ff ff ff ff ff 00 11 32 39 c1 2a 08 00 45 00 00 31 3a f8 40 00 40 11 7d 69 c0 a8 00 0b c0 a8 00 ff b8 d9 7e 9e 00 1d cf a2 4d 2d 53 45 41 52 43 48 20 2a 20 48 54 54 50 2f 31 2e 31 0d 0a
05-04 12:04:45.748: [u2m] 157792180 net sock0 MACRAW rx len=63
05-04 12:04:45.749: [u2m] 157796525 net sock0 MACRAW rx len=63
05-04 12:04:46.289: [u2eth] RX itf=w0 tot_len=60 ff ff ff ff ff ff 00 0c 29 2c bb f0 08 06 00 01 08 00 06 04 00 01 00 0c 29 2c bb f0 c0 a8 00 01 00 00 00 00 00 00 c0 a8 00 d6 00 00 00 00 00 00 00 00 00 00 00 00 00 00 00 00 00 00
05-04 12:04:46.349: [u2m] 158403529 net sock0 MACRAW rx len=60
05-04 12:04:46.894: [u2eth] RX itf=w0 tot_len=92 ff ff ff ff ff ff 00 11 32 39 c1 2a 08 00 45 00 00 4e 4e 55 40 00 40 11 69 f0 c0 a8 00 0a c0 a8 00 ff 00 89 00 89 00 3a 7e 5e 7b 33 01 10 00 01 00 00 00 00 00 00 20 46 48 45 50 46 43 45 4c 45 ...
05-04 12:04:46.950: [u2eth] RX itf=w0 tot_len=92 ff ff ff ff ff ff 90 09 d0 5f 03 83 08 00 45 00 00 4e 83 0e 40 00 40 11 35 31 c0 a8 00 10 c0 a8 00 ff 00 89 00 89 00 3a c9 f6 5f 9b 01 10 00 01 00 00 00 00 00 00 20 46 41 45 42 45 48 46 43 45 ...
05-04 12:04:46.951: [u2eth] RX itf=w0 tot_len=92 ff ff ff ff ff ff 90 09 d0 5f 03 83 08 00 45 00 00 4e 83 0f 40 00 40 11 35 30 c0 a8 00 10 c0 a8 00 ff 00 89 00 89 00 3a c9 f5 5f 9c 01 10 00 01 00 00 00 00 00 00 20 46 41 45 42 45 48 46 43 45 ...
05-04 12:04:46.953: [u2eth] RX itf=w0 tot_len=92 ff ff ff ff ff ff b0 4f 13 ed 30 2f 08 00 45 00 00 4e 05 be 00 00 40 11 f1 a8 c0 a8 00 e9 c0 a8 00 ff 00 89 00 89 00 3a d3 92 4a 30 01 10 00 01 00 00 00 00 00 00 20 45 50 45 4a 46 44 43 41 43 ...
05-04 12:04:46.954: [u2eth] RX itf=w0 tot_len=92 ff ff ff ff ff ff b0 4f 13 ed 30 2f 08 00 45 00 00 4e 14 fb 00 00 40 11 e2 6b c0 a8 00 e9 c0 a8 00 ff 00 89 00 89 00 3a de 84 4a 34 01 10 00 01 00 00 00 00 00 00 20 46 41 45 42 45 48 46 43 45 ...
05-04 12:04:46.955: [u2eth] RX itf=w0 tot_len=92 ff ff ff ff ff ff b6 3b 00 a6 35 80 08 00 45 00 00 4e d3 8f 00 00 40 11 23 e5 c0 a8 00 db c0 a8 00 ff 00 89 00 89 00 3a d3 a0 4a 30 01 10 00 01 00 00 00 00 00 00 20 45 50 45 4a 46 44 43 41 43 ...
05-04 12:04:46.956: [u2eth] RX itf=w0 tot_len=92 ff ff ff ff ff ff b6 3b 00 a6 35 80 08 00 45 00 00 4e d5 8a 00 00 40 11 21 ea c0 a8 00 db c0 a8 00 ff 00 89 00 89 00 3a de 92 4a 34 01 10 00 01 00 00 00 00 00 00 20 46 41 45 42 45 48 46 43 45 ...
05-04 12:04:46.956: [u2eth] RX itf=w0 tot_len=92 ff ff ff ff ff ff b0 4f 13 ed 30 2f 08 00 45 00 00 4e 5f a1 00 00 40 11 97 c5 c0 a8 00 e9 c0 a8 00 ff 00 89 00 89 00 3a ae 7a 4a 38 01 10 00 01 00 00 00 00 00 00 20 46 48 45 50 46 43 45 4c 45 ...
05-04 12:04:46.956: [u2eth] RX itf=w0 tot_len=92 ff ff ff ff ff ff b6 3b 00 a6 35 80 08 00 45 00 00 4e 71 51 00 00 40 11 86 23 c0 a8 00 db c0 a8 00 ff 00 89 00 89 00 3a ae 88 4a 38 01 10 00 01 00 00 00 00 00 00 20 46 48 45 50 46 43 45 4c 45 ...
05-04 12:04:46.957: [u2m] 159008935 net sock0 MACRAW rx len=92
05-04 12:04:46.957: [u2m] 159013439 net sock0 MACRAW rx len=92
05-04 12:04:46.957: [u2m] 159018321 net sock0 MACRAW rx len=92
05-04 12:04:46.957: [u2m] 159023218 net sock0 MACRAW rx len=92
05-04 12:04:46.957: [u2m] 159028119 net sock0 MACRAW rx len=92
05-04 12:04:46.957: [u2m] 159033027 net sock0 MACRAW rx len=92
05-04 12:04:46.957: [u2m] 159037926 net sock0 MACRAW rx len=92
05-04 12:04:46.957: [u2m] 159042832 net sock0 MACRAW rx len=92
05-04 12:04:46.995: [u2m] 159047737 net sock0 MACRAW rx len=92
05-04 12:04:47.497: [u2eth] RX itf=w0 tot_len=92 ff ff ff ff ff ff b0 4f 13 ed 30 2f 08 00 45 00 00 4e 41 56 00 00 40 11 b6 10 c0 a8 00 e9 c0 a8 00 ff 00 89 00 89 00 3a d3 92 4a 30 01 10 00 01 00 00 00 00 00 00 20 45 50 45 4a 46 44 43 41 43 ...
05-04 12:04:47.553: [u2eth] RX itf=w0 tot_len=92 ff ff ff ff ff ff 00 11 32 39 c1 2a 08 00 45 00 00 4e 4f 55 40 00 40 11 68 f0 c0 a8 00 0a c0 a8 00 ff 00 89 00 89 00 3a 7e 5e 7b 33 01 10 00 01 00 00 00 00 00 00 20 46 48 45 50 46 43 45 4c 45 ...
05-04 12:04:47.554: [u2eth] RX itf=w0 tot_len=92 ff ff ff ff ff ff 90 09 d0 5f 03 83 08 00 45 00 00 4e 85 24 40 00 40 11 33 1b c0 a8 00 10 c0 a8 00 ff 00 89 00 89 00 3a c9 f6 5f 9b 01 10 00 01 00 00 00 00 00 00 20 46 41 45 42 45 48 46 43 45 ...
05-04 12:04:47.555: [u2eth] RX itf=w0 tot_len=92 ff ff ff ff ff ff 90 09 d0 5f 03 83 08 00 45 00 00 4e 85 25 40 00 40 11 33 1a c0 a8 00 10 c0 a8 00 ff 00 89 00 89 00 3a c9 f5 5f 9c 01 10 00 01 00 00 00 00 00 00 20 46 41 45 42 45 48 46 43 45 ...
05-04 12:04:47.556: [u2eth] RX itf=w0 tot_len=92 ff ff ff ff ff ff b0 4f 13 ed 30 2f 08 00 45 00 00 4e 12 4e 00 00 40 11 e5 18 c0 a8 00 e9 c0 a8 00 ff 00 89 00 89 00 3a de 84 4a 34 01 10 00 01 00 00 00 00 00 00 20 46 41 45 42 45 48 46 43 45 ...
05-04 12:04:47.557: [u2eth] RX itf=w0 tot_len=92 ff ff ff ff ff ff b6 3b 00 a6 35 80 08 00 45 00 00 4e 34 df 00 00 40 11 c2 95 c0 a8 00 db c0 a8 00 ff 00 89 00 89 00 3a d3 a0 4a 30 01 10 00 01 00 00 00 00 00 00 20 45 50 45 4a 46 44 43 41 43 ...
05-04 12:04:47.558: [u2eth] RX itf=w0 tot_len=92 ff ff ff ff ff ff b6 3b 00 a6 35 80 08 00 45 00 00 4e d8 70 00 00 40 11 1f 04 c0 a8 00 db c0 a8 00 ff 00 89 00 89 00 3a de 92 4a 34 01 10 00 01 00 00 00 00 00 00 20 46 41 45 42 45 48 46 43 45 ...
05-04 12:04:47.558: [u2eth] RX itf=w0 tot_len=92 ff ff ff ff ff ff b0 4f 13 ed 30 2f 08 00 45 00 00 4e d3 02 00 00 40 11 24 64 c0 a8 00 e9 c0 a8 00 ff 00 89 00 89 00 3a ae 7a 4a 38 01 10 00 01 00 00 00 00 00 00 20 46 48 45 50 46 43 45 4c 45 ...
05-04 12:04:47.559: [u2eth] RX itf=w0 tot_len=92 ff ff ff ff ff ff b6 3b 00 a6 35 80 08 00 45 00 00 4e 03 df 00 00 40 11 f3 95 c0 a8 00 db c0 a8 00 ff 00 89 00 89 00 3a ae 88 4a 38 01 10 00 01 00 00 00 00 00 00 20 46 48 45 50 46 43 45 4c 45 ...
05-04 12:04:47.559: [u2m] 159611591 net sock0 MACRAW rx len=92
05-04 12:04:47.559: [u2m] 159616088 net sock0 MACRAW rx len=92
05-04 12:04:47.559: [u2m] 159620967 net sock0 MACRAW rx len=92
05-04 12:04:47.559: [u2m] 159625866 net sock0 MACRAW rx len=92
05-04 12:04:47.559: [u2m] 159630769 net sock0 MACRAW rx len=92
05-04 12:04:47.559: [u2m] 159635671 net sock0 MACRAW rx len=92
05-04 12:04:47.559: [u2m] 159640575 net sock0 MACRAW rx len=92
05-04 12:04:47.559: [u2m] 159645482 net sock0 MACRAW rx len=92
05-04 12:04:47.598: [u2m] 159650387 net sock0 MACRAW rx len=92
05-04 12:04:48.099: [u2eth] RX itf=w0 tot_len=92 ff ff ff ff ff ff b0 4f 13 ed 30 2f 08 00 45 00 00 4e 06 77 00 00 40 11 f0 ef c0 a8 00 e9 c0 a8 00 ff 00 89 00 89 00 3a d3 92 4a 30 01 10 00 01 00 00 00 00 00 00 20 45 50 45 4a 46 44 43 41 43 ...
05-04 12:04:48.155: [u2eth] RX itf=w0 tot_len=92 ff ff ff ff ff ff 90 09 d0 5f 03 83 08 00 45 00 00 4e 86 34 40 00 40 11 32 0b c0 a8 00 10 c0 a8 00 ff 00 89 00 89 00 3a c9 f6 5f 9b 01 10 00 01 00 00 00 00 00 00 20 46 41 45 42 45 48 46 43 45 ...
05-04 12:04:48.157: [u2eth] RX itf=w0 tot_len=92 ff ff ff ff ff ff 90 09 d0 5f 03 83 08 00 45 00 00 4e 86 35 40 00 40 11 32 0a c0 a8 00 10 c0 a8 00 ff 00 89 00 89 00 3a c9 f5 5f 9c 01 10 00 01 00 00 00 00 00 00 20 46 41 45 42 45 48 46 43 45 ...
05-04 12:04:48.158: [u2eth] RX itf=w0 tot_len=92 ff ff ff ff ff ff 00 11 32 39 c1 2a 08 00 45 00 00 4e 4f f1 40 00 40 11 68 54 c0 a8 00 0a c0 a8 00 ff 00 89 00 89 00 3a 7e 5e 7b 33 01 10 00 01 00 00 00 00 00 00 20 46 48 45 50 46 43 45 4c 45 ...
05-04 12:04:48.159: [u2eth] RX itf=w0 tot_len=92 ff ff ff ff ff ff b6 3b 00 a6 35 80 08 00 45 00 00 4e 69 f1 00 00 40 11 8d 83 c0 a8 00 db c0 a8 00 ff 00 89 00 89 00 3a d3 a0 4a 30 01 10 00 01 00 00 00 00 00 00 20 45 50 45 4a 46 44 43 41 43 ...
05-04 12:04:48.160: [u2eth] RX itf=w0 tot_len=92 ff ff ff ff ff ff b0 4f 13 ed 30 2f 08 00 45 00 00 4e 49 2f 00 00 40 11 ae 37 c0 a8 00 e9 c0 a8 00 ff 00 89 00 89 00 3a de 84 4a 34 01 10 00 01 00 00 00 00 00 00 20 46 41 45 42 45 48 46 43 45 ...
05-04 12:04:48.160: [u2eth] RX itf=w0 tot_len=92 ff ff ff ff ff ff b6 3b 00 a6 35 80 08 00 45 00 00 4e a4 01 00 00 40 11 53 73 c0 a8 00 db c0 a8 00 ff 00 89 00 89 00 3a de 92 4a 34 01 10 00 01 00 00 00 00 00 00 20 46 41 45 42 45 48 46 43 45 ...
05-04 12:04:48.161: [u2eth] RX itf=w0 tot_len=92 ff ff ff ff ff ff b0 4f 13 ed 30 2f 08 00 45 00 00 4e 66 fa 00 00 40 11 90 6c c0 a8 00 e9 c0 a8 00 ff 00 89 00 89 00 3a ae 7a 4a 38 01 10 00 01 00 00 00 00 00 00 20 46 48 45 50 46 43 45 4c 45 ...
05-04 12:04:48.161: [u2eth] RX itf=w0 tot_len=92 ff ff ff ff ff ff b6 3b 00 a6 35 80 08 00 45 00 00 4e 65 53 00 00 40 11 92 21 c0 a8 00 db c0 a8 00 ff 00 89 00 89 00 3a ae 88 4a 38 01 10 00 01 00 00 00 00 00 00 20 46 48 45 50 46 43 45 4c 45 ...
05-04 12:04:48.161: [u2m] 160214241 net sock0 MACRAW rx len=92
05-04 12:04:48.162: [u2m] 160218737 net sock0 MACRAW rx len=92
05-04 12:04:48.162: [u2m] 160223617 net sock0 MACRAW rx len=92
05-04 12:04:48.162: [u2m] 160228516 net sock0 MACRAW rx len=92
05-04 12:04:48.162: [u2m] 160233419 net sock0 MACRAW rx len=92
05-04 12:04:48.162: [u2m] 160238322 net sock0 MACRAW rx len=92
05-04 12:04:48.162: [u2m] 160243227 net sock0 MACRAW rx len=92
05-04 12:04:48.162: [u2m] 160248130 net sock0 MACRAW rx len=92
05-04 12:04:48.214: [u2m] 160253035 net sock0 MACRAW rx len=92
05-04 12:04:48.503: [u2macraw] tx_q=0 tx_q_drop=0 rx_noroom=79 rx_toobig=0
05-04 12:04:49.053: [u2eth] RX itf=w0 tot_len=60 ff ff ff ff ff ff 00 0c 29 2c bb f0 08 06 00 01 08 00 06 04 00 01 00 0c 29 2c bb f0 c0 a8 00 01 00 00 00 00 00 00 c0 a8 00 d6 00 00 00 00 00 00 00 00 00 00 00 00 00 00 00 00 00 00
05-04 12:04:49.118: [u2m] 161167695 net sock0 MACRAW rx len=60
05-04 12:04:49.958: [u2eth] RX itf=w0 tot_len=63 ff ff ff ff ff ff 00 11 32 39 c1 2a 08 00 45 00 00 31 50 3d 40 00 40 11 68 25 c0 a8 00 0a c0 a8 00 ff b9 4b 7e 9c 00 1d cf 33 4d 2d 53 45 41 52 43 48 20 2a 20 48 54 54 50 2f 31 2e 31 0d 0a
05-04 12:04:50.021: [u2eth] RX itf=w0 tot_len=63 ff ff ff ff ff ff 00 11 32 39 c1 2a 08 00 45 00 00 31 42 52 40 00 40 11 76 0f c0 a8 00 0b c0 a8 00 ff 82 a3 7e 9c 00 1d 05 db 4d 2d 53 45 41 52 43 48 20 2a 20 48 54 54 50 2f 31 2e 31 0d 0a
05-04 12:04:50.023: [u2m] 162073215 net sock0 MACRAW rx len=63
05-04 12:04:50.023: [u2m] 162077562 net sock0 MACRAW rx len=63
05-04 12:04:50.269: [u2eth] RX itf=w0 tot_len=92 ff ff ff ff ff ff 00 11 32 39 c1 2a 08 00 45 00 00 4e 50 7a 40 00 40 11 67 cb c0 a8 00 0a c0 a8 00 ff 00 89 00 89 00 3a 7e 5e 7b 33 01 10 00 01 00 00 00 00 00 00 20 46 48 45 50 46 43 45 4c 45 ...
05-04 12:04:50.328: [u2eth] RX itf=w0 tot_len=225 ff ff ff ff ff ff 00 11 32 39 c1 2a 08 00 45 00 00 d3 50 7b 40 00 40 11 67 45 c0 a8 00 0a c0 a8 00 ff 00 8a 00 8a 00 bf 3a b1 11 0a 7b 34 c0 a8 00 0a 00 8a 00 a9 00 00 20 45 4e 45 42 46 45 45 ...
05-04 12:04:50.331: [u2eth] RX itf=w0 tot_len=92 ff ff ff ff ff ff 90 09 d0 5f 03 83 08 00 45 00 00 4e 89 4a 40 00 40 11 2e f5 c0 a8 00 10 c0 a8 00 ff 00 89 00 89 00 3a c9 f6 5f 9b 01 10 00 01 00 00 00 00 00 00 20 46 41 45 42 45 48 46 43 45 ...
05-04 12:04:50.332: [u2eth] RX itf=w0 tot_len=92 ff ff ff ff ff ff 90 09 d0 5f 03 83 08 00 45 00 00 4e 89 4b 40 00 40 11 2e f4 c0 a8 00 10 c0 a8 00 ff 00 89 00 89 00 3a c9 f5 5f 9c 01 10 00 01 00 00 00 00 00 00 20 46 41 45 42 45 48 46 43 45 ...
05-04 12:04:50.334: [u2eth] RX itf=w0 tot_len=225 ff ff ff ff ff ff 90 09 d0 5f 03 83 08 00 45 00 00 d3 81 ac 40 00 40 11 36 10 c0 a8 00 0e c0 a8 00 ff 00 8a 00 8a 00 bf 5e 42 11 0a 5f 9d c0 a8 00 0e 00 8a 00 a9 00 00 20 46 44 46 4a 45 4f 45 ...
05-04 12:04:50.334: [u2eth] RX itf=w0 tot_len=225 ff ff ff ff ff ff 90 09 d0 5f 03 83 08 00 45 00 00 d3 89 4c 40 00 40 11 2e 6e c0 a8 00 10 c0 a8 00 ff 00 8a 00 8a 00 bf 5e 3d 11 0a 5f 9e c0 a8 00 10 00 8a 00 a9 00 00 20 46 44 46 4a 45 4f 45 ...
05-04 12:04:50.335: [u2m] 162384403 net sock0 MACRAW rx len=92
05-04 12:04:50.335: [u2m] 162388884 net sock0 MACRAW rx len=225
05-04 12:04:50.335: [u2m] 162393788 net sock0 MACRAW rx len=92
05-04 12:04:50.335: [u2m] 162398689 net sock0 MACRAW rx len=92
05-04 12:04:50.335: [u2m] 162403594 net sock0 MACRAW rx len=225
05-04 12:04:50.335: [u2m] 162408522 net sock0 MACRAW rx len=225
05-04 12:04:50.555: [u2eth] RX itf=w0 tot_len=63 ff ff ff ff ff ff 00 11 32 39 c1 2a 08 00 45 00 00 31 51 a1 40 00 40 11 66 c1 c0 a8 00 0a c0 a8 00 ff 88 2d 7e 9e 00 1d 00 50 4d 2d 53 45 41 52 43 48 20 2a 20 48 54 54 50 2f 31 2e 31 0d 0a
05-04 12:04:50.615: [u2eth] RX itf=w0 tot_len=63 ff ff ff ff ff ff 00 11 32 39 c1 2a 08 00 45 00 00 31 43 35 40 00 40 11 75 2c c0 a8 00 0b c0 a8 00 ff b8 d9 7e 9e 00 1d cf a2 4d 2d 53 45 41 52 43 48 20 2a 20 48 54 54 50 2f 31 2e 31 0d 0a
05-04 12:04:50.616: [u2m] 162669473 net sock0 MACRAW rx len=63
05-04 12:04:50.617: [u2m] 162673799 net sock0 MACRAW rx len=63
05-04 12:04:51.516: [u2eth] RX itf=w0 tot_len=60 ff ff ff ff ff ff 00 0c 29 2c bb f0 08 06 00 01 08 00 06 04 00 01 00 0c 29 2c bb f0 c0 a8 00 01 00 00 00 00 00 00 c0 a8 00 d6 00 00 00 00 00 00 00 00 00 00 00 00 00 00 00 00 00 00
05-04 12:04:51.578: [u2m] 163630895 net sock0 MACRAW rx len=60
05-04 12:04:53.535: [u2macraw] tx_q=0 tx_q_drop=0 rx_noroom=89 rx_toobig=0
05-04 12:04:54.273: [u2eth] RX itf=w0 tot_len=60 ff ff ff ff ff ff 00 0c 29 2c bb f0 08 06 00 01 08 00 06 04 00 01 00 0c 29 2c bb f0 c0 a8 00 01 00 00 00 00 00 00 c0 a8 00 d6 00 00 00 00 00 00 00 00 00 00 00 00 00 00 00 00 00 00
05-04 12:04:54.332: [u2m] 166387827 net sock0 MACRAW rx len=60
05-04 12:04:55.178: [u2eth] RX itf=w0 tot_len=63 ff ff ff ff ff ff 00 11 32 39 c1 2a 08 00 45 00 00 31 55 63 40 00 40 11 62 ff c0 a8 00 0a c0 a8 00 ff b9 4b 7e 9c 00 1d cf 33 4d 2d 53 45 41 52 43 48 20 2a 20 48 54 54 50 2f 31 2e 31 0d 0a
05-04 12:04:55.239: [u2eth] RX itf=w0 tot_len=63 ff ff ff ff ff ff 00 11 32 39 c1 2a 08 00 45 00 00 31 48 65 40 00 40 11 6f fc c0 a8 00 0b c0 a8 00 ff 82 a3 7e 9c 00 1d 05 db 4d 2d 53 45 41 52 43 48 20 2a 20 48 54 54 50 2f 31 2e 31 0d 0a
05-04 12:04:55.241: [u2m] 167293363 net sock0 MACRAW rx len=63
05-04 12:04:55.241: [u2m] 167297693 net sock0 MACRAW rx len=63
05-04 12:04:55.490: [u2eth] RX itf=w0 tot_len=63 ff ff ff ff ff ff 00 11 32 39 c1 2a 08 00 45 00 00 31 56 23 40 00 40 11 62 3f c0 a8 00 0a c0 a8 00 ff 88 2d 7e 9e 00 1d 00 50 4d 2d 53 45 41 52 43 48 20 2a 20 48 54 54 50 2f 31 2e 31 0d 0a
05-04 12:04:55.547: [u2eth] RX itf=w0 tot_len=63 ff ff ff ff ff ff 00 11 32 39 c1 2a 08 00 45 00 00 31 48 98 40 00 40 11 6f c9 c0 a8 00 0b c0 a8 00 ff b8 d9 7e 9e 00 1d cf a2 4d 2d 53 45 41 52 43 48 20 2a 20 48 54 54 50 2f 31 2e 31 0d 0a
05-04 12:04:55.548: [u2m] 167604565 net sock0 MACRAW rx len=63
05-04 12:04:55.549: [u2m] 167608893 net sock0 MACRAW rx len=63
05-04 12:04:56.314: [u2m] 168414022 sock0 RECV
05-04 12:04:56.365: [u2m] 168417408 sock0 RECV
05-04 12:04:56.365: [u2m] 168421151 sock0 RECV
05-04 12:04:56.366: [u2m] 168424700 sock0 RECV
05-04 12:04:56.366: [u2m] 168428058 sock0 RECV
05-04 12:04:56.366: [u2m] 168431625 sock0 RECV
05-04 12:04:56.366: [u2m] 168435175 sock0 RECV
05-04 12:04:56.366: [u2m] 168438516 sock0 RECV
05-04 12:04:56.367: [u2m] 168442190 sock0 RECV
05-04 12:04:56.367: [u2m] 168445747 sock0 RECV
05-04 12:04:56.367: [u2m] 168449314 sock0 RECV
05-04 12:04:56.367: [u2m] 168452864 sock0 RECV
05-04 12:04:56.368: [u2m] 168456223 sock0 RECV
05-04 12:04:56.368: [u2m] 168459788 sock0 RECV
05-04 12:04:56.368: [u2m] 168463337 sock0 RECV
05-04 12:04:56.368: [u2m] 168466680 sock0 RECV
05-04 12:04:56.368: [u2m] 168470039 sock0 RECV
05-04 12:04:56.416: [u2m] 168473645 sock0 RECV
05-04 12:04:56.416: [u2m] 168477212 sock0 RECV
05-04 12:04:56.416: [u2m] 168480779 sock0 RECV
05-04 12:04:56.416: [u2m] 168484329 sock0 RECV
05-04 12:04:56.416: [u2m] 168487856 sock0 RECV
05-04 12:04:56.417: [u2m] 168491590 sock0 RECV
05-04 12:04:56.417: [u2m] 168495326 sock0 RECV
05-04 12:04:56.417: [u2m] 168499059 sock0 RECV
05-04 12:04:56.417: [u2m] 168502795 sock0 RECV
05-04 12:04:56.417: [u2m] 168506530 sock0 RECV
05-04 12:04:56.466: [u2m] 168510264 sock0 RECV
05-04 12:04:56.466: [u2m] 168514000 sock0 RECV
05-04 12:04:56.467: [u2m] 168517734 sock0 RECV
05-04 12:04:56.467: [u2m] 168521470 sock0 RECV
05-04 12:04:56.467: [u2m] 168525205 sock0 RECV
05-04 12:04:56.467: [u2m] 168528939 sock0 RECV
05-04 12:04:56.467: [u2m] 168532675 sock0 RECV
05-04 12:04:56.515: [u2m] 168536410 sock0 RECV
05-04 12:04:56.516: [u2m] 168540144 sock0 RECV
05-04 12:04:56.516: [u2m] 168543879 sock0 RECV
05-04 12:04:56.517: [u2m] 168547614 sock0 RECV
05-04 12:04:56.517: [u2m] 168551349 sock0 RECV
05-04 12:04:56.517: [u2m] 168555084 sock0 RECV
05-04 12:04:56.518: [u2m] 168558819 sock0 RECV
05-04 12:04:56.518: [u2m] 168562554 sock0 RECV
05-04 12:04:56.518: [u2m] 168566289 sock0 RECV
05-04 12:04:56.518: [u2m] 168570024 sock0 RECV
05-04 12:04:56.518: [u2m] 168573759 sock0 RECV
05-04 12:04:56.518: [u2m] 168577494 sock0 RECV
05-04 12:04:56.518: [u2m] 168581228 sock0 RECV
05-04 12:04:56.519: [u2m] 168584964 sock0 RECV
05-04 12:04:56.519: [u2m] 168588513 sock0 RECV
05-04 12:04:56.519: [u2m] 168591871 sock0 RECV
05-04 12:04:57.080: [u2eth] TX itf=w0 tot_len=42 ff ff ff ff ff ff 88 a2 9e 48 22 7a 08 06 00 01 08 00 06 04 00 01 00 08 dc a2 a2 a2 c0 a8 00 f5 00 00 00 00 00 00 c0 a8 00 9a
05-04 12:04:57.140: [u2m] 169191375 sock0 SEND
05-04 12:04:57.140: [u2m] 169191387 net sock0 MACRAW ptrs len=42 rd=0x09F8 wr=0x0A22 rdm=0xF8 wrm=0x22
05-04 12:04:57.140: [u2m] 169197254 net sock0 MACRAW tx len=42
05-04 12:04:57.336: [u2eth] RX itf=w0 tot_len=60 ff ff ff ff ff ff 00 0c 29 2c bb f0 08 06 00 01 08 00 06 04 00 01 00 0c 29 2c bb f0 c0 a8 00 01 00 00 00 00 00 00 c0 a8 00 d6 00 00 00 00 00 00 00 00 00 00 00 00 00 00 00 00 00 00
05-04 12:04:57.396: [u2m] 169450827 net sock0 MACRAW rx len=60
05-04 12:04:57.397: [u2m] 169454831 sock0 RECV
05-04 12:04:58.555: [u2macraw] tx_q=0 tx_q_drop=0 rx_noroom=94 rx_toobig=0
05-04 12:05:00.094: [u2eth] RX itf=w0 tot_len=63 ff ff ff ff ff ff 00 11 32 39 c1 2a 08 00 45 00 00 31 57 63 40 00 40 11 60 ff c0 a8 00 0a c0 a8 00 ff b9 4b 7e 9c 00 1d cf 33 4d 2d 53 45 41 52 43 48 20 2a 20 48 54 54 50 2f 31 2e 31 0d 0a
05-04 12:05:00.153: [u2eth] RX itf=w0 tot_len=63 ff ff ff ff ff ff 00 11 32 39 c1 2a 08 00 45 00 00 31 4a 95 40 00 40 11 6d cc c0 a8 00 0b c0 a8 00 ff 82 a3 7e 9c 00 1d 05 db 4d 2d 53 45 41 52 43 48 20 2a 20 48 54 54 50 2f 31 2e 31 0d 0a
05-04 12:05:00.155: [u2m] 172208378 net sock0 MACRAW rx len=63
05-04 12:05:00.155: [u2m] 172212722 net sock0 MACRAW rx len=63
05-04 12:05:00.405: [u2eth] RX itf=w0 tot_len=63 ff ff ff ff ff ff 00 11 32 39 c1 2a 08 00 45 00 00 31 58 d6 40 00 40 11 5f 8c c0 a8 00 0a c0 a8 00 ff 88 2d 7e 9e 00 1d 00 50 4d 2d 53 45 41 52 43 48 20 2a 20 48 54 54 50 2f 31 2e 31 0d 0a
05-04 12:05:00.465: [u2eth] RX itf=w0 tot_len=63 ff ff ff ff ff ff 00 11 32 39 c1 2a 08 00 45 00 00 31 4c 5e 40 00 40 11 6c 03 c0 a8 00 0b c0 a8 00 ff b8 d9 7e 9e 00 1d cf a2 4d 2d 53 45 41 52 43 48 20 2a 20 48 54 54 50 2f 31 2e 31 0d 0a
05-04 12:05:00.466: [u2m] 172519586 net sock0 MACRAW rx len=63
05-04 12:05:00.467: [u2m] 172523918 net sock0 MACRAW rx len=63
05-04 12:05:00.507: [u2m] 172559111 sock0 RECV
05-04 12:05:00.508: [u2m] 172562874 sock0 RECV
05-04 12:05:00.508: [u2m] 172566441 sock0 RECV
05-04 12:05:00.508: [u2m] 172570008 sock0 RECV
05-04 12:05:01.968: [u2eth] TX itf=w0 tot_len=42 ff ff ff ff ff ff 88 a2 9e 48 22 7a 08 06 00 01 08 00 06 04 00 01 00 08 dc a2 a2 a2 c0 a8 00 f5 00 00 00 00 00 00 c0 a8 00 9a
05-04 12:05:02.027: [u2m] 174046017 sock0 SEND
05-04 12:05:02.028: [u2m] 174046028 net sock0 MACRAW ptrs len=42 rd=0x0A22 wr=0x0A4C rdm=0x22 wrm=0x4C
05-04 12:05:02.028: [u2m] 174085925 net sock0 MACRAW tx len=42
05-04 12:05:02.575: [u2eth] RX itf=w0 tot_len=60 ff ff ff ff ff ff 00 0c 29 2c bb f0 08 06 00 01 08 00 06 04 00 01 00 0c 29 2c bb f0 c0 a8 00 01 00 00 00 00 00 00 c0 a8 00 d6 00 00 00 00 00 00 00 00 00 00 00 00 00 00 00 00 00 00
05-04 12:05:02.634: [u2m] 174689644 net sock0 MACRAW rx len=60
05-04 12:05:02.634: [u2m] 174693153 sock0 RECV
05-04 12:05:03.586: [u2macraw] tx_q=0 tx_q_drop=0 rx_noroom=94 rx_toobig=0
05-04 12:05:04.082: [u2eth] RX itf=w0 tot_len=60 ff ff ff ff ff ff 3c 7d 0a 19 77 59 08 06 00 01 08 00 06 04 00 01 3c 7d 0a 19 77 59 c0 a8 00 9a 00 00 00 00 00 00 c0 a8 00 e7 00 00 00 00 00 00 00 00 00 00 00 00 00 00 00 00 00 00
05-04 12:05:04.142: [u2m] 176196746 net sock0 MACRAW rx len=60
05-04 12:05:04.184: [u2m] 176204789 sock0 RECV
05-04 12:05:04.988: [u2eth] RX itf=w0 tot_len=63 ff ff ff ff ff ff 00 11 32 39 c1 2a 08 00 45 00 00 31 5d 97 40 00 40 11 5a cb c0 a8 00 0a c0 a8 00 ff b9 4b 7e 9c 00 1d cf 33 4d 2d 53 45 41 52 43 48 20 2a 20 48 54 54 50 2f 31 2e 31 0d 0a
05-04 12:05:05.040: [u2eth] RX itf=w0 tot_len=63 ff ff ff ff ff ff 00 11 32 39 c1 2a 08 00 45 00 00 31 5c 72 40 00 40 11 5b ef c0 a8 00 0b c0 a8 00 ff 82 a3 7e 9c 00 1d 05 db 4d 2d 53 45 41 52 43 48 20 2a 20 48 54 54 50 2f 31 2e 31 0d 0a
05-04 12:05:05.041: [u2m] 177102448 net sock0 MACRAW rx len=63
05-04 12:05:05.041: [u2m] 177106789 net sock0 MACRAW rx len=63
05-04 12:05:05.041: [u2m] 177110515 sock0 RECV
05-04 12:05:05.089: [u2m] 177117140 sock0 RECV
05-04 12:05:05.299: [u2eth] RX itf=w0 tot_len=60 ff ff ff ff ff ff 00 0c 29 2c bb f0 08 06 00 01 08 00 06 04 00 01 00 0c 29 2c bb f0 c0 a8 00 01 00 00 00 00 00 00 c0 a8 00 d6 00 00 00 00 00 00 00 00 00 00 00 00 00 00 00 00 00 00
05-04 12:05:05.352: [u2m] 177414399 net sock0 MACRAW rx len=60
05-04 12:05:05.353: [u2m] 177418499 sock0 RECV
05-04 12:05:05.402: [u2m] 177422119 sock0 RECV
05-04 12:05:05.403: [u2m] 177425975 sock0 RECV
05-04 12:05:05.403: [u2m] 177429710 sock0 RECV
05-04 12:05:05.403: [u2m] 177433446 sock0 RECV
05-04 12:05:05.403: [u2m] 177437180 sock0 RECV
05-04 12:05:05.404: [u2m] 177440913 sock0 RECV
05-04 12:05:05.404: [u2m] 177444646 sock0 RECV
05-04 12:05:05.404: [u2m] 177448385 sock0 RECV
05-04 12:05:05.405: [u2m] 177452120 sock0 RECV
05-04 12:05:05.405: [u2m] 177455856 sock0 RECV
05-04 12:05:05.405: [u2m] 177459590 sock0 RECV
05-04 12:05:05.405: [u2m] 177463325 sock0 RECV
05-04 12:05:05.405: [u2m] 177467060 sock0 RECV
05-04 12:05:05.406: [u2m] 177470794 sock0 RECV
05-04 12:05:05.406: [u2m] 177474530 sock0 RECV
05-04 12:05:05.406: [u2m] 177478264 sock0 RECV
05-04 12:05:05.453: [u2m] 177482000 sock0 RECV
05-04 12:05:05.454: [u2m] 177485735 sock0 RECV
05-04 12:05:05.455: [u2m] 177489469 sock0 RECV
05-04 12:05:05.455: [u2m] 177493205 sock0 RECV
05-04 12:05:05.455: [u2m] 177496939 sock0 RECV
05-04 12:05:05.455: [u2m] 177500674 sock0 RECV
05-04 12:05:05.456: [u2m] 177504410 sock0 RECV
05-04 12:05:05.456: [u2m] 177507959 sock0 RECV
05-04 12:05:05.456: [u2m] 177511329 sock0 RECV
05-04 12:05:05.456: [u2m] 177514878 sock0 RECV
05-04 12:05:05.456: [u2m] 177518239 sock0 RECV
05-04 12:05:05.457: [u2m] 177521806 sock0 RECV
05-04 12:05:05.457: [u2m] 177525373 sock0 RECV
05-04 12:05:05.457: [u2m] 177528940 sock0 RECV
05-04 12:05:05.457: [u2m] 177532489 sock0 RECV
05-04 12:05:05.457: [u2m] 177535831 sock0 RECV
05-04 12:05:05.504: [u2m] 177539191 sock0 RECV
05-04 12:05:05.505: [u2m] 177542758 sock0 RECV
05-04 12:05:05.505: [u2m] 177546307 sock0 RECV
05-04 12:05:05.625: [u2eth] RX itf=w0 tot_len=63 ff ff ff ff ff ff 00 11 32 39 c1 2a 08 00 45 00 00 31 5e f7 40 00 40 11 59 6b c0 a8 00 0a c0 a8 00 ff 88 2d 7e 9e 00 1d 00 50 4d 2d 53 45 41 52 43 48 20 2a 20 48 54 54 50 2f 31 2e 31 0d 0a
05-04 12:05:05.678: [u2eth] RX itf=w0 tot_len=63 ff ff ff ff ff ff 00 11 32 39 c1 2a 08 00 45 00 00 31 5d 31 40 00 40 11 5b 30 c0 a8 00 0b c0 a8 00 ff b8 d9 7e 9e 00 1d cf a2 4d 2d 53 45 41 52 43 48 20 2a 20 48 54 54 50 2f 31 2e 31 0d 0a
05-04 12:05:05.679: [u2m] 177739842 net sock0 MACRAW rx len=63
05-04 12:05:05.679: [u2m] 177744175 net sock0 MACRAW rx len=63
05-04 12:05:05.679: [u2m] 177744372 sock0 RECV
05-04 12:05:05.727: [u2m] 177753666 sock0 RECV
05-04 12:05:05.937: [u2eth] RX itf=w0 tot_len=60 ff ff ff ff ff ff 50 14 79 d6 67 b3 08 06 00 01 08 00 06 04 00 01 50 14 79 d6 67 b3 c0 a8 00 e0 ff ff ff ff ff ff c0 a8 00 01 00 00 00 00 00 00 00 00 00 00 00 00 00 00 00 00 00 00
05-04 12:05:05.990: [u2m] 178051830 net sock0 MACRAW rx len=60
05-04 12:05:08.393: [u2eth] RX itf=w0 tot_len=60 ff ff ff ff ff ff 00 0c 29 2c bb f0 08 06 00 01 08 00 06 04 00 01 00 0c 29 2c bb f0 c0 a8 00 01 00 00 00 00 00 00 c0 a8 00 d6 00 00 00 00 00 00 00 00 00 00 00 00 00 00 00 00 00 00
05-04 12:05:08.444: [u2m] 180507873 net sock0 MACRAW rx len=60
05-04 12:05:08.605: [u2macraw] tx_q=0 tx_q_drop=0 rx_noroom=94 rx_toobig=0
05-04 12:05:09.948: [u2eth] RX itf=w0 tot_len=63 ff ff ff ff ff ff 00 11 32 39 c1 2a 08 00 45 00 00 31 61 c4 40 00 40 11 56 9e c0 a8 00 0a c0 a8 00 ff b9 4b 7e 9c 00 1d cf 33 4d 2d 53 45 41 52 43 48 20 2a 20 48 54 54 50 2f 31 2e 31 0d 0a
05-04 12:05:10.000: [u2eth] RX itf=w0 tot_len=63 ff ff ff ff ff ff 00 11 32 39 c1 2a 08 00 45 00 00 31 60 40 40 00 40 11 58 21 c0 a8 00 0b c0 a8 00 ff 82 a3 7e 9c 00 1d 05 db 4d 2d 53 45 41 52 43 48 20 2a 20 48 54 54 50 2f 31 2e 31 0d 0a
05-04 12:05:10.001: [u2m] 182064310 net sock0 MACRAW rx len=63
05-04 12:05:10.001: [u2m] 182068646 net sock0 MACRAW rx len=63
05-04 12:05:10.560: [u2eth] RX itf=w0 tot_len=63 ff ff ff ff ff ff 00 11 32 39 c1 2a 08 00 45 00 00 31 61 c8 40 00 40 11 56 9a c0 a8 00 0a c0 a8 00 ff 88 2d 7e 9e 00 1d 00 50 4d 2d 53 45 41 52 43 48 20 2a 20 48 54 54 50 2f 31 2e 31 0d 0a
05-04 12:05:10.614: [u2eth] RX itf=w0 tot_len=63 ff ff ff ff ff ff 00 11 32 39 c1 2a 08 00 45 00 00 31 61 d5 40 00 40 11 56 8c c0 a8 00 0b c0 a8 00 ff b8 d9 7e 9e 00 1d cf a2 4d 2d 53 45 41 52 43 48 20 2a 20 48 54 54 50 2f 31 2e 31 0d 0a
05-04 12:05:10.615: [u2m] 182675625 net sock0 MACRAW rx len=63
05-04 12:05:10.615: [u2m] 182679960 net sock0 MACRAW rx len=63
05-04 12:05:10.822: [u2eth] RX itf=w0 tot_len=60 ff ff ff ff ff ff 00 0c 29 2c bb f0 08 06 00 01 08 00 06 04 00 01 00 0c 29 2c bb f0 c0 a8 00 01 00 00 00 00 00 00 c0 a8 00 d6 00 00 00 00 00 00 00 00 00 00 00 00 00 00 00 00 00 00
05-04 12:05:10.873: [u2m] 182936791 net sock0 MACRAW rx len=60
05-04 12:06:01.155: [u2] init
05-04 12:06:01.156: [u2m] U2 activity monitor on (UART 460800); bus+socket+net events; ring=256 flush<=128/call
05-04 12:06:01.157: [u2] ip65 debug: U2_IP65_CHECKPOINT=0 (0=off; 1..5=bisect; cmake -DU2_IP65_CHECKPOINT=n)

05-04 12:06:01.157: Megaflash DEBUG Firmware Version 33 (V1.2.1-eo)
05-04 12:06:01.157: Firmware build: 2026-05-03 03:55:51 UTC  (1777780551 Unix s)
05-04 12:06:01.158: CPU Clock Speed =150MHz
05-04 12:06:01.158: clk_peri =150MHz
05-04 12:06:01.158: SPI Speed = 75MHz
05-04 12:06:01.158: WIFI Supported = Yes
05-04 12:06:01.158: Total heap = 125376
05-04 12:06:01.159: Free heap  = 124264
05-04 12:06:04.483: Version: 7.95.49 (2271bb6 CY) CRC: b7a28ef3 Date: Mon 2021-11-29 22:50:27 PST Ucode Ver: 1043.2162 FWID 01-c51d9400
05-04 12:06:04.677: cyw43 loaded ok, mac 88:a2:9e:48:22:7a
05-04 12:06:04.678: [u2m] 4537 reset
05-04 12:06:04.678: GetNetworkTime()
05-04 12:06:04.728: NETPUMP: begin op=1 label=NTP taskid=0
05-04 12:06:04.778: API: 12.2
05-04 12:06:04.779: Data: RaspberryPi.PicoW
05-04 12:06:04.779: Compiler: 1.29.4
05-04 12:06:04.779: ClmImport: 1.47.1
05-04 12:06:04.780: Customization: v5 22/06/24
05-04 12:06:04.780: Creation: 2022-06-24 06:55:08

05-04 12:06:04.887: SSID=OIS-new

05-04 12:06:04.888: Connecting to Wifi Attempt:#1
05-04 12:06:04.888: connect status: 1
05-04 12:06:07.861: connect status: 2
05-04 12:06:09.659: connect status: 3
05-04 12:06:09.660: link_status=3
05-04 12:06:09.660: WIFI connected
05-04 12:06:09.661: IP address: 192.168.0.238
05-04 12:06:09.711: Gateway: 192.168.0.1
05-04 12:06:09.711: Netmask: 255.255.255.0
05-04 12:06:09.711: DNS Server: 192.168.0.1
05-04 12:06:09.712: CreateUdpPcb() pcb = 0x20016fb0
05-04 12:06:09.712: NTP: EvtStart()
05-04 12:06:09.712: DNSLooup(): waiting for callback
05-04 12:06:09.761: NTP: EvtDNSResult dnserr=0
05-04 12:06:09.763: EvtDNSResult(): IP Addr = 66.42.71.197
05-04 12:06:09.763: Sending NTP Request Attempt: #1
05-04 12:06:09.817: NTP: EvtUDPReceived len=48 port=123
05-04 12:06:09.819: NTP: Valid response: mode=0x04 stratum=2
05-04 12:06:09.868: NTP: unix epoch = 1777910769
05-04 12:06:09.869: NETPUMP: end op=1 label=NTP taskid=0
05-04 12:06:09.869: GetNTP err=11 (11=NETERR_NONE)
05-04 12:06:10.121: [u2eth] RX itf=w0 tot_len=63 ff ff ff ff ff ff 00 11 32 39 c1 2a 08 00 45 00 00 31 c4 90 40 00 40 11 f3 d1 c0 a8 00 0a c0 a8 00 ff b9 4b 7e 9c 00 1d cf 33 4d 2d 53 45 41 52 43 48 20 2a 20 48 54 54 50 2f 31 2e 31 0d 0a
05-04 12:06:10.174: [u2eth] RX itf=w0 tot_len=63 ff ff ff ff ff ff 00 11 32 39 c1 2a 08 00 45 00 00 31 c1 e5 40 00 40 11 f6 7b c0 a8 00 0b c0 a8 00 ff 82 a3 7e 9c 00 1d 05 db 4d 2d 53 45 41 52 43 48 20 2a 20 48 54 54 50 2f 31 2e 31 0d 0a
05-04 12:06:10.430: [u2eth] RX itf=w0 tot_len=63 ff ff ff ff ff ff 00 11 32 39 c1 2a 08 00 45 00 00 31 c5 9b 40 00 40 11 f2 c6 c0 a8 00 0a c0 a8 00 ff 88 2d 7e 9e 00 1d 00 50 4d 2d 53 45 41 52 43 48 20 2a 20 48 54 54 50 2f 31 2e 31 0d 0a
05-04 12:06:10.482: [u2eth] RX itf=w0 tot_len=63 ff ff ff ff ff ff 00 11 32 39 c1 2a 08 00 45 00 00 31 c2 21 40 00 40 11 f6 3f c0 a8 00 0b c0 a8 00 ff b8 d9 7e 9e 00 1d cf a2 4d 2d 53 45 41 52 43 48 20 2a 20 48 54 54 50 2f 31 2e 31 0d 0a
05-04 12:06:11.690: [u2eth] RX itf=w0 tot_len=60 ff ff ff ff ff ff 00 50 56 b6 20 cd 08 06 00 01 08 00 06 04 00 01 00 50 56 b6 20 cd c0 a8 00 05 00 00 00 00 00 00 c0 a8 00 01 00 00 00 00 00 00 00 00 00 00 00 00 00 00 00 00 00 00
05-04 12:06:11.743: [u2eth] RX itf=w0 tot_len=60 ff ff ff ff ff ff 00 50 56 b6 20 cd 08 06 00 01 08 00 06 04 00 01 00 50 56 b6 20 cd c0 a8 00 05 00 00 00 00 00 00 c0 a8 00 37 00 00 00 00 00 00 00 00 00 00 00 00 00 00 00 00 00 00
05-04 12:06:11.999: [u2eth] RX itf=w0 tot_len=60 ff ff ff ff ff ff 00 0c 29 2c bb f0 08 06 00 01 08 00 06 04 00 01 00 0c 29 2c bb f0 c0 a8 00 01 00 00 00 00 00 00 c0 a8 00 d6 00 00 00 00 00 00 00 00 00 00 00 00 00 00 00 00 00 00
05-04 12:06:13.804: [u2eth] RX itf=w0 tot_len=60 ff ff ff ff ff ff 00 0c 29 2c bb f0 08 06 00 01 08 00 06 04 00 01 00 0c 29 2c bb f0 c0 a8 00 01 00 00 00 00 00 00 c0 a8 00 d6 00 00 00 00 00 00 00 00 00 00 00 00 00 00 00 00 00 00
05-04 12:06:14.912: [u2macraw] tx_q=0 tx_q_drop=0 rx_noroom=0 rx_toobig=0
05-04 12:06:15.060: [u2eth] RX itf=w0 tot_len=63 ff ff ff ff ff ff 00 11 32 39 c1 2a 08 00 45 00 00 31 c7 84 40 00 40 11 f0 dd c0 a8 00 0a c0 a8 00 ff b9 4b 7e 9c 00 1d cf 33 4d 2d 53 45 41 52 43 48 20 2a 20 48 54 54 50 2f 31 2e 31 0d 0a
05-04 12:06:15.112: [u2eth] RX itf=w0 tot_len=63 ff ff ff ff ff ff 00 11 32 39 c1 2a 08 00 45 00 00 31 cc b5 40 00 40 11 eb ab c0 a8 00 0b c0 a8 00 ff 82 a3 7e 9c 00 1d 05 db 4d 2d 53 45 41 52 43 48 20 2a 20 48 54 54 50 2f 31 2e 31 0d 0a
05-04 12:06:15.670: [u2eth] RX itf=w0 tot_len=63 ff ff ff ff ff ff 00 11 32 39 c1 2a 08 00 45 00 00 31 c8 aa 40 00 40 11 ef b7 c0 a8 00 0a c0 a8 00 ff 88 2d 7e 9e 00 1d 00 50 4d 2d 53 45 41 52 43 48 20 2a 20 48 54 54 50 2f 31 2e 31 0d 0a
05-04 12:06:15.722: [u2eth] RX itf=w0 tot_len=63 ff ff ff ff ff ff 00 11 32 39 c1 2a 08 00 45 00 00 31 cd 79 40 00 40 11 ea e7 c0 a8 00 0b c0 a8 00 ff b8 d9 7e 9e 00 1d cf a2 4d 2d 53 45 41 52 43 48 20 2a 20 48 54 54 50 2f 31 2e 31 0d 0a
05-04 12:06:16.880: [u2eth] RX itf=w0 tot_len=60 ff ff ff ff ff ff 00 0c 29 2c bb f0 08 06 00 01 08 00 06 04 00 01 00 0c 29 2c bb f0 c0 a8 00 01 00 00 00 00 00 00 c0 a8 00 d6 00 00 00 00 00 00 00 00 00 00 00 00 00 00 00 00 00 00
05-04 12:06:19.035: [u2eth] RX itf=w0 tot_len=60 ff ff ff ff ff ff 00 0c 29 2c bb f0 08 06 00 01 08 00 06 04 00 01 00 0c 29 2c bb f0 c0 a8 00 01 00 00 00 00 00 00 c0 a8 00 d6 00 00 00 00 00 00 00 00 00 00 00 00 00 00 00 00 00 00
05-04 12:06:19.839: [u2tap] drain len=292 ff ff ff ff ff ff 00 08 dc a2 a2 a2 08 00 45 00 01 15 34 12 40 00 40 11 05 c7 00 00 00 00 ff ff ff ff 00 44 00 43 01 01 c4 59 01 01 06 00 01 02 03 04 00 00 80 00 00 00 00 00 00 00 00 00 00 00 ...
05-04 12:06:19.892: [u2tap] core0-pre len=292 ff ff ff ff ff ff 00 08 dc a2 a2 a2 08 00 45 00 01 15 34 12 40 00 40 11 05 c7 00 00 00 00 ff ff ff ff 00 44 00 43 01 01 c4 59 01 01 06 00 01 02 03 04 00 00 80 00 00 00 00 00 00 00 00 00 00 00 ...
05-04 12:06:19.892: [u2tap] core0-post len=292 ff ff ff ff ff ff 88 a2 9e 48 22 7a 08 00 45 00 01 15 34 12 40 00 40 11 05 c7 00 00 00 00 ff ff ff ff 00 44 00 43 01 01 c4 59 01 01 06 00 01 02 03 04 00 00 80 00 00 00 00 00 00 00 00 00 00 00 ...
05-04 12:06:19.893: [u2eth] TX itf=w0 tot_len=292 ff ff ff ff ff ff 88 a2 9e 48 22 7a 08 00 45 00 01 15 34 12 40 00 40 11 05 c7 00 00 00 00 ff ff ff ff 00 44 00 43 01 01 c4 59 01 01 06 00 01 02 03 04 00 00 80 00 00 00 00 00 00 00 00 00 00 00 ...
05-04 12:06:19.894: [u2m] 18674650 sock0 OPEN mr=0x44 port=0 ok
05-04 12:06:19.894: [u2m] 18680830 sock0 SEND
05-04 12:06:19.895: [u2m] 18680847 net sock0 MACRAW ptrs len=292 rd=0x0000 wr=0x0124 rdm=0x00 wrm=0x24
05-04 12:06:19.895: [u2m] 18729093 net sock0 MACRAW tx len=292
05-04 12:06:19.940: [u2tap] drain len=292 ff ff ff ff ff ff 00 08 dc a2 a2 a2 08 00 45 00 01 15 34 12 40 00 40 11 05 c7 00 00 00 00 ff ff ff ff 00 44 00 43 01 01 c4 59 01 01 06 00 01 02 03 04 00 00 80 00 00 00 00 00 00 00 00 00 00 00 ...
05-04 12:06:19.943: [u2tap] core0-pre len=292 ff ff ff ff ff ff 00 08 dc a2 a2 a2 08 00 45 00 01 15 34 12 40 00 40 11 05 c7 00 00 00 00 ff ff ff ff 00 44 00 43 01 01 c4 59 01 01 06 00 01 02 03 04 00 00 80 00 00 00 00 00 00 00 00 00 00 00 ...
05-04 12:06:19.944: [u2tap] core0-post len=292 ff ff ff ff ff ff 88 a2 9e 48 22 7a 08 00 45 00 01 15 34 12 40 00 40 11 05 c7 00 00 00 00 ff ff ff ff 00 44 00 43 01 01 c4 59 01 01 06 00 01 02 03 04 00 00 80 00 00 00 00 00 00 00 00 00 00 00 ...
05-04 12:06:19.945: [u2eth] TX itf=w0 tot_len=292 ff ff ff ff ff ff 88 a2 9e 48 22 7a 08 00 45 00 01 15 34 12 40 00 40 11 05 c7 00 00 00 00 ff ff ff ff 00 44 00 43 01 01 c4 59 01 01 06 00 01 02 03 04 00 00 80 00 00 00 00 00 00 00 00 00 00 00 ...
05-04 12:06:19.947: [u2macraw] tx_q=0 tx_q_drop=0 rx_noroom=0 rx_toobig=0
05-04 12:06:19.947: [u2m] 18750637 sock0 SEND
05-04 12:06:19.947: [u2m] 18750649 net sock0 MACRAW ptrs len=292 rd=0x0124 wr=0x0248 rdm=0x24 wrm=0x48
05-04 12:06:19.992: [u2m] 18802170 net sock0 MACRAW tx len=292
05-04 12:06:19.992: [u2eth] RX itf=w0 tot_len=342 ff ff ff ff ff ff 00 0c 29 2c bb f0 08 00 45 10 01 48 00 00 00 00 80 11 78 ec c0 a8 00 01 ff ff ff ff 00 43 00 44 01 34 ad 34 02 01 06 00 01 02 03 04 00 00 80 00 00 00 00 00 c0 a8 00 f5 00 00 ...
05-04 12:06:19.995: [u2eth] RX itf=w0 tot_len=342 ff ff ff ff ff ff 00 0c 29 2c bb f0 08 00 45 10 01 48 00 00 00 00 80 11 78 ec c0 a8 00 01 ff ff ff ff 00 43 00 44 01 34 ad 34 02 01 06 00 01 02 03 04 00 00 80 00 00 00 00 00 c0 a8 00 f5 00 00 ...
05-04 12:06:20.042: [u2eth] RX itf=w0 tot_len=342 ff ff ff ff ff ff 00 0c 29 2c bb f0 08 00 45 10 01 48 00 00 00 00 80 11 78 ec c0 a8 00 01 ff ff ff ff 00 43 00 44 01 34 ad 34 02 01 06 00 01 02 03 04 00 00 80 00 00 00 00 00 c0 a8 00 f5 00 00 ...
05-04 12:06:20.043: [u2eth] RX itf=w0 tot_len=342 ff ff ff ff ff ff 00 0c 29 2c bb f0 08 00 45 10 01 48 00 00 00 00 80 11 78 ec c0 a8 00 01 ff ff ff ff 00 43 00 44 01 34 ad 34 02 01 06 00 01 02 03 04 00 00 80 00 00 00 00 00 c0 a8 00 f5 00 00 ...
05-04 12:06:20.044: [u2eth] RX itf=w0 tot_len=63 ff ff ff ff ff ff 00 11 32 39 c1 2a 08 00 45 00 00 31 cf 4c 40 00 40 11 e9 15 c0 a8 00 0a c0 a8 00 ff b9 4b 7e 9c 00 1d cf 33 4d 2d 53 45 41 52 43 48 20 2a 20 48 54 54 50 2f 31 2e 31 0d 0a
05-04 12:06:20.045: [u2eth] RX itf=w0 tot_len=63 ff ff ff ff ff ff 00 11 32 39 c1 2a 08 00 45 00 00 31 d1 79 40 00 40 11 e6 e7 c0 a8 00 0b c0 a8 00 ff 82 a3 7e 9c 00 1d 05 db 4d 2d 53 45 41 52 43 48 20 2a 20 48 54 54 50 2f 31 2e 31 0d 0a
05-04 12:06:20.047: [u2m] 18856804 net sock0 MACRAW rx len=342
05-04 12:06:20.047: [u2m] 18861449 net sock0 MACRAW rx len=342
05-04 12:06:20.047: [u2m] 18866313 net sock0 MACRAW rx len=342
05-04 12:06:20.047: [u2m] 18866512 sock0 RECV
05-04 12:06:20.048: [u2m] 18871225 net sock0 MACRAW rx len=342
05-04 12:06:20.048: [u2m] 18872030 sock0 SEND
05-04 12:06:20.048: [u2m] 18872040 net sock0 MACRAW ptrs len=298 rd=0x0248 wr=0x0372 rdm=0x48 wrm=0x72
05-04 12:06:20.049: [u2m] 18876129 net sock0 MACRAW rx len=63
05-04 12:06:20.049: [u2m] 18880868 net sock0 MACRAW rx len=63
05-04 12:06:20.049: [u2m] 18882266 sock0 RECV
05-04 12:06:20.091: [u2tap] drain len=298 ff ff ff ff ff ff 00 08 dc a2 a2 a2 08 00 45 00 01 1c 34 12 40 00 40 11 44 22 c0 a8 00 f5 ff ff ff ff 00 44 00 43 01 08 35 04 01 01 06 00 01 02 03 04 00 00 00 00 00 00 00 00 00 00 00 00 00 00 ...
05-04 12:06:20.094: [u2tap] core0-pre len=298 ff ff ff ff ff ff 00 08 dc a2 a2 a2 08 00 45 00 01 1c 34 12 40 00 40 11 44 22 c0 a8 00 f5 ff ff ff ff 00 44 00 43 01 08 35 04 01 01 06 00 01 02 03 04 00 00 00 00 00 00 00 00 00 00 00 00 00 00 ...
05-04 12:06:20.096: [u2tap] core0-post len=298 ff ff ff ff ff ff 88 a2 9e 48 22 7a 08 00 45 00 01 1c 34 12 40 00 40 11 44 22 c0 a8 00 f5 ff ff ff ff 00 44 00 43 01 08 35 04 01 01 06 00 01 02 03 04 00 00 00 00 00 00 00 00 00 00 00 00 00 00 ...
05-04 12:06:20.097: [u2eth] TX itf=w0 tot_len=298 ff ff ff ff ff ff 88 a2 9e 48 22 7a 08 00 45 00 01 1c 34 12 40 00 40 11 44 22 c0 a8 00 f5 ff ff ff ff 00 44 00 43 01 08 35 04 01 01 06 00 01 02 03 04 00 00 00 00 00 00 00 00 00 00 00 00 00 00 ...
05-04 12:06:20.143: [u2eth] TX itf=w0 tot_len=42 ff ff ff ff ff ff 88 a2 9e 48 22 7a 08 06 00 01 08 00 06 04 00 01 00 08 dc a2 a2 a2 c0 a8 00 f5 00 00 00 00 00 00 c0 a8 00 9a
05-04 12:06:20.144: [u2m] 18903186 sock0 SEND
05-04 12:06:20.144: [u2m] 18903197 net sock0 MACRAW ptrs len=42 rd=0x0372 wr=0x039C rdm=0x72 wrm=0x9C
05-04 12:06:20.145: [u2m] 18913420 sock0 RECV
05-04 12:06:20.145: [u2m] 18918172 sock0 RECV
05-04 12:06:20.145: [u2m] 18963719 net sock0 MACRAW tx len=298
05-04 12:06:20.145: [u2m] 18966997 net sock0 MACRAW tx len=42
05-04 12:06:20.252: [u2eth] RX itf=w0 tot_len=342 ff ff ff ff ff ff 00 0c 29 2c bb f0 08 00 45 10 01 48 00 00 00 00 80 11 78 ec c0 a8 00 01 ff ff ff ff 00 43 00 44 01 34 ad 34 02 01 06 00 01 02 03 04 00 00 80 00 00 00 00 00 c0 a8 00 f5 00 00 ...
05-04 12:06:20.306: [u2eth] RX itf=w0 tot_len=342 ff ff ff ff ff ff 00 0c 29 2c bb f0 08 00 45 10 01 48 00 00 00 00 80 11 78 ec c0 a8 00 01 ff ff ff ff 00 43 00 44 01 34 ad 34 02 01 06 00 01 02 03 04 00 00 80 00 00 00 00 00 c0 a8 00 f5 00 00 ...
05-04 12:06:20.308: [u2eth] RX itf=w0 tot_len=342 ff ff ff ff ff ff 00 0c 29 2c bb f0 08 00 45 10 01 48 00 00 00 00 80 11 78 ec c0 a8 00 01 ff ff ff ff 00 43 00 44 01 34 ad 34 02 01 06 00 01 02 03 04 00 00 80 00 00 00 00 00 c0 a8 00 f5 00 00 ...
05-04 12:06:20.311: [u2eth] RX itf=w0 tot_len=342 ff ff ff ff ff ff 00 0c 29 2c bb f0 08 00 45 10 01 48 00 00 00 00 80 11 78 ec c0 a8 00 01 ff ff ff ff 00 43 00 44 01 34 ad 34 02 01 06 00 01 02 03 04 00 00 80 00 00 00 00 00 c0 a8 00 f5 00 00 ...
05-04 12:06:20.313: [u2m] 19122749 net sock0 MACRAW rx len=342
05-04 12:06:20.313: [u2m] 19127374 net sock0 MACRAW rx len=342
05-04 12:06:20.313: [u2m] 19132256 net sock0 MACRAW rx len=342
05-04 12:06:20.314: [u2m] 19137170 net sock0 MACRAW rx len=342
05-04 12:06:20.575: [u2eth] RX itf=w0 tot_len=63 ff ff ff ff ff ff 00 11 32 39 c1 2a 08 00 45 00 00 31 cf 7d 40 00 40 11 e8 e4 c0 a8 00 0a c0 a8 00 ff 88 2d 7e 9e 00 1d 00 50 4d 2d 53 45 41 52 43 48 20 2a 20 48 54 54 50 2f 31 2e 31 0d 0a
05-04 12:06:20.628: [u2eth] RX itf=w0 tot_len=63 ff ff ff ff ff ff 00 11 32 39 c1 2a 08 00 45 00 00 31 d1 ef 40 00 40 11 e6 71 c0 a8 00 0b c0 a8 00 ff b8 d9 7e 9e 00 1d cf a2 4d 2d 53 45 41 52 43 48 20 2a 20 48 54 54 50 2f 31 2e 31 0d 0a
05-04 12:06:20.629: [u2m] 19446082 net sock0 MACRAW rx len=63
05-04 12:06:20.630: [u2m] 19450412 net sock0 MACRAW rx len=63
05-04 12:06:22.136: [u2eth] RX itf=w0 tot_len=60 ff ff ff ff ff ff 00 0c 29 2c bb f0 08 06 00 01 08 00 06 04 00 01 00 0c 29 2c bb f0 c0 a8 00 01 00 00 00 00 00 00 c0 a8 00 d6 00 00 00 00 00 00 00 00 00 00 00 00 00 00 00 00 00 00
05-04 12:06:22.189: [u2m] 21007669 net sock0 MACRAW rx len=60
05-04 12:06:23.943: [u2eth] RX itf=w0 tot_len=60 ff ff ff ff ff ff 00 0c 29 2c bb f0 08 06 00 01 08 00 06 04 00 01 00 0c 29 2c bb f0 c0 a8 00 01 00 00 00 00 00 00 c0 a8 00 d6 00 00 00 00 00 00 00 00 00 00 00 00 00 00 00 00 00 00
05-04 12:06:23.995: [u2m] 22813481 net sock0 MACRAW rx len=60
05-04 12:06:24.954: [u2macraw] tx_q=0 tx_q_drop=0 rx_noroom=0 rx_toobig=0
05-04 12:06:25.199: [u2eth] RX itf=w0 tot_len=63 ff ff ff ff ff ff 00 11 32 39 c1 2a 08 00 45 00 00 31 d7 5b 40 00 40 11 e1 06 c0 a8 00 0a c0 a8 00 ff b9 4b 7e 9c 00 1d cf 33 4d 2d 53 45 41 52 43 48 20 2a 20 48 54 54 50 2f 31 2e 31 0d 0a
05-04 12:06:25.252: [u2eth] RX itf=w0 tot_len=63 ff ff ff ff ff ff 00 11 32 39 c1 2a 08 00 45 00 00 31 d7 8a 40 00 40 11 e0 d6 c0 a8 00 0b c0 a8 00 ff 82 a3 7e 9c 00 1d 05 db 4d 2d 53 45 41 52 43 48 20 2a 20 48 54 54 50 2f 31 2e 31 0d 0a
05-04 12:06:25.255: [u2m] 24069813 net sock0 MACRAW rx len=63
05-04 12:06:25.255: [u2m] 24074154 net sock0 MACRAW rx len=63
05-04 12:06:25.510: [u2eth] RX itf=w0 tot_len=63 ff ff ff ff ff ff 00 11 32 39 c1 2a 08 00 45 00 00 31 d9 0f 40 00 40 11 df 52 c0 a8 00 0a c0 a8 00 ff 88 2d 7e 9e 00 1d 00 50 4d 2d 53 45 41 52 43 48 20 2a 20 48 54 54 50 2f 31 2e 31 0d 0a
05-04 12:06:25.563: [u2eth] RX itf=w0 tot_len=63 ff ff ff ff ff ff 00 11 32 39 c1 2a 08 00 45 00 00 31 d9 1e 40 00 40 11 df 42 c0 a8 00 0b c0 a8 00 ff b8 d9 7e 9e 00 1d cf a2 4d 2d 53 45 41 52 43 48 20 2a 20 48 54 54 50 2f 31 2e 31 0d 0a
05-04 12:06:25.564: [u2m] 24380947 net sock0 MACRAW rx len=63
05-04 12:06:25.564: [u2m] 24385272 net sock0 MACRAW rx len=63
05-04 12:06:27.022: [u2eth] RX itf=w0 tot_len=60 ff ff ff ff ff ff 00 0c 29 2c bb f0 08 06 00 01 08 00 06 04 00 01 00 0c 29 2c bb f0 c0 a8 00 01 00 00 00 00 00 00 c0 a8 00 d6 00 00 00 00 00 00 00 00 00 00 00 00 00 00 00 00 00 00
05-04 12:06:27.075: [u2m] 25892521 net sock0 MACRAW rx len=60
05-04 12:06:28.878: [u2eth] RX itf=w0 tot_len=60 ff ff ff ff ff ff 00 0c 29 2c bb f0 08 06 00 01 08 00 06 04 00 01 00 0c 29 2c bb f0 c0 a8 00 01 00 00 00 00 00 00 c0 a8 00 d6 00 00 00 00 00 00 00 00 00 00 00 00 00 00 00 00 00 00
05-04 12:06:28.931: [u2m] 27748333 net sock0 MACRAW rx len=60
05-04 12:06:29.986: [u2macraw] tx_q=0 tx_q_drop=0 rx_noroom=0 rx_toobig=0
05-04 12:06:30.084: [u2eth] RX itf=w0 tot_len=60 ff ff ff ff ff ff 50 14 79 d6 67 b3 08 06 00 01 08 00 06 04 00 01 50 14 79 d6 67 b3 c0 a8 00 e0 ff ff ff ff ff ff c0 a8 00 01 00 00 00 00 00 00 00 00 00 00 00 00 00 00 00 00 00 00
05-04 12:06:30.136: [u2eth] RX itf=w0 tot_len=63 ff ff ff ff ff ff 00 11 32 39 c1 2a 08 00 45 00 00 31 da 50 40 00 40 11 de 11 c0 a8 00 0a c0 a8 00 ff b9 4b 7e 9c 00 1d cf 33 4d 2d 53 45 41 52 43 48 20 2a 20 48 54 54 50 2f 31 2e 31 0d 0a
05-04 12:06:30.138: [u2eth] RX it0 45 00 00 31 d9 59 40 00 40 11 df 07 c0 a8 00 0b c0 a8 00 ff 82 a3 7e 9c 00 1d 05 db 4d 2d 53 45 41 52 43 48 20 2a 20 48 54 54 50 2f 31 2e 31 0d 0a
05-04 12:06:30.139: [u2m] 28954612 net sock0 MACRAW rx len=60
05-04 12:06:30.139: [u2m] 28958755 net sock0 MACRAW rx len=63
05-04 12:06:30.139: [u2m] 28963497 net sock0 MACRAW rx len=63
05-04 12:06:30.400: [u2eth] RX itf=w0 tot_len=63 ff ff ff ff ff ff 00 11 32 39 c1 2a 08 00 45 00 00 31 db 35 40 00 40 11 dd 2c c0 a8 00 0a c0 a8 00 ff 88 2d 7e 9e 00 1d 00 50 4d 2d 53 45 41 52 43 48 20 2a 20 48 54 54 50 2f 31 2e 31 0d 0a
05-04 12:06:30.453: [u2eth] RX itf=w0 tot_len=63 ff ff ff ff ff ff 00 11 32 39 c1 2a 08 00 45 00 00 31 db 1e 40 00 40 11 dd 42 c0 a8 00 0b c0 a8 00 ff b8 d9 7e 9e 00 1d cf a2 4d 2d 53 45 41 52 43 48 20 2a 20 48 54 54 50 2f 31 2e 31 0d 0a
05-04 12:06:30.454: [u2m] 29271289 net sock0 MACRAW rx len=63
05-04 12:06:30.454: [u2m] 29275621 net sock0 MACRAW rx len=63
05-04 12:06:31.962: [u2eth] RX itf=w0 tot_len=60 ff ff ff ff ff ff 00 0c 29 2c bb f0 08 06 00 01 08 00 06 04 00 01 00 0c 29 2c bb f0 c0 a8 00 01 00 00 00 00 00 00 c0 a8 00 d6 00 00 00 00 00 00 00 00 00 00 00 00 00 00 00 00 00 00
05-04 12:06:32.015: [u2m] 30832869 net sock0 MACRAW rx len=60
05-04 12:06:34.118: [u2eth] RX itf=w0 tot_len=60 ff ff ff ff ff ff 00 0c 29 2c bb f0 08 06 00 01 08 00 06 04 00 01 00 0c 29 2c bb f0 c0 a8 00 01 00 00 00 00 00 00 c0 a8 00 d6 00 00 00 00 00 00 00 00 00 00 00 00 00 00 00 00 00 00
05-04 12:06:34.171: [u2m] 32988790 net sock0 MACRAW rx len=60
05-04 12:06:35.024: [u2eth] RX itf=w0 tot_len=60 ff ff ff ff ff ff 00 0c 29 2c bb f0 08 06 00 01 08 00 06 04 00 01 00 0c 29 2c bb f0 c0 a8 00 01 00 00 00 00 00 00 c0 a8 00 d6 00 00 00 00 00 00 00 00 00 00 00 00 00 00 00 00 00 00
05-04 12:06:35.076: [u2eth] RX itf=w0 tot_len=63 ff ff ff ff ff ff 00 11 32 39 c1 2a 08 00 45 00 00 31 e5 e4 40 00 40 11 d2 7d c0 a8 00 0a c0 a8 00 ff b9 4b 7e 9c 00 1d cf 33 4d 2d 53 45 41 52 43 48 20 2a 20 48 54 54 50 2f 31 2e 31 0d 0a
05-04 12:06:35.077: [u2eth] RX itf=w0 tot_len=63 ff ff ff ff ff ff 00 11 32 39 c1 2a 08 00 45 00 00 31 df f1 40 00 40 11 d8 6f c0 a8 00 0b c0 a8 00 ff 82 a3 7e 9c 00 1d 05 db 4d 2d 53 45 41 52 43 48 20 2a 20 48 54 54 50 2f 31 2e 31 0d 0a
05-04 12:06:35.079: [u2macraw] tx_q=0 tx_q_drop=0 rx_noroom=0 rx_toobig=0
05-04 12:06:35.079: [u2m] 33894288 net sock0 MACRAW rx len=60
05-04 12:06:35.080: [u2m] 33898439 net sock0 MACRAW rx len=63
05-04 12:06:35.080: [u2m] 33903183 net sock0 MACRAW rx len=63
05-04 12:06:36.242: [u2eth] RX itf=w0 tot_len=60 ff ff ff ff ff ff 00 0c 29 2c bb f0 08 06 00 01 08 00 06 04 00 01 00 0c 29 2c bb f0 c0 a8 00 01 00 00 00 00 00 00 c0 a8 00 d6 00 00 00 00 00 00 00 00 00 00 00 00 00 00 00 00 00 00
05-04 12:06:36.294: [u2m] 35112467 net sock0 MACRAW rx len=60
05-04 12:06:36.547: [u2eth] RX itf=w0 tot_len=243 ff ff ff ff ff ff 00 50 56 9a 7f 3a 08 00 45 00 00 e5 67 78 00 00 80 11 50 3c c0 a8 00 04 c0 a8 00 ff 00 8a 00 8a 00 d1 a6 91 11 02 b2 ad c0 a8 00 04 00 8a 00 bb 00 00 20 45 50 45 4a 46 44 45 ...
05-04 12:06:36.600: [u2m] 35417742 net sock0 MACRAW rx len=243
05-04 12:06:37.153: [u2eth] RX itf=w0 tot_len=60 ff ff ff ff ff ff 3c 7d 0a 19 77 59 08 06 00 01 08 00 06 04 00 01 3c 7d 0a 19 77 59 c0 a8 00 9a 00 00 00 00 00 00 c0 a8 00 e7 00 00 00 00 00 00 00 00 00 00 00 00 00 00 00 00 00 00
05-04 12:06:37.206: [u2m] 36023560 net sock0 MACRAW rx len=60
05-04 12:06:39.009: [u2eth] RX itf=w0 tot_len=117 ff ff ff ff ff ff 48 a9 8a 19 46 12 08 00 45 00 00 67 6e 22 00 00 ff 11 8c b8 c0 a8 00 03 ff ff ff ff 16 2e 16 2e 00 53 e9 d7 64 22 01 00 00 01 00 06 48 a9 8a 19 46 12 00 05 00 08 4d 69 6b 72 ...
05-04 12:06:39.062: [u2m] 37879368 net sock0 MACRAW rx len=117
05-04 12:06:39.965: [u2eth] RX itf=w0 tot_len=60 ff ff ff ff ff ff 00 0c 29 2c bb f0 08 06 00 01 08 00 06 04 00 01 00 0c 29 2c bb f0 c0 a8 00 01 00 00 00 00 00 00 c0 a8 00 d6 00 00 00 00 00 00 00 00 00 00 00 00 00 00 00 00 00 00
05-04 12:06:40.016: [u2eth] RX itf=w0 tot_len=63 ff ff ff ff ff ff 00 11 32 39 c1 2a 08 00 45 00 00 31 f1 67 40 00 40 11 c6 fa c0 a8 00 0a c0 a8 00 ff b9 4b 7e 9c 00 1d cf 33 4d 2d 53 45 41 52 43 48 20 2a 20 48 54 54 50 2f 31 2e 31 0d 0a
05-04 12:06:40.017: [u2eth] RX itf=w0 tot_len=63 ff ff ff ff ff ff 00 11 32 39 c1 2a 08 00 45 00 00 31 e9 76 40 00 40 11 ce ea c0 a8 00 0b c0 a8 00 ff 82 a3 7e 9c 00 1d 05 db 4d 2d 53 45 41 52 43 48 20 2a 20 48 54 54 50 2f 31 2e 31 0d 0a
05-04 12:06:40.019: [u2m] 38835271 net sock0 MACRAW rx len=60
05-04 12:06:40.019: [u2m] 38839425 net sock0 MACRAW rx len=63
05-04 12:06:40.019: [u2m] 38844162 net sock0 MACRAW rx len=63
05-04 12:06:40.091: [u2macraw] tx_q=0 tx_q_drop=0 rx_noroom=0 rx_toobig=0
05-04 12:06:40.532: [u2eth] RX itf=w0 tot_len=63 ff ff ff ff ff ff 00 11 32 39 c1 2a 08 00 45 00 00 31 f1 95 40 00 40 11 c6 cc c0 a8 00 0a c0 a8 00 ff 88 2d 7e 9e 00 1d 00 50 4d 2d 53 45 41 52 43 48 20 2a 20 48 54 54 50 2f 31 2e 31 0d 0a
05-04 12:06:40.585: [u2eth] RX itf=w0 tot_len=63 ff ff ff ff ff ff 00 11 32 39 c1 2a 08 00 45 00 00 31 e9 ac 40 00 40 11 ce b4 c0 a8 00 0b c0 a8 00 ff b8 d9 7e 9e 00 1d cf a2 4d 2d 53 45 41 52 43 48 20 2a 20 48 54 54 50 2f 31 2e 31 0d 0a
05-04 12:06:40.587: [u2m] 39402690 net sock0 MACRAW rx len=63
05-04 12:06:40.587: [u2m] 39407033 net sock0 MACRAW rx len=63
05-04 12:06:45.099: [u2macraw] tx_q=0 tx_q_drop=0 rx_noroom=0 rx_toobig=0
05-04 12:06:45.150: [u2eth] RX itf=w0 tot_len=63 ff ff ff ff ff ff 00 11 32 39 c1 2a 08 00 45 00 00 31 f7 12 40 00 40 11 c1 4f c0 a8 00 0a c0 a8 00 ff b9 4b 7e 9c 00 1d cf 33 4d 2d 53 45 41 52 43 48 20 2a 20 48 54 54 50 2f 31 2e 31 0d 0a
05-04 12:06:45.152: [u2eth] RX itf=w0 tot_len=63 ff ff ff ff ff ff 00 11 32 39 c1 2a 08 00 45 00 00 31 fa c0 40 00 40 11 bd a0 c0 a8 00 0b c0 a8 00 ff 82 a3 7e 9c 00 1d 05 db 4d 2d 53 45 41 52 43 48 20 2a 20 48 54 54 50 2f 31 2e 31 0d 0a
05-04 12:06:45.202: [u2eth] RX itf=w0 tot_len=60 ff ff ff ff ff ff 00 0c 29 2c bb f0 08 06 00 01 08 00 06 04 00 01 00 0c 29 2c bb f0 c0 a8 00 01 00 00 00 00 00 00 c0 a8 00 d6 00 00 00 00 00 00 00 00 00 00 00 00 00 00 00 00 00 00
05-04 12:06:45.203: [u2eth] RX itf=w0 tot_len=243 ff ff ff ff ff ff 00 50 56 b6 20 cd 08 00 45 00 00 e5 3a 84 00 00 80 11 7d 2f c0 a8 00 05 c0 a8 00 ff 00 8a 00 8a 00 d1 76 58 11 02 ec 16 c0 a8 00 05 00 8a 00 bb 00 00 20 45 50 45 4a 46 44 45 ...
05-04 12:06:45.204: [u2eth] RX itf=w0 tot_len=92 ff ff ff ff ff ff b0 4f 13 ed 30 2f 08 00 45 00 00 4e fc 8a 00 00 40 11 fa db c0 a8 00 e9 c0 a8 00 ff 00 89 00 89 00 3a 87 77 4a 39 01 10 00 01 00 00 00 00 00 00 20 41 42 41 43 46 50 46 50 45 ...
05-04 12:06:45.205: [u2eth] RX itf=w0 tot_len=92 ff ff ff ff ff ff b6 3b 00 a6 35 80 08 00 45 00 00 4e f4 7e 00 00 40 11 02 f6 c0 a8 00 db c0 a8 00 ff 00 89 00 89 00 3a 87 85 4a 39 01 10 00 01 00 00 00 00 00 00 20 41 42 41 43 46 50 46 50 45 ...
05-04 12:06:45.206: [u2m] 44015689 net sock0 MACRAW rx len=63
05-04 12:06:45.206: [u2m] 44020015 net sock0 MACRAW rx len=63
05-04 12:06:45.206: [u2m] 44024743 net sock0 MACRAW rx len=60
05-04 12:06:45.206: [u2m] 44029322 net sock0 MACRAW rx len=243
05-04 12:06:45.207: [u2m] 44034230 net sock0 MACRAW rx len=92
05-04 12:06:45.207: [u2m] 44039129 net sock0 MACRAW rx len=92
05-04 12:06:45.479: [u2eth] RX itf=w0 tot_len=63 ff ff ff ff ff ff 00 11 32 39 c1 2a 08 00 45 00 00 31 f7 7a 40 00 40 11 c0 e7 c0 a8 00 0a c0 a8 00 ff 88 2d 7e 9e 00 1d 00 50 4d 2d 53 45 41 52 43 48 20 2a 20 48 54 54 50 2f 31 2e 31 0d 0a
05-04 12:06:45.532: [u2eth] RX itf=w0 tot_len=63 ff ff ff ff ff ff 00 11 32 39 c1 2a 08 00 45 00 00 31 fc 0c 40 00 40 11 bc 54 c0 a8 00 0b c0 a8 00 ff b8 d9 7e 9e 00 1d cf a2 4d 2d 53 45 41 52 43 48 20 2a 20 48 54 54 50 2f 31 2e 31 0d 0a
05-04 12:06:45.533: [u2m] 44349855 net sock0 MACRAW rx len=63
05-04 12:06:45.534: [u2m] 44354189 net sock0 MACRAW rx len=63
05-04 12:06:47.941: [u2eth] RX itf=w0 tot_len=60 ff ff ff ff ff ff 00 0c 29 2c bb f0 08 06 00 01 08 00 06 04 00 01 00 0c 29 2c bb f0 c0 a8 00 01 00 00 00 00 00 00 c0 a8 00 d6 00 00 00 00 00 00 00 00 00 00 00 00 00 00 00 00 00 00
05-04 12:06:47.994: [u2m] 46811755 net sock0 MACRAW rx len=60
05-04 12:06:49.447: [u2eth] RX itf=w0 tot_len=60 ff ff ff ff ff ff 00 40 9d 6a b8 f8 08 06 00 01 08 00 06 04 00 01 00 40 9d 6a b8 f8 0a 22 50 8f 00 00 00 00 00 00 0a 22 50 8f 00 00 00 00 00 00 00 00 00 00 00 00 00 00 00 00 00 00
05-04 12:06:49.501: [u2m] 48317456 net sock0 MACRAW rx len=60
05-04 12:06:50.102: [u2eth] RX itf=w0 tot_len=60 ff ff ff ff ff ff 00 0c 29 2c bb f0 08 06 00 01 08 00 06 04 00 01 00 0c 29 2c bb f0 c0 a8 00 01 00 00 00 00 00 00 c0 a8 00 d6 00 00 00 00 00 00 00 00 00 00 00 00 00 00 00 00 00 00
05-04 12:06:50.154: [u2eth] RX itf=w0 tot_len=63 ff ff ff ff ff ff 00 11 32 39 c1 2a 08 00 45 00 00 31 03 f8 40 00 40 11 b4 6a c0 a8 00 0a c0 a8 00 ff b9 4b 7e 9c 00 1d cf 33 4d 2d 53 45 41 52 43 48 20 2a 20 48 54 54 50 2f 31 2e 31 0d 0a
05-04 12:06:50.155: [u2eth] RX itf=w0 tot_len=63 ff ff ff ff ff ff 00 11 32 39 c1 2a 08 00 45 00 00 31 0b ea 40 00 40 11 ac 77 c0 a8 00 0b c0 a8 00 ff 82 a3 7e 9c 00 1d 05 db 4d 2d 53 45 41 52 43 48 20 2a 20 48 54 54 50 2f 31 2e 31 0d 0a
05-04 12:06:50.157: [u2macraw] tx_q=0 tx_q_drop=0 rx_noroom=8 rx_toobig=0
05-04 12:06:50.157: [u2m] 48972836 net sock0 MACRAW rx len=60
05-04 12:06:50.158: [u2m] 48976965 net sock0 MACRAW rx len=63
05-04 12:06:50.158: [u2m] 48981711 net sock0 MACRAW rx len=63
05-04 12:06:50.673: [u2eth] RX itf=w0 tot_len=63 ff ff ff ff ff ff 00 11 32 39 c1 2a 08 00 45 00 00 31 04 7d 40 00 40 11 b3 e5 c0 a8 00 0a c0 a8 00 ff 88 2d 7e 9e 00 1d 00 50 4d 2d 53 45 41 52 43 48 20 2a 20 48 54 54 50 2f 31 2e 31 0d 0a
05-04 12:06:50.724: [u2eth] RX itf=w0 tot_len=63 ff ff ff ff ff ff 00 11 32 39 c1 2a 08 00 45 00 00 31 0d 5d 40 00 40 11 ab 04 c0 a8 00 0b c0 a8 00 ff b8 d9 7e 9e 00 1d cf a2 4d 2d 53 45 41 52 43 48 20 2a 20 48 54 54 50 2f 31 2e 31 0d 0a
05-04 12:06:50.725: [u2m] 49540782 net sock0 MACRAW rx len=63
05-04 12:06:50.725: [u2m] 49545114 net sock0 MACRAW rx len=63
05-04 12:06:50.981: [u2eth] RX itf=w0 tot_len=60 ff ff ff ff ff ff 50 14 79 d6 67 b3 08 06 00 01 08 00 06 04 00 01 50 14 79 d6 67 b3 c0 a8 00 e0 ff ff ff ff ff ff c0 a8 00 01 00 00 00 00 00 00 00 00 00 00 00 00 00 00 00 00 00 00
05-04 12:06:51.034: [u2m] 49851926 net sock0 MACRAW rx len=60
05-04 12:06:53.438: [u2eth] RX itf=w0 tot_len=60 ff ff ff ff ff ff 00 0c 29 2c bb f0 08 06 00 01 08 00 06 04 00 01 00 0c 29 2c bb f0 c0 a8 00 01 00 00 00 00 00 00 c0 a8 00 d6 00 00 00 00 00 00 00 00 00 00 00 00 00 00 00 00 00 00
05-04 12:06:53.490: [u2m] 52307952 net sock0 MACRAW rx len=60
05-04 12:06:54.993: [u2eth] RX itf=w0 tot_len=63 ff ff ff ff ff ff 00 11 32 39 c1 2a 08 00 45 00 00 31 09 54 40 00 40 11 af 0e c0 a8 00 0a c0 a8 00 ff b9 4b 7e 9c 00 1d cf 33 4d 2d 53 45 41 52 43 48 20 2a 20 48 54 54 50 2f 31 2e 31 0d 0a
05-04 12:06:55.046: [u2eth] RX itf=w0 tot_len=63 ff ff ff ff ff ff 00 11 32 39 c1 2a 08 00 45 00 00 31 1a 02 40 00 40 11 9e 5f c0 a8 00 0b c0 a8 00 ff 82 a3 7e 9c 00 1d 05 db 4d 2d 53 45 41 52 43 48 20 2a 20 48 54 54 50 2f 31 2e 31 0d 0a
05-04 12:06:55.048: [u2m] 53863668 net sock0 MACRAW rx len=63
05-04 12:06:55.048: [u2m] 53867999 net sock0 MACRAW rx len=63
05-04 12:06:55.162: [u2macraw] tx_q=0 tx_q_drop=0 rx_noroom=14 rx_toobig=0
05-04 12:06:55.305: [u2eth] RX itf=w0 tot_len=60 ff ff ff ff ff ff 00 0c 29 2c bb f0 08 06 00 01 08 00 06 04 00 01 00 0c 29 2c bb f0 c0 a8 00 01 00 00 00 00 00 00 c0 a8 00 d6 00 00 00 00 00 00 00 00 00 00 00 00 00 00 00 00 00 00
05-04 12:06:55.358: [u2m] 54175530 net sock0 MACRAW rx len=60
05-04 12:06:55.610: [u2eth] RX itf=w0 tot_len=63 ff ff ff ff ff ff 00 11 32 39 c1 2a 08 00 45 00 00 31 09 c3 40 00 40 11 ae 9f c0 a8 00 0a c0 a8 00 ff 88 2d 7e 9e 00 1d 00 50 4d 2d 53 45 41 52 43 48 20 2a 20 48 54 54 50 2f 31 2e 31 0d 0a
05-04 12:06:55.663: [u2eth] RX itf=w0 tot_len=63 ff ff ff ff ff ff 00 11 32 39 c1 2a 08 00 45 00 00 31 1b cf 40 00 40 11 9c 92 c0 a8 00 0b c0 a8 00 ff b8 d9 7e 9e 00 1d cf a2 4d 2d 53 45 41 52 43 48 20 2a 20 48 54 54 50 2f 31 2e 31 0d 0a
05-04 12:06:55.665: [u2m] 54480775 net sock0 MACRAW rx len=63
05-04 12:06:55.665: [u2m] 54485099 net sock0 MACRAW rx len=63
05-04 12:06:58.672: [u2eth] RX itf=w0 tot_len=60 ff ff ff ff ff ff 00 0c 29 2c bb f0 08 06 00 01 08 00 06 04 00 01 00 0c 29 2c bb f0 c0 a8 00 01 00 00 00 00 00 00 c0 a8 00 cc 00 00 00 00 00 00 00 00 00 00 00 00 00 00 00 00 00 00
05-04 12:06:58.725: [u2m] 57542885 net sock0 MACRAW rx len=60
05-04 12:06:58.978: [u2eth] RX itf=w0 tot_len=60 ff ff ff ff ff ff 00 0c 29 2c bb f0 08 06 00 01 08 00 06 04 00 01 00 0c 29 2c bb f0 c0 a8 00 01 00 00 00 00 00 00 c0 a8 00 d6 00 00 00 00 00 00 00 00 00 00 00 00 00 00 00 00 00 00
05-04 12:06:59.030: [u2m] 57848134 net sock0 MACRAW rx len=60
05-04 12:07:00.196: [u2macraw] tx_q=0 tx_q_drop=0 rx_noroom=19 rx_toobig=0
05-04 12:07:00.247: [u2eth] RX itf=w0 tot_len=63 ff ff ff ff ff ff 00 11 32 39 c1 2a 08 00 45 00 00 31 12 46 40 00 40 11 a6 1c c0 a8 00 0a c0 a8 00 ff b9 4b 7e 9c 00 1d cf 33 4d 2d 53 45 41 52 43 48 20 2a 20 48 54 54 50 2f 31 2e 31 0d 0a
05-04 12:07:00.249: [u2eth] RX itf=w0 tot_len=63 ff ff ff ff ff ff 00 11 32 39 c1 2a 08 00 45 00 00 31 25 07 40 00 40 11 93 5a c0 a8 00 0b c0 a8 00 ff 82 a3 7e 9c 00 1d 05 db 4d 2d 53 45 41 52 43 48 20 2a 20 48 54 54 50 2f 31 2e 31 0d 0a
05-04 12:07:00.250: [u2m] 59104422 net sock0 MACRAW rx len=63
05-04 12:07:00.250: [u2m] 59108721 net sock0 MACRAW rx len=63
05-04 12:07:00.495: [u2eth] RX itf=w0 tot_len=63 ff ff ff ff ff ff 00 11 32 39 c1 2a 08 00 45 00 00 31 13 da 40 00 40 11 a4 88 c0 a8 00 0a c0 a8 00 ff 88 2d 7e 9e 00 1d 00 50 4d 2d 53 45 41 52 43 48 20 2a 20 48 54 54 50 2f 31 2e 31 0d 0a
05-04 12:07:00.547: [u2eth] RX itf=w0 tot_len=63 ff ff ff ff ff ff 00 11 32 39 c1 2a 08 00 45 00 00 31 26 b0 40 00 40 11 91 b1 c0 a8 00 0b c0 a8 00 ff b8 d9 7e 9e 00 1d cf a2 4d 2d 53 45 41 52 43 48 20 2a 20 48 54 54 50 2f 31 2e 31 0d 0a
05-04 12:07:00.549: [u2m] 59365492 net sock0 MACRAW rx len=63
05-04 12:07:00.549: [u2m] 59369824 net sock0 MACRAW rx len=63
05-04 12:07:03.307: [u2eth] RX itf=w0 tot_len=60 ff ff ff ff ff ff 00 0c 29 2c bb f0 08 06 00 01 08 00 06 04 00 01 00 0c 29 2c bb f0 c0 a8 00 01 00 00 00 00 00 00 c0 a8 00 d6 00 00 00 00 00 00 00 00 00 00 00 00 00 00 00 00 00 00
05-04 12:07:03.359: [u2eth] RX itf=w0 tot_len=60 ff ff ff ff ff ff 00 50 56 6b 80 56 08 06 00 01 08 00 06 04 00 01 00 50 56 6b 80 56 c0 a8 00 1c 00 00 00 00 00 00 c0 a8 00 0e 00 00 00 00 00 00 00 00 00 00 00 00 00 00 00 00 00 00
05-04 12:07:03.361: [u2m] 62177601 net sock0 MACRAW rx len=60
05-04 12:07:03.361: [u2m] 62181741 net sock0 MACRAW rx len=60
05-04 12:07:03.918: [u2eth] RX itf=w0 tot_len=60 ff ff ff ff ff ff 00 0c 29 2c bb f0 08 06 00 01 08 00 06 04 00 01 00 0c 29 2c bb f0 c0 a8 00 01 00 00 00 00 00 00 c0 a8 00 d6 00 00 00 00 00 00 00 00 00 00 00 00 00 00 00 00 00 00
05-04 12:07:03.971: [u2m] 62788457 net sock0 MACRAW rx len=60
05-04 12:07:05.123: [u2eth] RX itf=w0 tot_len=63 ff ff ff ff ff ff 00 11 32 39 c1 2a 08 00 45 00 00 31 19 96 40 00 40 11 9e cc c0 a8 00 0a c0 a8 00 ff b9 4b 7e 9c 00 1d cf 33 4d 2d 53 45 41 52 43 48 20 2a 20 48 54 54 50 2f 31 2e 31 0d 0a
05-04 12:07:05.176: [u2eth] RX itf=w0 tot_len=63 ff ff ff ff ff ff 00 11 32 39 c1 2a 08 00 45 00 00 31 2b a3 40 00 40 11 8c be c0 a8 00 0b c0 a8 00 ff 82 a3 7e 9c 00 1d 05 db 4d 2d 53 45 41 52 43 48 20 2a 20 48 54 54 50 2f 31 2e 31 0d 0a
05-04 12:07:05.177: [u2eth] RX itf=w0 tot_len=60 ff ff ff ff ff ff 00 0c 29 2c bb f0 08 06 00 01 08 00 06 04 00 01 00 0c 29 2c bb f0 c0 a8 00 01 00 00 00 00 00 00 c0 a8 00 d6 00 00 00 00 00 00 00 00 00 00 00 00 00 00 00 00 00 00
05-04 12:07:05.179: [u2m] 63994052 net sock0 MACRAW rx len=63
05-04 12:07:05.179: [u2m] 63998382 net sock0 MACRAW rx len=63
05-04 12:07:05.180: [u2m] 64003112 net sock0 MACRAW rx len=60
05-04 12:07:05.225: [u2macraw] tx_q=0 tx_q_drop=0 rx_noroom=29 rx_toobig=0
05-04 12:07:05.441: [u2eth] RX itf=w0 tot_len=63 ff ff ff ff ff ff 00 11 32 39 c1 2a 08 00 45 00 00 31 1a 6d 40 00 40 11 9d f5 c0 a8 00 0a c0 a8 00 ff 88 2d 7e 9e 00 1d 00 50 4d 2d 53 45 41 52 43 48 20 2a 20 48 54 54 50 2f 31 2e 31 0d 0a
05-04 12:07:05.492: [u2eth] RX itf=w0 tot_len=63 ff ff ff ff ff ff 00 11 32 39 c1 2a 08 00 45 00 00 31 2d 48 40 00 40 11 8b 19 c0 a8 00 0b c0 a8 00 ff b8 d9 7e 9e 00 1d cf a2 4d 2d 53 45 41 52 43 48 20 2a 20 48 54 54 50 2f 31 2e 31 0d 0a
05-04 12:07:05.493: [u2m] 64311404 net sock0 MACRAW rx len=63
05-04 12:07:05.494: [u2m] 64315745 net sock0 MACRAW rx len=63
05-04 12:07:09.403: [u2eth] RX itf=w0 tot_len=60 ff ff ff ff ff ff 00 0c 29 2c bb f0 08 06 00 01 08 00 06 04 00 01 00 0c 29 2c bb f0 c0 a8 00 01 00 00 00 00 00 00 c0 a8 00 d6 00 00 00 00 00 00 00 00 00 00 00 00 00 00 00 00 00 00
05-04 12:07:09.456: [u2m] 68273625 net sock0 MACRAW rx len=60
05-04 12:07:10.058: [u2eth] RX itf=w0 tot_len=63 ff ff ff ff ff ff 00 11 32 39 c1 2a 08 00 45 00 00 31 29 d4 40 00 40 11 8e 8e c0 a8 00 0a c0 a8 00 ff b9 4b 7e 9c 00 1d cf 33 4d 2d 53 45 41 52 43 48 20 2a 20 48 54 54 50 2f 31 2e 31 0d 0a
05-04 12:07:10.110: [u2eth] RX itf=w0 tot_len=63 ff ff ff ff ff ff 00 11 32 39 c1 2a 08 00 45 00 00 31 31 1a 40 00 40 11 87 47 c0 a8 00 0b c0 a8 00 ff 82 a3 7e 9c 00 1d 05 db 4d 2d 53 45 41 52 43 48 20 2a 20 48 54 54 50 2f 31 2e 31 0d 0a
05-04 12:07:10.112: [u2m] 68929016 net sock0 MACRAW rx len=63
05-04 12:07:10.112: [u2m] 68933348 net sock0 MACRAW rx len=63
05-04 12:07:10.227: [u2macraw] tx_q=0 tx_q_drop=0 rx_noroom=34 rx_toobig=0
05-04 12:07:10.670: [u2eth] RX itf=w0 tot_len=63 ff ff ff ff ff ff 00 11 32 39 c1 2a 08 00 45 00 00 31 2a fb 40 00 40 11 8d 67 c0 a8 00 0a c0 a8 00 ff 88 2d 7e 9e 00 1d 00 50 4d 2d 53 45 41 52 43 48 20 2a 20 48 54 54 50 2f 31 2e 31 0d 0a
05-04 12:07:10.723: [u2eth] RX itf=w0 tot_len=63 ff ff ff ff ff ff 00 11 32 39 c1 2a 08 00 45 00 00 31 31 91 40 00 40 11 86 d0 c0 a8 00 0b c0 a8 00 ff b8 d9 7e 9e 00 1d cf a2 4d 2d 53 45 41 52 43 48 20 2a 20 48 54 54 50 2f 31 2e 31 0d 0a
05-04 12:07:10.725: [u2m] 69541016 net sock0 MACRAW rx len=63
05-04 12:07:10.725: [u2m] 69545345 net sock0 MACRAW rx len=63
05-04 12:07:12.182: [u2eth] RX itf=w0 tot_len=60 ff ff ff ff ff ff 50 14 79 d6 67 b3 08 06 00 01 08 00 06 04 00 01 50 14 79 d6 67 b3 c0 a8 00 e0 ff ff ff ff ff ff c0 a8 00 01 00 00 00 00 00 00 00 00 00 00 00 00 00 00 00 00 00 00
05-04 12:07:12.234: [u2m] 71052613 net sock0 MACRAW rx len=60
05-04 12:07:13.137: [u2eth] RX itf=w0 tot_len=60 ff ff ff ff ff ff 2c 44 fd 80 3b 64 08 06 00 01 08 00 06 04 00 01 2c 44 fd 80 3b 64 c0 a8 00 19 00 00 00 00 00 00 c0 a8 00 07 00 00 00 00 00 00 00 00 00 00 00 00 00 00 00 00 00 00
05-04 12:07:13.190: [u2m] 72008088 net sock0 MACRAW rx len=60
05-04 12:07:14.043: [u2eth] RX itf=w0 tot_len=60 ff ff ff ff ff ff 00 0c 29 2c bb f0 08 06 00 01 08 00 06 04 00 01 00 0c 29 2c bb f0 c0 a8 00 01 00 00 00 00 00 00 c0 a8 00 d6 00 00 00 00 00 00 00 00 00 00 00 00 00 00 00 00 00 00
05-04 12:07:14.095: [u2m] 72913585 net sock0 MACRAW rx len=60
05-04 12:07:14.949: [u2eth] RX itf=w0 tot_len=63 ff ff ff ff ff ff 00 11 32 39 c1 2a 08 00 45 00 00 31 3a a9 40 00 40 11 7d b9 c0 a8 00 0a c0 a8 00 ff b9 4b 7e 9c 00 1d cf 33 4d 2d 53 45 41 52 43 48 20 2a 20 48 54 54 50 2f 31 2e 31 0d 0a
05-04 12:07:15.001: [u2eth] RX itf=w0 tot_len=63 ff ff ff ff ff ff 00 11 32 39 c1 2a 08 00 45 00 00 31 32 cf 40 00 40 11 85 92 c0 a8 00 0b c0 a8 00 ff 82 a3 7e 9c 00 1d 05 db 4d 2d 53 45 41 52 43 48 20 2a 20 48 54 54 50 2f 31 2e 31 0d 0a
05-04 12:07:15.002: [u2m] 73819074 net sock0 MACRAW rx len=63
05-04 12:07:15.002: [u2m] 73823406 net sock0 MACRAW rx len=63
05-04 12:07:15.262: [u2macraw] tx_q=0 tx_q_drop=0 rx_noroom=41 rx_toobig=0
05-04 12:07:15.560: [u2eth] RX itf=w0 tot_len=63 ff ff ff ff ff ff 00 11 32 39 c1 2a 08 00 45 00 00 31 3b db 40 00 40 11 7c 87 c0 a8 00 0a c0 a8 00 ff 88 2d 7e 9e 00 1d 00 50 4d 2d 53 45 41 52 43 48 20 2a 20 48 54 54 50 2f 31 2e 31 0d 0a
05-04 12:07:15.611: [u2eth] RX itf=w0 tot_len=63 ff ff ff ff ff ff 00 11 32 39 c1 2a 08 00 45 00 00 31 32 e0 40 00 40 11 85 81 c0 a8 00 0b c0 a8 00 ff b8 d9 7e 9e 00 1d cf a2 4d 2d 53 45 41 52 43 48 20 2a 20 48 54 54 50 2f 31 2e 31 0d 0a
05-04 12:07:15.612: [u2m] 74431062 net sock0 MACRAW rx len=63
05-04 12:07:15.612: [u2m] 74435396 net sock0 MACRAW rx len=63
05-04 12:07:16.822: [u2eth] RX itf=w0 tot_len=60 ff ff ff ff ff ff 00 0c 29 2c bb f0 08 06 00 01 08 00 06 04 00 01 00 0c 29 2c bb f0 c0 a8 00 01 00 00 00 00 00 00 c0 a8 00 d6 00 00 00 00 00 00 00 00 00 00 00 00 00 00 00 00 00 00
05-04 12:07:16.874: [u2m] 75692562 net sock0 MACRAW rx len=60
05-04 12:07:18.628: [u2eth] RX itf=w0 tot_len=60 ff ff ff ff ff ff 00 0c 29 2c bb f0 08 06 00 01 08 00 06 04 00 01 00 0c 29 2c bb f0 c0 a8 00 01 00 00 00 00 00 00 c0 a8 00 d6 00 00 00 00 00 00 00 00 00 00 00 00 00 00 00 00 00 00
05-04 12:07:18.680: [u2m] 77498380 net sock0 MACRAW rx len=60
05-04 12:07:20.183: [u2eth] RX itf=w0 tot_len=63 ff ff ff ff ff ff 00 11 32 39 c1 2a 08 00 45 00 00 31 4b 77 40 00 40 11 6c eb c0 a8 00 0a c0 a8 00 ff b9 4b 7e 9c 00 1d cf 33 4d 2d 53 45 41 52 43 48 20 2a 20 48 54 54 50 2f 31 2e 31 0d 0a
05-04 12:07:20.237: [u2eth] RX itf=w0 tot_len=63 ff ff ff ff ff ff 00 11 32 39 c1 2a 08 00 45 00 00 31 33 65 40 00 40 11 84 fc c0 a8 00 0b c0 a8 00 ff 82 a3 7e 9c 00 1d 05 db 4d 2d 53 45 41 52 43 48 20 2a 20 48 54 54 50 2f 31 2e 31 0d 0a
05-04 12:07:20.238: [u2m] 79054109 net sock0 MACRAW rx len=63
05-04 12:07:20.239: [u2m] 79058446 net sock0 MACRAW rx len=63
05-04 12:07:20.304: [u2macraw] tx_q=0 tx_q_drop=0 rx_noroom=47 rx_toobig=0
05-04 12:07:20.496: [u2eth] RX itf=w0 tot_len=60 ff ff ff ff ff ff 00 0c 29 2c bb f0 08 06 00 01 08 00 06 04 00 01 00 0c 29 2c bb f0 c0 a8 00 01 00 00 00 00 00 00 c0 a8 00 d6 00 00 00 00 00 00 00 00 00 00 00 00 00 00 00 00 00 00
05-04 12:07:20.548: [u2eth] RX itf=w0 tot_len=63 ff ff ff ff ff ff 00 11 32 39 c1 2a 08 00 45 00 00 31 4d 3c 40 00 40 11 6b 26 c0 a8 00 0a c0 a8 00 ff 88 2d 7e 9e 00 1d 00 50 4d 2d 53 45 41 52 43 48 20 2a 20 48 54 54 50 2f 31 2e 31 0d 0a
05-04 12:07:20.550: [u2eth] RX itf=w0 tot_len=63 ff ff ff ff ff ff 00 11 32 39 c1 2a 08 00 45 00 00 31 33 f7 40 00 40 11 84 6a c0 a8 00 0b c0 a8 00 ff b8 d9 7e 9e 00 1d cf a2 4d 2d 53 45 41 52 43 48 20 2a 20 48 54 54 50 2f 31 2e 31 0d 0a
05-04 12:07:20.551: [u2m] 79365925 net sock0 MACRAW rx len=60
05-04 12:07:20.551: [u2m] 79370074 net sock0 MACRAW rx len=63
05-04 12:07:20.552: [u2m] 79374810 net sock0 MACRAW rx len=63
05-04 12:07:23.863: [u2eth] RX itf=w0 tot_len=60 ff ff ff ff ff ff 00 0c 29 2c bb f0 08 06 00 01 08 00 06 04 00 01 00 0c 29 2c bb f0 c0 a8 00 01 00 00 00 00 00 00 c0 a8 00 d6 00 00 00 00 00 00 00 00 00 00 00 00 00 00 00 00 00 00
05-04 12:07:23.914: [u2m] 82733577 net sock0 MACRAW rx len=60
05-04 12:07:24.168: [u2eth] RX itf=w0 tot_len=813 ff ff ff ff ff ff b8 e9 37 de f1 32 08 00 45 00 03 1f 00 00 40 00 40 11 76 53 c0 a8 00 d3 ff ff ff ff 92 0e 07 6c 03 0b 8d 23 4e 4f 54 49 46 59 20 2a 20 48 54 54 50 2f 31 2e 31 0d 0a 48 4f 53 ...
05-04 12:07:24.221: [u2m] 83039022 net sock0 MACRAW rx len=813
05-04 12:07:25.074: [u2eth] RX itf=w0 tot_len=63 ff ff ff ff ff ff 00 11 32 39 c1 2a 08 00 45 00 00 31 58 67 40 00 40 11 5f fb c0 a8 00 0a c0 a8 00 ff b9 4b 7e 9c 00 1d cf 33 4d 2d 53 45 41 52 43 48 20 2a 20 48 54 54 50 2f 31 2e 31 0d 0a
05-04 12:07:25.126: [u2eth] RX itf=w0 tot_len=63 ff ff ff ff ff ff 00 11 32 39 c1 2a 08 00 45 00 00 31 43 c7 40 00 40 11 74 9a c0 a8 00 0b c0 a8 00 ff 82 a3 7e 9c 00 1d 05 db 4d 2d 53 45 41 52 43 48 20 2a 20 48 54 54 50 2f 31 2e 31 0d 0a
05-04 12:07:25.129: [u2m] 83944884 net sock0 MACRAW rx len=63
05-04 12:07:25.129: [u2m] 83949204 net sock0 MACRAW rx len=63
05-04 12:07:25.339: [u2macraw] tx_q=0 tx_q_drop=0 rx_noroom=54 rx_toobig=0
05-04 12:07:25.390: [u2eth] RX itf=w0 tot_len=243 ff ff ff ff ff ff 90 09 d0 5f 03 83 08 00 45 00 00 e5 1f 73 40 00 40 11 98 37 c0 a8 00 0e c0 a8 00 ff 00 8a 00 8a 00 d1 b7 3e 11 0a 5f 9f c0 a8 00 0e 00 8a 00 bb 00 00 20 46 44 46 4a 45 4f 45 ...
05-04 12:07:25.441: [u2eth] RX itf=w0 tot_len=243 ff ff ff ff ff ff 90 09 d0 5f 03 83 08 00 45 00 00 e5 fb fc 40 00 40 11 bb ab c0 a8 00 10 c0 a8 00 ff 00 8a 00 8a 00 d1 b7 39 11 0a 5f a0 c0 a8 00 10 00 8a 00 bb 00 00 20 46 44 46 4a 45 4f 45 ...
05-04 12:07:25.443: [u2eth] RX itf=w0 tot_len=92 ff ff ff ff ff ff b0 4f 13 ed 30 2f 08 00 45 00 00 4e 7d b9 00 00 40 11 79 ad c0 a8 00 e9 c0 a8 00 ff 00 89 00 89 00 3a 87 77 4a 39 01 10 00 01 00 00 00 00 00 00 20 41 42 41 43 46 50 46 50 45 ...
05-04 12:07:25.446: [u2eth] RX itf=w0 tot_len=92 ff ff ff ff ff ff b6 3b 00 a6 35 80 08 00 45 00 00 4e aa 04 00 00 40 11 4d 70 c0 a8 00 db c0 a8 00 ff 00 89 00 89 00 3a 87 85 4a 39 01 10 00 01 00 00 00 00 00 00 20 41 42 41 43 46 50 46 50 45 ...
05-04 12:07:25.448: [u2eth] RX itf=w0 tot_len=60 ff ff ff ff ff ff 00 0c 29 2c bb f0 08 06 00 01 08 00 06 04 00 01 00 0c 29 2c bb f0 c0 a8 00 01 00 00 00 00 00 00 c0 a8 00 d6 00 00 00 00 00 00 00 00 00 00 00 00 00 00 00 00 00 00
05-04 12:07:25.450: [u2m] 84256728 net sock0 MACRAW rx len=243
05-04 12:07:25.451: [u2m] 84261219 net sock0 MACRAW rx len=243
05-04 12:07:25.451: [u2m] 84266123 net sock0 MACRAW rx len=92
05-04 12:07:25.452: [u2m] 84271019 net sock0 MACRAW rx len=92
05-04 12:07:25.452: [u2m] 84275921 net sock0 MACRAW rx len=60
05-04 12:07:25.715: [u2eth] RX itf=w0 tot_len=63 ff ff ff ff ff ff 00 11 32 39 c1 2a 08 00 45 00 00 31 58 e5 40 00 40 11 5f 7d c0 a8 00 0a c0 a8 00 ff 88 2d 7e 9e 00 1d 00 50 4d 2d 53 45 41 52 43 48 20 2a 20 48 54 54 50 2f 31 2e 31 0d 0a
05-04 12:07:25.767: [u2eth] RX itf=w0 tot_len=63 ff ff ff ff ff ff 00 11 32 39 c1 2a 08 00 45 00 00 31 44 74 40 00 40 11 73 ed c0 a8 00 0b c0 a8 00 ff b8 d9 7e 9e 00 1d cf a2 4d 2d 53 45 41 52 43 48 20 2a 20 48 54 54 50 2f 31 2e 31 0d 0a
05-04 12:07:25.768: [u2m] 84585419 net sock0 MACRAW rx len=63
05-04 12:07:25.768: [u2m] 84589743 net sock0 MACRAW rx len=63
05-04 12:07:28.777: [u2eth] RX itf=w0 tot_len=60 ff ff ff ff ff ff 00 0c 29 2c bb f0 08 06 00 01 08 00 06 04 00 01 00 0c 29 2c bb f0 c0 a8 00 01 00 00 00 00 00 00 c0 a8 00 d6 00 00 00 00 00 00 00 00 00 00 00 00 00 00 00 00 00 00
05-04 12:07:28.829: [u2m] 87647526 net sock0 MACRAW rx len=60
05-04 12:07:30.033: [u2eth] RX itf=w0 tot_len=63 ff ff ff ff ff ff 00 11 32 39 c1 2a 08 00 45 00 00 31 63 17 40 00 40 11 55 4b c0 a8 00 0a c0 a8 00 ff b9 4b 7e 9c 00 1d cf 33 4d 2d 53 45 41 52 43 48 20 2a 20 48 54 54 50 2f 31 2e 31 0d 0a
05-04 12:07:30.085: [u2eth] RX itf=w0 tot_len=63 ff ff ff ff ff ff 00 11 32 39 c1 2a 08 00 45 00 00 31 51 7c 40 00 40 11 66 e5 c0 a8 00 0b c0 a8 00 ff 82 a3 7e 9c 00 1d 05 db 4d 2d 53 45 41 52 43 48 20 2a 20 48 54 54 50 2f 31 2e 31 0d 0a
05-04 12:07:30.085: [u2m2m] 88907488 net sock0 MACRAW rx len=63
05-04 12:07:30.345: [u2macraw] tx_q=0 tx_q_drop=0 rx_noroom=64 rx_toobig=0
05-04 12:07:30.644: [u2eth] RX itf=w0 tot_len=63 ff ff ff ff ff ff 00 11 32 39 c1 2a 08 00 45 00 00 31 63 90 40 00 40 11 54 d2 c0 a8 00 0a c0 a8 00 ff 88 2d 7e 9e 00 1d 00 50 4d 2d 53 45 41 52 43 48 20 2a 20 48 54 54 50 2f 31 2e 31 0d 0a
05-04 12:07:30.696: [u2eth] RX itf=w0 tot_len=63 ff ff ff ff ff ff 00 11 32 39 c1 2a 08 00 45 00 00 31 53 30 40 00 40 11 65 31 c0 a8 00 0b c0 a8 00 ff b8 d9 7e 9e 00 1d cf a2 4d 2d 53 45 41 52 43 48 20 2a 20 48 54 54 50 2f 31 2e 31 0d 0a
05-04 12:07:30.698: [u2m] 89515146 net sock0 MACRAW rx len=63
05-04 12:07:30.698: [u2m] 89519459 net sock0 MACRAW rx len=63
05-04 12:07:31.256: [u2eth] RX itf=w0 tot_len=60 ff ff ff ff ff ff 50 14 79 d6 67 b3 08 06 00 01 08 00 06 04 00 01 50 14 79 d6 67 b3 c0 a8 00 e0 00 00 00 00 00 00 c0 a8 00 e0 00 00 00 00 00 00 00 00 00 00 00 00 00 00 00 00 00 00
05-04 12:07:31.308: [u2m] 90126403 net sock0 MACRAW rx len=60
05-04 12:07:31.561: [u2eth] RX itf=w0 tot_len=60 ff ff ff ff ff ff 00 0c 29 2c bb f0 08 06 00 01 08 00 06 04 00 01 00 0c 29 2c bb f0 c0 a8 00 01 00 00 00 00 00 00 c0 a8 00 d6 00 00 00 00 00 00 00 00 00 00 00 00 00 00 00 00 00 00
05-04 12:07:31.613: [u2m] 90431652 net sock0 MACRAW rx len=60
05-04 12:07:33.067: [u2eth] RX itf=w0 tot_len=60 ff ff ff ff ff ff 50 14 79 d6 67 b3 08 06 00 01 08 00 06 04 00 01 50 14 79 d6 67 b3 c0 a8 00 e0 ff ff ff ff ff ff c0 a8 00 01 00 00 00 00 00 00 00 00 00 00 00 00 00 00 00 00 00 00
05-04 12:07:33.119: [u2eth] RX itf=w0 tot_len=60 ff ff ff ff ff ff 50 14 79 d6 67 b3 08 06 00 01 08 00 06 04 00 01 50 14 79 d6 67 b3 c0 a8 00 e0 00 00 00 00 00 00 c0 a8 00 e0 00 00 00 00 00 00 00 00 00 00 00 00 00 00 00 00 00 00
05-04 12:07:33.120: [u2m] 91937336 net sock0 MACRAW rx len=60
05-04 12:07:33.121: [u2m] 91941477 net sock0 MACRAW rx len=60
05-04 12:07:34.027: [u2eth] RX itf=w0 tot_len=60 ff ff ff ff ff ff 00 0c 29 2c bb f0 08 06 00 01 08 00 06 04 00 01 00 0c 29 2c bb f0 c0 a8 00 01 00 00 00 00 00 00 c0 a8 00 d6 00 00 00 00 00 00 00 00 00 00 00 00 00 00 00 00 00 00
05-04 12:07:34.079: [u2m] 92898327 net sock0 MACRAW rx len=60
05-04 12:07:35.233: [u2eth] RX itf=w0 tot_len=63 ff ff ff ff ff ff 00 11 32 39 c1 2a 08 00 45 00 00 31 67 9b 40 00 40 11 50 c7 c0 a8 00 0a c0 a8 00 ff b9 4b 7e 9c 00 1d cf 33 4d 2d 53 45 41 52 43 48 20 2a 20 48 54 54 50 2f 31 2e 31 0d 0a
05-04 12:07:35.286: [u2eth] RX itf=w0 tot_len=63 ff ff ff ff ff ff 00 11 32 39 c1 2a 08 00 45 00 00 31 59 4d 40 00 40 11 5f 14 c0 a8 00 0b c0 a8 00 ff 82 a3 7e 9c 00 1d 05 db 4d 2d 53 45 41 52 43 48 20 2a 20 48 54 54 50 2f 31 2e 31 0d 0a
05-04 12:07:35.286: [u2m] 94103914 net sock0 MACRAW rx len=63
05-04 12:07:35.286: [u2m] 94108246 net sock0 MACRAW rx len=63
05-04 12:07:35.354: [u2macraw] tx_q=0 tx_q_drop=0 rx_noroom=73 rx_toobig=0
05-04 12:07:35.545: [u2eth] RX itf=w0 tot_len=60 ff ff ff ff ff ff 00 0c 29 2c bb f0 08 06 00 01 08 00 06 04 00 01 00 0c 29 2c bb f0 c0 a8 00 01 00 00 00 00 00 00 c0 a8 00 d6 00 00 00 00 00 00 00 00 00 00 00 00 00 00 00 00 00 00
05-04 12:07:35.598: [u2eth] RX itf=w0 tot_len=63 ff ff ff ff ff ff 00 11 32 39 c1 2a 08 00 45 00 00 31 68 f4 40 00 40 11 4f 6e c0 a8 00 0a c0 a8 00 ff 88 2d 7e 9e 00 1d 00 50 4d 2d 53 45 41 52 43 48 20 2a 20 48 54 54 50 2f 31 2e 31 0d 0a
05-04 12:07:35.600: [u2eth] RX itf=w0 tot_len=63 ff ff ff ff ff ff 00 11 32 39 c1 2a 08 00 45 00 00 31 59 cb 40 00 40 11 5e 96 c0 a8 00 0b c0 a8 00 ff b8 d9 7e 9e 00 1d cf a2 4d 2d 53 45 41 52 43 48 20 2a 20 48 54 54 50 2f 31 2e 31 0d 0a
05-04 12:07:35.601: [u2m] 94415717 net sock0 MACRAW rx len=60
05-04 12:07:35.602: [u2m] 94419846 net sock0 MACRAW rx len=63
05-04 12:07:35.602: [u2m] 94424587 net sock0 MACRAW rx len=63
05-04 12:07:36.462: [u2eth] RX itf=w0 tot_len=60 ff ff ff ff ff ff 00 0c 29 2c bb f0 08 06 00 01 08 00 06 04 00 01 00 0c 29 2c bb f0 c0 a8 00 01 00 00 00 00 00 00 c0 a8 00 d6 00 00 00 00 00 00 00 00 00 00 00 00 00 00 00 00 00 00
05-04 12:07:36.515: [u2m] 95332582 net sock0 MACRAW rx len=60

05-04 12:16:42.994: [u2] init
05-04 12:16:42.995: [u2m] U2 activity monitor on (UART 460800); bus+socket+net events; ring=256 flush<=128/call
05-04 12:16:43.046: [u2] ip65 debug: U2_IP65_CHECKPOINT=0 (0=off; 1..5=bisect; cmake -DU2_IP65_CHECKPOINT=n)

05-04 12:16:43.046: Megaflash DEBUG Firmware Version 33 (V1.2.1-eo)
05-04 12:16:43.046: Firmware build: 2026-05-03 03:55:51 UTC  (1777780551 Unix s)
05-04 12:16:43.047: CPU Clock Speed =150MHz
05-04 12:16:43.047: clk_peri =150MHz
05-04 12:16:43.047: SPI Speed = 75MHz
05-04 12:16:43.047: WIFI Supported = Yes
05-04 12:16:43.047: Total heap = 125376
05-04 12:16:43.047: Free heap  = 124264
05-04 12:16:44.956: Version: 7.95.49 (2271bb6 CY) CRC: b7a28ef3 Date: Mon 2021-11-29 22:50:27 PST Ucode Ver: 1043.2162 FWID 01-c51d9400
05-04 12:16:45.161: cyw43 loaded ok, mac 88:a2:9e:48:22:7a
05-04 12:16:45.161: [u2m] 9798 reset


05-04 12:16:45.162: #     #                          #######
05-04 12:16:45.162: ##   ##  ######   ####     ##    #        #         ##     ####   #    #
05-04 12:16:45.212: # # # #  #       #    #   #  #   #        #        #  #   #       #    #
05-04 12:16:45.212: #  #  #  #####   #       #    #  #####    #       #    #   ####   ######
05-04 12:16:45.213: #     #  #       #  ###  ######  #        #       ####  #    #
05-04 12:16:45.213: #     #  ######   ####   #    #  #        ######  #    #   ####   #    #

05-04 12:16:45.213: Main Menu
05-04 12:16:45.213: =========

05-04 12:16:45.213: 1) Device Information
05-04 12:16:45.214: 2) Upload ProDOS Image file to MegaFlash
05-04 12:16:45.214: 3) Download ProDOS Image file from MegaFlash
05-04 12:16:45.214: 4) Erase Flash Content

05-04 12:16:45.214: Please Select:[u2] init
05-04 12:16:52.828: [u2m] U2 activity monitor on (UART 460800); bus+socket+net events; ring=256 flush<=128/call
05-04 12:16:52.829: [u2] ip65 debug: U2_IP65_CHECKPOINT=0 (0=off; 1..5=bisect; cmake -DU2_IP65_CHECKPOINT=n)

05-04 12:16:52.830: Megaflash DEBUG Firmware Version 33 (V1.2.1-eo)
05-04 12:16:52.831: Firmware build: 2026-05-03 03:55:51 UTC  (1777780551 Unix s)
05-04 12:16:52.831: CPU Clock Speed =150MHz
05-04 12:16:52.832: clk_peri =150MHz
05-04 12:16:52.832: SPI Speed = 75MHz
05-04 12:16:52.832: WIFI Supported = Yes
05-04 12:16:52.832: Total heap = 125376
05-04 12:16:52.833: Free heap  = 124264
05-04 12:16:56.157: Version: 7.95.49 (2271bb6 CY) CRC: b7a28ef3 Date: Mon 2021-11-29 22:50:27 PST Ucode Ver: 1043.2162 FWID 01-c51d9400
05-04 12:16:56.351: cyw43 loaded ok, mac 88:a2:9e:48:22:7a
05-04 12:16:56.353: [u2m] 4526 reset
05-04 12:16:56.353: GetNetworkTime()
05-04 12:16:56.403: NETPUMP: begin op=1 label=NTP taskid=0
05-04 12:16:56.453: API: 12.2
05-04 12:16:56.454: Data: RaspberryPi.PicoW
05-04 12:16:56.454: Compiler: 1.29.4
05-04 12:16:56.454: ClmImport: 1.47.1
05-04 12:16:56.454: Customization: v5 22/06/24
05-04 12:16:56.454: Creation: 2022-06-24 06:55:08

05-04 12:16:56.561: SSID=OIS-new

05-04 12:16:56.562: Connecting to Wifi Attempt:#1
05-04 12:16:56.562: connect status: 1
05-04 12:16:59.537: connect status: 2
05-04 12:17:01.382: connect status: 3
05-04 12:17:01.383: link_status=3
05-04 12:17:01.383: WIFI connected
05-04 12:17:01.383: IP address: 192.168.0.238
05-04 12:17:01.433: Gateway: 192.168.0.1
05-04 12:17:01.433: Netmask: 255.255.255.0
05-04 12:17:01.434: DNS Server: 192.168.0.1
05-04 12:17:01.434: CreateUdpPcb() pcb = 0x20016fb0
05-04 12:17:01.434: NTP: EvtStart()
05-04 12:17:01.434: DNSLooup(): waiting for callback
05-04 12:17:01.435: NTP: EvtDNSResult dnserr=0
05-04 12:17:01.435: EvtDNSResult(): IP Addr = 104.234.61.117
05-04 12:17:01.484: Sending NTP Request Attempt: #1
05-04 12:17:01.534: NTP: EvtUDPReceived len=48 port=123
05-04 12:17:01.535: NTP: Valid response: mode=0x04 stratum=2
05-04 12:17:01.535: NTP: unix epoch = 1777911421
05-04 12:17:01.535: NETPUMP: end op=1 label=NTP taskid=0
05-04 12:17:01.536: GetNTP err=11 (11=NETERR_NONE)
05-04 12:17:03.882: [u2eth] RX itf=w0 tot_len=60 ff ff ff ff ff ff 00 0c 29 2c bb f0 08 06 00 01 08 00 06 04 00 01 00 0c 29 2c bb f0 c0 a8 00 01 00 00 00 00 00 00 c0 a8 00 d6 00 00 00 00 00 00 00 00 00 00 00 00 00 00 00 00 00 00
05-04 12:17:04.387: [u2tap] drain len=292 ff ff ff ff ff ff 00 08 dc a2 a2 a2 08 00 45 00 01 15 34 12 40 00 40 11 05 c7 00 00 00 00 ff ff ff ff 00 44 00 43 01 01 c4 59 01 01 06 00 01 02 03 04 00 00 80 00 00 00 00 00 00 00 00 00 00 00 ...
05-04 12:17:04.439: [u2tap] core0-pre len=292 ff ff ff ff ff ff 00 08 dc a2 a2 a2 08 00 45 00 01 15 34 12 40 00 40 11 05 c7 00 00 00 00 ff ff ff ff 00 44 00 43 01 01 c4 59 01 01 06 00 01 02 03 04 00 00 80 00 00 00 00 00 00 00 00 00 00 00 ...
05-04 12:17:04.441: [u2tap] core0-post len=292 ff ff ff ff ff ff 88 a2 9e 48 22 7a 08 00 45 00 01 15 34 12 40 00 40 11 05 c7 00 00 00 00 ff ff ff ff 00 44 00 43 01 01 c4 59 01 01 06 00 01 02 03 04 00 00 80 00 00 00 00 00 00 00 00 00 00 00 ...
05-04 12:17:04.442: [u2eth] TX itf=w0 tot_len=292 ff ff ff ff ff ff 88 a2 9e 48 22 7a 08 00 45 00 01 15 34 12 40 00 40 11 05 c7 00 00 00 00 ff ff ff ff 00 44 00 43 01 01 c4 59 01 01 06 00 01 02 03 04 00 00 80 00 00 00 00 00 00 00 00 00 00 00 ...
05-04 12:17:04.444: [u2m] 11566119 sock0 OPEN mr=0x44 port=0 ok
05-04 12:17:04.444: [u2m] 11572298 sock0 SEND
05-04 12:17:04.444: [u2m] 11572315 net sock0 MACRAW ptrs len=292 rd=0x0000 wr=0x0124 rdm=0x00 wrm=0x24
05-04 12:17:04.445: [u2m] 11602627 net sock0 MACRAW tx len=292
05-04 12:17:04.488: [u2tap] drain len=292 ff ff ff ff ff ff 00 08 dc a2 a2 a2 08 00 45 00 01 15 34 12 40 00 40 11 05 c7 00 00 00 00 ff ff ff ff 00 44 00 43 01 01 c4 59 01 01 06 00 01 02 03 04 00 00 80 00 00 00 00 00 00 00 00 00 00 00 ...
05-04 12:17:04.489: [u2tap] core0-pre len=292 ff ff ff ff ff ff 00 08 dc a2 a2 a2 08 00 45 00 01 15 34 12 40 00 40 11 05 c7 00 00 00 00 ff ff ff ff 00 44 00 43 01 01 c4 59 01 01 06 00 01 02 03 04 00 00 80 00 00 00 00 00 00 00 00 00 00 00 ...
05-04 12:17:04.490: [u2tap] core0-post len=292 ff ff ff ff ff ff 88 a2 9e 48 22 7a 08 00 45 00 01 15 34 12 40 00 40 11 05 c7 00 00 00 00 ff ff ff ff 00 44 00 43 01 01 c4 59 01 01 06 00 01 02 03 04 00 00 80 00 00 00 00 00 00 00 00 00 00 00 ...
05-04 12:17:04.491: [u2eth] TX itf=w0 tot_len=292 ff ff ff ff ff ff 88 a2 9e 48 22 7a 08 00 45 00 01 15 34 12 40 00 40 11 05 c7 00 00 00 00 ff ff ff ff 00 44 00 43 01 01 c4 59 01 01 06 00 01 02 03 04 00 00 80 00 00 00 00 00 00 00 00 00 00 00 ...
05-04 12:17:04.492: [u2eth] RX itf=w0 tot_len=342 ff ff ff ff ff ff 00 0c 29 2c bb f0 08 00 45 10 01 48 00 00 00 00 80 11 78 ec c0 a8 00 01 ff ff ff ff 00 43 00 44 01 34 ad 34 02 01 06 00 01 02 03 04 00 00 80 00 00 00 00 00 c0 a8 00 f5 00 00 ...
05-04 12:17:04.493: [u2eth] RX itf=w0 tot_len=342 ff ff ff ff ff ff 00 0c 29 2c bb f0 08 00 45 10 01 48 00 00 00 00 80 11 78 ec c0 a8 00 01 ff ff ff ff 00 43 00 44 01 34 ad 34 02 01 06 00 01 02 03 04 00 00 80 00 00 00 00 00 c0 a8 00 f5 00 00 ...
05-04 12:17:04.494: [u2eth] RX itf=w0 tot_len=342 ff ff ff ff ff ff 00 0c 29 2c bb f0 08 00 45 10 01 48 00 00 00 00 80 11 78 ec c0 a8 00 01 ff ff ff ff 00 43 00 44 01 34 ad 34 02 01 06 00 01 02 03 04 00 00 80 00 00 00 00 00 c0 a8 00 f5 00 00 ...
05-04 12:17:04.541: [u2eth] RX itf=w0 tot_len=342 ff ff ff ff ff ff 00 0c 29 2c bb f0 08 00 45 10 01 48 00 00 00 00 80 11 78 ec c0 a8 00 01 ff ff ff ff 00 43 00 44 01 34 ad 34 02 01 06 00 01 02 03 04 00 00 80 00 00 00 00 00 c0 a8 00 f5 00 00 ...
05-04 12:17:04.542: [u2m] 11642108 sock0 SEND
05-04 12:17:04.542: [u2m] 11642120 net sock0 MACRAW ptrs len=292 rd=0x0124 wr=0x0248 rdm=0x24 wrm=0x48
05-04 12:17:04.542: [u2m] 11675713 net sock0 MACRAW tx len=292
05-04 12:17:04.543: [u2m] 11675934 net sock0 MACRAW rx ln=342
05-04 12:17:04.543: [u2m] 11690472 net sock0 MACRAW rx len=342
05-04 12:17:04.543: [u2m] 11693015 sock0 RECV
05-04 12:17:04.543: [u2m] 11698534 sock0 SEND
05-04 12:17:04.543: [u2m] 11698544 net sock0 MACRAW ptrs len=298 rd=0x0248 wr=0x0372 rdm=0x48 wrm=0x72
05-04 12:17:04.589: [u2tap] drain len=298 ff ff ff ff ff ff 00 08 dc a2 a2 a2 08 00 45 00 01 1c 34 12 40 00 40 11 44 22 c0 a8 00 f5 ff ff ff ff 00 44 00 43 01 08 35 04 01 01 06 00 01 02 03 04 00 00 00 00 00 00 00 00 00 00 00 00 00 00 ...
05-04 12:17:04.591: [u2tap] core0-pre len=298 ff ff ff ff ff ff 00 08 dc a2 a2 a2 08 00 45 00 01 1c 34 12 40 00 40 11 44 22 c0 a8 00 f5 ff ff ff ff 00 44 00 43 01 08 35 04 01 01 06 00 01 02 03 04 00 00 00 00 00 00 00 00 00 00 00 00 00 00 ...
05-04 12:17:04.591: [u2tap] core0-post len=298 ff ff ff ff ff ff 88 a2 9e 48 22 7a 08 00 45 00 01 1c 34 12 40 00 40 11 44 22 c0 a8 00 f5 ff ff ff ff 00 44 00 43 01 08 35 04 01 01 06 00 01 02 03 04 00 00 00 00 00 00 00 00 00 00 00 00 00 00 ...
05-04 12:17:04.592: [u2eth] TX itf=w0 tot_len=298 ff ff ff ff ff ff 88 a2 9e 48 22 7a 08 00 45 00 01 1c 34 12 40 00 40 11 44 22 c0 a8 00 f5 ff ff ff ff 00 44 00 43 01 08 35 04 01 01 06 00 01 02 03 04 00 00 00 00 00 00 00 00 00 00 00 00 00 00 ...
05-04 12:17:04.593: [u2eth] TX itf=w0 tot_len=42 ff ff ff ff ff ff 88 a2 9e 48 22 7a 08 06 00 01 08 00 06 04 00 01 00 08 dc a2 a2 a2 c0 a8 00 f5 00 00 00 00 00 00 c0 a8 00 9a
05-04 12:17:04.594: [u2m] 11708766 sock0 RECV
05-04 12:17:04.594: [u2m] 11729685 sock0 SEND
05-04 12:17:04.594: [u2m] 11729688 net sock0 MACRAW ptrs len=42 rd=0x0372 wr=0x039C rdm=0x72 wrm=0x9C
05-04 12:17:04.594: [u2m] 11739919 sock0 RECV
05-04 12:17:04.594: [u2m] 11744675 sock0 RECV
05-04 12:17:04.594: [u2m] 11774393 net sock0 MACRAW tx len=298
05-04 12:17:04.594: [u2m] 11777676 net sock0 MACRAW tx len=42
05-04 12:17:04.787: [u2eth] RX itf=w0 tot_len=342 ff ff ff ff ff ff 00 0c 29 2c bb f0 08 00 45 10 01 48 00 00 00 00 80 11 78 ec c0 a8 00 01 ff ff ff ff 00 43 00 44 01 34 ad 34 02 01 06 00 01 02 03 04 00 00 80 00 00 00 00 00 c0 a8 00 f5 00 00 ...
05-04 12:17:04.839: [u2eth] RX itf=w0 tot_len=342 ff ff ff ff ff ff 00 0c 29 2c bb f0 08 00 45 10 01 48 00 00 00 00 80 11 78 ec c0 a8 00 01 ff ff ff ff 00 43 00 44 01 34 ad 34 02 01 06 00 01 02 03 04 00 00 80 00 00 00 00 00 c0 a8 00 f5 00 00 ...
05-04 12:17:04.840: [u2eth] RX itf=w0 tot_len=342 ff ff ff ff ff ff 00 0c 29 2c bb f0 08 00 45 10 01 48 00 00 00 00 80 11 78 ec c0 a8 00 01 ff ff ff ff 00 43 00 44 01 34 ad 34 02 01 06 00 01 02 03 04 00 00 80 00 00 00 00 00 c0 a8 00 f5 00 00 ...
05-04 12:17:04.841: [u2eth] RX itf=w0 tot_len=342 ff ff ff ff ff ff 00 0c 29 2c bb f0 08 00 45 10 01 48 00 00 00 00 80 11 78 ec c0 a8 00 01 ff ff ff ff 00 43 00 44 01 34 ad 34 02 01 06 00 01 02 03 04 00 00 80 00 00 00 00 00 c0 a8 00 f5 00 00 ...
05-04 12:17:04.841: [u2m] 11983959 net sock0 MACRAW rx len=342
05-04 12:17:04.842: [u2m] 11988580 net sock0 MACRAW rx len=342
05-04 12:17:04.842: [u2m] 11993467 net sock0 MACRAW rx len=342
05-04 12:17:04.842: [u2m] 11998383 net sock0 MACRAW rx len=342
05-04 12:17:05.110: [u2eth] RX itf=w0 tot_len=63 ff ff ff ff ff ff 00 11 32 39 c1 2a 08 00 45 00 00 31 6e e4 40 00 40 11 49 7e c0 a8 00 0a c0 a8 00 ff b9 4b 7e 9c 00 1d cf 33 4d 2d 53 45 41 52 43 48 20 2a 20 48 54 54 50 2f 31 2e 31 0d 0a
05-04 12:17:05.162: [u2eth] RX itf=w0 tot_len=63 ff ff ff ff ff ff 00 11 32 39 c1 2a 08 00 45 00 00 31 9d f2 40 00 40 11 1a 6f c0 a8 00 0b c0 a8 00 ff 82 a3 7e 9c 00 1d 05 db 4d 2d 53 45 41 52 43 48 20 2a 20 48 54 54 50 2f 31 2e 31 0d 0a
05-04 12:17:05.164: [u2m] 12307350 net sock0 MACRAW rx len=63
05-04 12:17:05.164: [u2m] 12311702 net sock0 MACRAW rx len=63
05-04 12:17:05.722: [u2eth] RX itf=w0 tot_len=63 ff ff ff ff ff ff 00 11 32 39 c1 2a 08 00 45 00 00 31 70 65 40 00 40 11 47 fd c0 a8 00 0a c0 a8 00 ff 88 2d 7e 9e 00 1d 00 50 4d 2d 53 45 41 52 43 48 20 2a 20 48 54 54 50 2f 31 2e 31 0d 0a
05-04 12:17:05.774: [u2eth] RX itf=w0 tot_len=63 ff ff ff ff ff ff 00 11 32 39 c1 2a 08 00 45 00 00 31 9f 1b 40 00 40 11 19 46 c0 a8 00 0b c0 a8 00 ff b8 d9 7e 9e 00 1d cf a2 4d 2d 53 45 41 52 43 48 20 2a 20 48 54 54 50 2f 31 2e 31 0d 0a
05-04 12:17:05.775: [u2eth] RX itf=w0 tot_len=60 ff ff ff ff ff ff 00 0c 29 2c bb f0 08 06 00 01 08 00 06 04 00 01 00 0c 29 2c bb f0 c0 a8 00 01 00 00 00 00 00 00 c0 a8 00 d6 00 00 00 00 00 00 00 00 00 00 00 00 00 00 00 00 00 00
05-04 12:17:05.776: [u2m] 12918619 net sock0 MACRAW rx len=63
05-04 12:17:05.776: [u2m] 12922969 net sock0 MACRAW rx len=63
05-04 12:17:05.776: [u2m] 12927706 net sock0 MACRAW rx len=60
05-04 12:17:06.600: [u2macraw] tx_q=0 tx_q_drop=0 rx_noroom=0 rx_toobig=0
05-04 12:17:07.490: [u2m] 14640898 sock0 RECV
05-04 12:17:07.491: [u2m] 14646243 sock0 RECV
05-04 12:17:07.491: [u2m] 14651420 sock0 RECV
05-04 12:17:07.541: [u2m] 14656595 sock0 RECV
05-04 12:17:07.541: [u2m] 14660153 sock0 RECV
05-04 12:17:07.541: [u2m] 14663746 sock0 RECV
05-04 12:17:07.541: [u2m] 14667313 sock0 RECV
05-04 12:17:07.542: [u2m] 14670880 sock0 RECV
05-04 12:17:07.542: [u2m] 14674430 sock0 RECV
05-04 12:17:07.844: [u2eth] RX itf=w0 tot_len=60 ff ff ff ff ff ff 00 0c 29 2c bb f0 08 06 00 01 08 00 06 04 00 01 00 0c 29 2c bb f0 c0 a8 00 01 00 00 00 00 00 00 c0 a8 00 d6 00 00 00 00 00 00 00 00 00 00 00 00 00 00 00 00 00 00
05-04 12:17:07.896: [u2m] 15041401 net sock0 MACRAW rx len=60
05-04 12:17:07.945: [u2m] 15049998 sock0 RECV
05-04 12:17:10.000: [u2eth] RX itf=w0 tot_len=60 ff ff ff ff ff ff 00 0c 29 2c bb f0 08 06 00 01 08 00 06 04 00 01 00 0c 29 2c bb f0 c0 a8 00 01 00 00 00 00 00 00 c0 a8 00 d6 00 00 00 00 00 00 00 00 00 00 00 00 00 00 00 00 00 00
05-04 12:17:10.055: [u2m] 17197509 net sock0 MACRAW rx len=60
05-04 12:17:10.306: [u2eth] RX itf=w0 tot_len=63 ff ff ff ff ff ff 00 11 32 39 c1 2a 08 00 45 00 00 31 7a 55 40 00 40 11 3e 0d c0 a8 00 0a c0 a8 00 ff b9 4b 7e 9c 00 1d cf 33 4d 2d 53 45 41 52 43 48 20 2a 20 48 54 54 50 2f 31 2e 31 0d 0a
05-04 12:17:10.358: [u2eth] RX itf=w0 tot_len=63 ff ff ff ff ff ff 00 11 32 39 c1 2a 08 00 45 00 00 31 a1 00 40 00 40 11 17 61 c0 a8 00 0b c0 a8 00 ff 82 a3 7e 9c 00 1d 05 db 4d 2d 53 45 41 52 43 48 20 2a 20 48 54 54 50 2f 31 2e 31 0d 0a
05-04 12:17:10.359: [u2m] 17502775 net sock0 MACRAW rx len=63
05-04 12:17:10.360: [u2m] 17507117 net sock0 MACRAW rx len=63
05-04 12:17:10.618: [u2eth] RX itf=w0 tot_len=63 ff ff ff ff ff ff 00 11 32 39 c1 2a 08 00 45 00 00 31 7b d0 40 00 40 11 3c 92 c0 a8 00 0a c0 a8 00 ff 88 2d 7e 9e 00 1d 00 50 4d 2d 53 45 41 52 43 48 20 2a 20 48 54 54 50 2f 31 2e 31 0d 0a
05-04 12:17:10.670: [u2eth] RX itf=w0 tot_len=63 ff ff ff ff ff ff 00 11 32 39 c1 2a 08 00 45 00 00 31 a2 de 40 00 40 11 15 83 c0 a8 00 0b c0 a8 00 ff b8 d9 7e 9e 00 1d cf a2 4d 2d 53 45 41 52 43 48 20 2a 20 48 54 54 50 2f 31 2e 31 0d 0a
05-04 12:17:10.671: [u2m] 17813928 net sock0 MACRAW rx len=63
05-04 12:17:10.671: [u2m] 17818285 net sock0 MACRAW rx len=63
05-04 12:17:11.634: [u2macraw] tx_q=0 tx_q_drop=0 rx_noroom=0 rx_toobig=0
05-04 12:17:11.729: [u2eth] TX itf=w0 tot_len=42 ff ff ff ff ff ff 88 a2 9e 48 22 7a 08 06 00 01 08 00 06 04 00 01 00 08 dc a2 a2 a2 c0 a8 00 f5 00 00 00 00 00 00 c0 a8 00 9a
05-04 12:17:11.781: [u2m] 18883412 sock0 SEND
05-04 12:17:11.781: [u2m] 18883422 net sock0 MACRAW ptrs len=42 rd=0x039C wr=0x03C6 rdm=0x9C wrm=0xC6
05-04 12:17:11.782: [u2m] 18892057 sock0 RECV
05-04 12:17:11.782: [u2m] 18895441 sock0 RECV
05-04 12:17:11.782: [u2m] 18899181 sock0 RECV
05-04 12:17:11.782: [u2m] 18902748 sock0 RECV
05-04 12:17:11.782: [u2m] 18906315 sock0 RECV
05-04 12:17:11.782: [u2m] 18928869 net sock0 MACRAW tx len=42
05-04 12:17:13.989: [u2eth] RX itf=w0 tot_len=60 ff ff ff ff ff ff 00 0c 29 2c bb f0 08 06 00 01 08 00 06 04 00 01 00 0c 29 2c bb f0 c0 a8 00 01 00 00 00 00 00 00 c0 a8 00 d6 00 00 00 00 00 00 00 00 00 00 00 00 00 00 00 00 00 00
05-04 12:17:14.042: [u2m] 21186074 net sock0 MACRAW rx len=60
05-04 12:17:15.245: [u2eth] RX itf=w0 tot_len=63 ff ff ff ff ff ff 00 11 32 39 c1 2a 08 00 45 00 00 31 7d ac 40 00 40 11 3a b6 c0 a8 00 0a c0 a8 00 ff b9 4b 7e 9c 00 1d cf 33 4d 2d 53 45 41 52 43 48 20 2a 20 48 54 54 50 2f 31 2e 31 0d 0a
05-04 12:17:15.297: [u2eth] RX itf=w0 tot_len=63 ff ff ff ff ff ff 00 11 32 39 c1 2a 08 00 45 00 00 31 a8 5c 40 00 40 11 10 05 c0 a8 00 0b c0 a8 00 ff 82 a3 7e 9c 00 1d 05 db 4d 2d 53 45 41 52 43 48 20 2a 20 48 54 54 50 2f 31 2e 31 0d 0a
05-04 12:17:15.298: [u2m] 22441707 net sock0 MACRAW rx len=63
05-04 12:17:15.298: [u2m] 22446074 net sock0 MACRAW rx len=63
05-04 12:17:15.556: [u2eth] RX itf=w0 tot_len=63 ff ff ff ff ff ff 00 11 32 39 c1 2a 08 00 45 00 00 31 7e c8 40 00 40 11 39 9a c0 a8 00 0a c0 a8 00 ff 88 2d 7e 9e 00 1d 00 50 4d 2d 53 45 41 52 43 48 20 2a 20 48 54 54 50 2f 31 2e 31 0d 0a
05-04 12:17:15.609: [u2eth] RX itf=w0 tot_len=63 ff ff ff ff ff ff 00 11 32 39 c1 2a 08 00 45 00 00 31 a9 51 40 00 40 11 0f 10 c0 a8 00 0b c0 a8 00 ff b8 d9 7e 9e 00 1d cf a2 4d 2d 53 45 41 52 43 48 20 2a 20 48 54 54 50 2f 31 2e 31 0d 0a
05-04 12:17:15.610: [u2m] 22752893 net sock0 MACRAW rx len=63
05-04 12:17:15.610: [u2m] 22757247 net sock0 MACRAW rx len=63
05-04 12:17:15.817: [u2eth] RX itf=w0 tot_len=60 ff ff ff ff ff ff 00 0c 29 2c bb f0 08 06 00 01 08 00 06 04 00 01 00 0c 29 2c bb f0 c0 a8 00 01 00 00 00 00 00 00 c0 a8 00 d6 00 00 00 00 00 00 00 00 00 00 00 00 00 00 00 00 00 00
05-04 12:17:15.870: [u2m] 23002602 sock0 RECV
05-04 12:17:15.870: [u2m] 23005989 sock0 RECV
05-04 12:17:15.870: [u2m] 23009727 sock0 RECV
05-04 12:17:15.870: [u2m] 23013293 sock0 RECV
05-04 12:17:15.871: [u2m] 23014078 net sock0 MACRAW rx len=60
05-04 12:17:15.919: [u2m] 23025450 sock0 RECV
05-04 12:17:15.920: [u2m] 23028998 sock0 RECV
05-04 12:17:16.576: [u2eth] TX itf=w0 tot_len=42 ff ff ff ff ff ff 88 a2 9e 48 22 7a 08 06 00 01 08 00 06 04 00 01 00 08 dc a2 a2 a2 c0 a8 00 f5 00 00 00 00 00 00 c0 a8 00 9a
05-04 12:17:16.627: [u2m] 23745687 sock0 SEND
05-04 12:17:16.627: [u2m] 23745695 net sock0 MACRAW ptrs len=42 rd=0x03C6 wr=0x03F0 rdm=0xC6 wrm=0xF0
05-04 12:17:16.627: [u2m] 23775268 net sock0 MACRAW tx len=42
05-04 12:17:16.677: [u2macraw] tx_q=0 tx_q_drop=0 rx_noroom=0 rx_toobig=0
05-04 12:17:17.083: [u2eth] RX itf=w0 tot_len=60 ff ff ff ff ff ff 00 0c 29 2c bb f0 08 06 00 01 08 00 06 04 00 01 00 0c 29 2c bb f0 c0 a8 00 01 00 00 00 00 00 00 c0 a8 00 d6 00 00 00 00 00 00 00 00 00 00 00 00 00 00 00 00 00 00
05-04 12:17:17.135: [u2m] 24279558 net sock0 MACRAW rx len=60
05-04 12:17:17.188: [u2m] 24289738 sock0 RECV
05-04 12:17:18.939: [u2eth] RX itf=w0 tot_len=60 ff ff ff ff ff ff 00 0c 29 2c bb f0 08 06 00 01 08 00 06 04 00 01 00 0c 29 2c bb f0 c0 a8 00 01 00 00 00 00 00 00 c0 a8 00 d6 00 00 00 00 00 00 00 00 00 00 00 00 00 00 00 00 00 00
05-04 12:17:18.990: [u2m] 26135578 net sock0 MACRAW rx len=60
05-04 12:17:20.149: [u2eth] RX itf=w0 tot_len=60 ff ff ff ff ff ff 00 0c 29 2c bb f0 08 06 00 01 08 00 06 04 00 01 00 0c 29 2c bb f0 c0 a8 00 01 00 00 00 00 00 00 c0 a8 00 d6 00 00 00 00 00 00 00 00 00 00 00 00 00 00 00 00 00 00
05-04 12:17:20.199: [u2eth] RX itf=w0 tot_len=63 ff ff ff ff ff ff 00 11 32 39 c1 2a 08 00 45 00 00 31 88 7a 40 00 40 11 2f e8 c0 a8 00 0a c0 a8 00 ff b9 4b 7e 9c 00 1d cf 33 4d 2d 53 45 41 52 43 48 20 2a 20 48 54 54 50 2f 31 2e 31 0d 0a
05-04 12:17:20.201: [u2eth] RX itf=w0 tot_len=63 ff ff ff ff ff ff 00 11 32 39 c1 2a 08 00 45 00 00 31 b3 0a 40 00 40 11 05 57 c0 a8 00 0b c0 a8 00 ff 82 a3 7e 9c 00 1d 05 db 4d 2d 53 45 41 52 43 48 20 2a 20 48 54 54 50 2f 31 2e 31 0d 0a
05-04 12:17:20.202: [u2m] 27341175 net sock0 MACRAW rx len=60
05-04 12:17:20.202: [u2m] 27345334 net sock0 MACRAW rx len=63
05-04 12:17:20.202: [u2m] 27350087 net sock0 MACRAW rx len=63
05-04 12:17:20.761: [u2eth] RX itf=w0 tot_len=63 ff ff ff ff ff ff 00 11 32 39 c1 2a 08 00 45 00 00 31 89 d1 40 00 40 11 2e 91 c0 a8 00 0a c0 a8 00 ff 88 2d 7e 9e 00 1d 00 50 4d 2d 53 45 41 52 43 48 20 2a 20 48 54 54 50 2f 31 2e 31 0d 0a
05-04 12:17:20.813: [u2eth] RX itf=w0 tot_len=63 ff ff ff ff ff ff 00 11 32 39 c1 2a 08 00 45 00 00 31 b4 03 40 00 40 11 04 5e c0 a8 00 0b c0 a8 00 ff b8 d9 7e 9e 00 1d cf a2 4d 2d 53 45 41 52 43 48 20 2a 20 48 54 54 50 2f 31 2e 31 0d 0a
05-04 12:17:20.815: [u2m] 27957930 net sock0 MACRAW rx len=63
05-04 12:17:20.815: [u2m] 27962284 net sock0 MACRAW rx len=63
05-04 12:17:21.682: [u2macraw] tx_q=0 tx_q_drop=0 rx_noroom=0 rx_toobig=0
05-04 12:17:22.273: [u2eth] RX itf=w0 tot_len=60 ff ff ff ff ff ff 50 14 79 d6 67 b3 08 06 00 01 08 00 06 04 00 01 50 14 79 d6 67 b3 c0 a8 00 e0 ff ff ff ff ff ff c0 a8 00 01 00 00 00 00 00 00 00 00 00 00 00 00 00 00 00 00 00 00
05-04 12:17:22.326: [u2m] 29470249 net sock0 MACRAW rx len=60
05-04 12:17:23.828: [u2eth] RX itf=w0 tot_len=60 ff ff ff ff ff ff 00 0c 29 2c bb f0 08 06 00 01 08 00 06 04 00 01 00 0c 29 2c bb f0 c0 a8 00 01 00 00 00 00 00 00 c0 a8 00 d6 00 00 00 00 00 00 00 00 00 00 00 00 00 00 00 00 00 00
05-04 12:17:23.880: [u2m] 31026004 net sock0 MACRAW rx len=60
05-04 12:17:24.135: [u2eth] RX itf=w0 tot_len=813 ff ff ff ff ff ff b8 e9 37 de f1 32 08 00 45 00 03 1f 00 00 40 00 40 11 76 53 c0 a8 00 d3 ff ff ff ff 92 0e 07 6c 03 0b 8d 23 4e 4f 54 49 46 59 20 2a 20 48 54 54 50 2f 31 2e 31 0d 0a 48 4f 53 ...
05-04 12:17:24.186: [u2m] 31331387 net sock0 MACRAW rx len=813
05-04 12:17:25.041: [u2eth] RX itf=w0 tot_len=60 ff ff ff ff ff ff 00 0c 29 2c bb f0 08 06 00 01 08 00 06 04 00 01 00 0c 29 2c bb f0 c0 a8 00 01 00 00 00 00 00 00 c0 a8 00 d6 00 00 00 00 00 00 00 00 00 00 00 00 00 00 00 00 00 00
05-04 12:17:25.092: [u2eth] RX itf=w0 tot_len=63 ff ff ff ff ff ff 00 11 32 39 c1 2a 08 00 45 00 00 31 99 ef 40 00 40 11 1e 73 c0 a8 00 0a c0 a8 00 ff b9 4b 7e 9c 00 1d cf 33 4d 2d 53 45 41 52 43 48 20 2a 20 48 54 54 50 2f 31 2e 31 0d 0a
05-04 12:17:25.093: [u2eth] RX itf=w0 tot_len=63 ff ff ff ff ff ff 00 11 32 39 c1 2a 08 00 45 00 00 31 b6 33 40 00 40 11 02 2e c0 a8 00 0b c0 a8 00 ff 82 a3 7e 9c 00 1d 05 db 4d 2d 53 45 41 52 43 48 20 2a 20 48 54 54 50 2f 31 2e 31 0d 0a
05-04 12:17:25.093: [u2m] 32237402 net sock0 MACRAW rx len=60
05-04 12:17:25.094: [u2m] 32241555 net sock0 MACRAW rx len=63
05-04 12:17:25.094: [u2m] 32246301 net sock0 MACRAW rx len=63
05-04 12:17:25.657: [u2eth] RX itf=w0 tot_len=63 ff ff ff ff ff ff 00 11 32 39 c1 2a 08 00 45 00 00 31 9a 38 40 00 40 11 1e 2a c0 a8 00 0a c0 a8 00 ff 88 2d 7e 9e 00 1d 00 50 4d 2d 53 45 41 52 43 48 20 2a 20 48 54 54 50 2f 31 2e 31 0d 0a
05-04 12:17:25.710: [u2eth] RX itf=w0 tot_len=63 ff ff ff ff ff ff 00 11 32 39 c1 2a 08 00 45 00 00 31 b6 3e 40 00 40 11 02 23 c0 a8 00 0b c0 a8 00 ff b8 d9 7e 9e 00 1d cf a2 4d 2d 53 45 41 52 43 48 20 2a 20 48 54 54 50 2f 31 2e 31 0d 0a
05-04 12:17:25.711: [u2m] 32854155 net sock0 MACRAW rx len=63
05-04 12:17:25.711: [u2m] 32858511 net sock0 MACRAW rx len=63
05-04 12:17:25.968: [u2eth] RX itf=w0 tot_len=60 ff ff ff ff ff ff 00 0c 29 2c bb f0 08 06 00 01 08 00 06 04 00 01 00 0c 29 2c bb f0 c0 a8 00 01 00 00 00 00 00 00 c0 a8 00 d6 00 00 00 00 00 00 00 00 00 00 00 00 00 00 00 00 00 00
05-04 12:17:26.020: [u2m] 33165346 net sock0 MACRAW rx len=60
05-04 12:29:10.853: [u2] init
05-04 12:29:10.854: [u2m] U2 activity monitor on (UART 460800); bus+socket+net events; ring=256 flush<=128/call
05-04 12:29:10.897: [u2] ip65 debug: U2_IP65_CHECKPOINT=0 (0=off; 1..5=bisect; cmake -DU2_IP65_CHECKPOINT=n)

05-04 12:29:10.898: Megaflash DEBUG Firmware Version 33 (V1.2.1-eo)
05-04 12:29:10.898: Firmware build: 2026-05-03 03:55:51 UTC  (1777780551 Unix s)
05-04 12:29:10.898: CPU Clock Speed =150MHz
05-04 12:29:10.898: clk_peri =150MHz
05-04 12:29:10.898: SPI Speed = 75MHz
05-04 12:29:10.898: WIFI Supported = Yes
05-04 12:29:10.898: Total heap = 125376
05-04 12:29:10.898: Free heap  = 124264
05-04 12:29:12.880: Version: 7.95.49 (2271bb6 CY) CRC: b7a28ef3 Date: Mon 2021-11-29 22:50:27 PST Ucode Ver: 1043.2162 FWID 01-c51d9400
05-04 12:29:13.086: cyw43 loaded ok, mac 88:a2:9e:48:22:7a
05-04 12:29:13.086: [u2m] 10107 reset


05-04 12:29:13.137: #     #                          #######
05-04 12:29:13.138: ##   ##  ######   ####     ##    #        #         ##     ####   #    #
05-04 12:29:13.138: # # # #  #       #    #   #  #   #        #        #  #   #       #    #
05-04 12:29:13.138: #  #  #  #####   #       #    #  #####    #       #    #   ####   ######
05-04 12:29:13.139: #     #  #       #  ###  ######  #        #       ######       #  #    #
05-04 12:29:13.139: #     #  #       #    #  #    #  #        #       #    #  #    #  #    #
05-04 12:29:13.140: #     #  ######   ####   #    #  #        ######  #    #   ####   #    #

05-04 12:29:13.140: Main Menu
05-04 12:29:13.140: =========

05-04 12:29:13.140: 1) Device Information
05-04 12:29:13.140: 2) Upload ProDOS Image file to MegaFlash
05-04 12:29:13.141: 3) Download ProDOS Image file from MegaFlash
05-04 12:29:13.141: 4) Erase Flash Content

05-04 12:29:13.141: Please Select:[u2] init
05-04 12:29:22.562: [u2m] U2 activity monitor on (UART 460800); bus+socket+net events; ring=256 flush<=128/call
05-04 12:29:22.563: [u2] ip65 debug: U2_IP65_CHECKPOINT=0 (0=off; 1..5=bisect; cmake -DU2_IP65_CHECKPOINT=n)

05-04 12:29:22.564: Megaflash DEBUG Firmware Version 33 (V1.2.1-eo)
05-04 12:29:22.564: Firmware build: 2026-05-03 03:55:51 UTC  (1777780551 Unix s)
05-04 12:29:22.564: CPU Clock Speed =150MHz
05-04 12:29:22.564: clk_peri =150MHz
05-04 12:29:22.564: SPI Speed = 75MHz
05-04 12:29:22.564: WIFI Supported = Yes
05-04 12:29:22.565: Total heap = 125376
05-04 12:29:22.565: Free heap  = 124264
05-04 12:29:25.890: Version: 7.95.49 (2271bb6 CY) CRC: b7a28ef3 Date: Mon 2021-11-29 22:50:27 PST Ucode Ver: 1043.2162 FWID 01-c51d9400
05-04 12:29:26.084: cyw43 loaded ok, mac 88:a2:9e:48:22:7a
05-04 12:29:26.085: [u2m] 4527 reset
05-04 12:29:26.085: GetNetworkTime()
05-04 12:29:26.135: NETPUMP: begin op=1 label=NTP taskid=0
05-04 12:29:26.185: API: 12.2
05-04 12:29:26.186: Data: RaspberryPi.PicoW
05-04 12:29:26.186: Compiler: 1.29.4
05-04 12:29:26.186: ClmImport: 1.47.1
05-04 12:29:26.186: Customization: v5 22/06/24
05-04 12:29:26.187: Creation: 2022-06-24 06:55:08

05-04 12:29:26.293: SSID=OIS-new

05-04 12:29:26.294: Connecting to Wifi Attempt:#1
05-04 12:29:26.295: connect status: 1
05-04 12:29:30.324: connect status: 2
05-04 12:29:32.084: connect status: 3
05-04 12:29:32.134: link_status=3
05-04 12:29:32.135: WIFI connected
05-04 12:29:32.135: IP address: 192.168.0.238
05-04 12:29:32.135: Gateway: 192.168.0.1
05-04 12:29:32.135: Netmask: 255.255.255.0
05-04 12:29:32.136: DNS Server: 192.168.0.1
05-04 12:29:32.136: CreateUdpPcb() pcb = 0x20016fb0
05-04 12:29:32.136: NTP: EvtStart()
05-04 12:29:32.136: DNSLooup(): waiting for callback
05-04 12:29:32.185: NTP: EvtDNSResult dnserr=0
05-04 12:29:32.185: EvtDNSResult(): IP Addr = 172.233.189.68
05-04 12:29:32.235: Sending NTP Request Attempt: #1
05-04 12:29:32.236: NTP: EvtUDPReceived len=48 port=123
05-04 12:29:32.236: NTP: Valid response: mode=0x04 stratum=2
05-04 12:29:32.286: NTP: unix epoch = 1777912172
05-04 12:29:32.286: NETPUMP: end op=1 label=NTP taskid=0
05-04 12:29:32.287: GetNTP err=11 (11=NETERR_NONE)
05-04 12:29:33.438: [u2eth] RX itf=w0 tot_len=60 ff ff ff ff ff ff 00 0c 29 2c bb f0 08 06 00 01 08 00 06 04 00 01 00 0c 29 2c bb f0 c0 a8 00 01 00 00 00 00 00 00 c0 a8 00 d6 00 00 00 00 00 00 00 00 00 00 00 00 00 00 00 00 00 00
05-04 12:29:34.042: [u2eth] RX itf=w0 tot_len=60 ff ff ff ff ff ff 00 0c 29 2c bb f0 08 06 00 01 08 00 06 04 00 01 00 0c 29 2c bb f0 c0 a8 00 01 00 00 00 00 00 00 c0 a8 00 d6 00 00 00 00 00 00 00 00 00 00 00 00 00 00 00 00 00 00
05-04 12:29:35.247: [u2eth] RX itf=w0 tot_len=63 ff ff ff ff ff ff 00 11 32 39 c1 2a 08 00 45 00 00 31 f1 7d 40 00 40 11 c6 e4 c0 a8 00 0a c0 a8 00 ff b9 4b 7e 9c 00 1d cf 33 4d 2d 53 45 41 52 43 48 20 2a 20 48 54 54 50 2f 31 2e 31 0d 0a
05-04 12:29:35.300: [u2eth] RX itf=w0 tot_len=63 ff ff ff ff ff ff 00 11 32 39 c1 2a 08 00 45 00 00 31 44 3f 40 00 40 11 74 22 c0 a8 00 0b c0 a8 00 ff 82 a3 7e 9c 00 1d 05 db 4d 2d 53 45 41 52 43 48 20 2a 20 48 54 54 50 2f 31 2e 31 0d 0a
05-04 12:29:35.557: [u2eth] RX itf=w0 tot_len=60 ff ff ff ff ff ff 00 0c 29 2c bb f0 08 06 00 01 08 00 06 04 00 01 00 0c 29 2c bb f0 c0 a8 00 01 00 00 00 00 00 00 c0 a8 00 d6 00 00 00 00 00 00 00 00 00 00 00 00 00 00 00 00 00 00
05-04 12:29:35.861: [u2eth] RX itf=w0 tot_len=63 ff ff ff ff ff ff 00 11 32 39 c1 2a 08 00 45 00 00 31 f2 9a 40 00 40 11 c5 c7 c0 a8 00 0a c0 a8 00 ff 88 2d 7e 9e 00 1d 00 50 4d 2d 53 45 41 52 43 48 20 2a 20 48 54 54 50 2f 31 2e 31 0d 0a
05-04 12:29:35.913: [u2eth] RX itf=w0 tot_len=63 ff ff ff ff ff ff 00 11 32 39 c1 2a 08 00 45 00 00 31 45 be 40 00 40 11 72 a3 c0 a8 00 0b c0 a8 00 ff b8 d9 7e 9e 00 1d cf a2 4d 2d 53 45 41 52 43 48 20 2a 20 48 54 54 50 2f 31 2e 31 0d 0a
05-04 12:29:37.325: [u2macraw] tx_q=0 tx_q_drop=0 rx_noroom=0 rx_toobig=0
05-04 12:29:37.421: [u2eth] RX itf=w0 tot_len=60 ff ff ff ff ff ff 00 0c 29 2c bb f0 08 06 00 01 08 00 06 04 00 01 00 0c 29 2c bb f0 c0 a8 00 01 00 00 00 00 00 00 c0 a8 00 d6 00 00 00 00 00 00 00 00 00 00 00 00 00 00 00 00 00 00
05-04 12:29:38.327: [u2eth] RX itf=w0 tot_len=60 ff ff ff ff ff ff 50 14 79 d6 67 b3 08 06 00 01 08 00 06 04 00 01 50 14 79 d6 67 b3 c0 a8 00 e0 ff ff ff ff ff ff c0 a8 00 01 00 00 00 00 00 00 00 00 00 00 00 00 00 00 00 00 00 00
05-04 12:29:38.932: [u2tap] drain len=292 ff ff ff ff ff ff 00 08 dc a2 a2 a2 08 00 45 00 01 15 34 12 40 00 40 11 05 c7 00 00 00 00 ff ff ff ff 00 44 00 43 01 01 c4 59 01 01 06 00 01 02 03 04 00 00 80 00 00 00 00 00 00 00 00 00 00 00 ...
05-04 12:29:38.984: [u2tap] core0-pre len=292 ff ff ff ff ff ff 00 08 dc a2 a2 a2 08 00 45 00 01 15 34 12 40 00 40 11 05 c7 00 00 00 00 ff ff ff ff 00 44 00 43 01 01 c4 59 01 01 06 00 01 02 03 04 00 00 80 00 00 00 00 00 00 00 00 00 00 00 ...
05-04 12:29:38.985: [u2tap] core0-post len=292 ff ff ff ff ff ff 88 a2 9e 48 22 7a 08 00 45 00 01 15 34 12 40 00 40 11 05 c7 00 00 00 00 ff ff ff ff 00 44 00 43 01 01 c4 59 01 01 06 00 01 02 03 04 00 00 80 00 00 00 00 00 00 00 00 00 00 00 ...
05-04 12:29:38.986: [u2eth] TX itf=w0 tot_len=292 ff ff ff ff ff ff 88 a2 9e 48 22 7a 08 00 45 00 01 15 34 12 40 00 40 11 05 c7 00 00 00 00 ff ff ff ff 00 44 00 43 01 01 c4 59 01 01 06 00 01 02 03 04 00 00 80 00 00 00 00 00 00 00 00 00 00 00 ...
05-04 12:29:38.987: [u2eth] RX itf=w0 tot_len=117 ff ff ff ff ff ff 48 a9 8a 19 46 12 08 00 45 00 00 67 85 22 00 00 ff 11 75 b8 c0 a8 00 03 ff ff ff ff 16 2e 16 2e 00 53 6e d2 7b 22 01 00 00 01 00 06 48 a9 8a 19 46 12 00 05 00 08 4d 69 6b 72 ...
05-04 12:29:38.987: [u2m] 16384547 sock0 OPEN mr=0x44 port=0 ok
05-04 12:29:38.987: [u2m] 16390729 sock0 SEND
05-04 12:29:38.988: [u2m] 16390746 net sock0 MACRAW ring len=292 rd=0x0000 wr=0x0124 rdm=0x00 wrm=0x24 (pre-linkout)
05-04 12:29:38.988: [u2m] 16413817 net sock0 MACRAW linkout len=292
05-04 12:29:38.988: [u2m] 16414009 net sock0 MACRAW rx len=117
05-04 12:29:39.032: [u2tap] drain len=292 ff ff ff ff ff ff 00 08 dc a2 a2 a2 08 00 45 00 01 15 34 12 40 00 40 11 05 c7 00 00 00 00 ff ff ff ff 00 44 00 43 01 01 c4 59 01 01 06 00 01 02 03 04 00 00 80 00 00 00 00 00 00 00 00 00 00 00 ...
05-04 12:29:39.034: [u2tap] core0-pre len=292 ff ff ff ff ff ff 00 08 dc a2 a2 a2 08 00 45 00 01 15 34 12 40 00 40 11 05 c7 00 00 00 00 ff ff ff ff 00 44 00 43 01 01 c4 59 01 01 06 00 01 02 03 04 00 00 80 00 00 00 00 00 00 00 00 00 00 00 ...
05-04 12:29:39.035: [u2tap] core0-post len=292 ff ff ff ff ff ff 88 a2 9e 48 22 7a 08 00 45 00 01 15 34 12 40 00 40 11 05 c7 00 00 00 00 ff ff ff ff 00 44 00 43 01 01 c4 59 01 01 06 00 01 02 03 04 00 00 80 00 00 00 00 00 00 00 00 00 00 00 ...
05-04 12:29:39.036: [u2eth] TX itf=w0 tot_len=292 ff ff ff ff ff ff 88 a2 9e 48 22 7a 08 00 45 00 01 15 34 12 40 00 40 11 05 c7 00 00 00 00 ff ff ff ff 00 44 00 43 01 01 c4 59 01 01 06 00 01 02 03 04 00 00 80 00 00 00 00 00 00 00 00 00 00 00 ...
05-04 12:29:39.037: [u2m] 16440427 sock0 RECV
05-04 12:29:39.037: [u2m] 16461649 sock0 SEND
05-04 12:29:39.037: [u2m] 16461654 net sock0 MACRAW ring len=292 rd=0x0124 wr=0x0248 rdm=0x24 wrm=0x48 (pre-linkout)
05-04 12:29:39.037: [u2m] 16493219 net sock0 MACRAW linkout len=292
05-04 12:29:39.133: [u2tap] drain len=292 ff ff ff ff ff ff 00 08 dc a2 a2 a2 08 00 45 00 01 15 34 12 40 00 40 11 05 c7 00 00 00 00 ff ff ff ff 00 44 00 43 01 01 c4 59 01 01 06 00 01 02 03 04 00 00 80 00 00 00 00 00 00 00 00 00 00 00 ...
05-04 12:29:39.186: [u2tap] core0-pre len=292 ff ff ff ff ff ff 00 08 dc a2 a2 a2 08 00 45 00 01 15 34 12 40 00 40 11 05 c7 00 00 00 00 ff ff ff ff 00 44 00 43 01 01 c4 59 01 01 06 00 01 02 03 04 00 00 80 00 00 00 00 00 00 00 00 00 00 00 ...
05-04 12:29:39.188: [u2tap] core0-post len=292 ff ff ff ff ff ff 88 a2 9e 48 22 7a 08 00 45 00 01 15 34 12 40 00 40 11 05 c7 00 00 00 00 ff ff ff ff 00 44 00 43 01 01 c4 59 01 01 06 00 01 02 03 04 00 00 80 00 00 00 00 00 00 00 00 00 00 00 ...
05-04 12:29:39.188: [u2eth] TX itf=w0 tot_len=292 ff ff ff ff ff ff 88 a2 9e 48 22 7a 08 00 45 00 01 15 34 12 40 00 40 11 05 c7 00 00 00 00 ff ff ff ff 00 44 00 43 01 01 c4 59 01 01 06 00 01 02 03 04 00 00 80 00 00 00 00 00 00 00 00 00 00 00 ...
05-04 12:29:39.189: [u2m] 16596303 sock0 SEND
05-04 12:29:39.189: [u2m] 16596312 net sock0 MACRAW ring len=292 rd=0x0248 wr=0x036C rdm=0x48 wrm=0x6C (pre-linkout)
05-04 12:29:39.189: [u2m] 16616457 net sock0 MACRAW linkout len=292
05-04 12:29:39.257: [u2eth] RX itf=w0 tot_len=342 ff ff ff ff ff ff 00 0c 29 2c bb f0 08 00 45 10 01 48 00 00 00 00 80 11 78 ec c0 a8 00 01 ff ff ff ff 00 43 00 44 01 34 ad 34 02 01 06 00 01 02 03 04 00 00 80 00 00 00 00 00 c0 a8 00 f5 00 00 ...
05-04 12:29:39.309: [u2eth] RX itf=w0 tot_len=342 ff ff ff ff ff ff 00 0c 29 2c bb f0 08 00 45 10 01 48 00 00 00 00 80 11 78 ec c0 a8 00 01 ff ff ff ff 00 43 00 44 01 34 ad 34 02 01 06 00 01 02 03 04 00 00 80 00 00 00 00 00 c0 a8 00 f5 00 00 ...
05-04 12:29:39.310: [u2eth] RX itf=w0 tot_len=342 ff ff ff ff ff ff 00 0c 29 2c bb f0 08 00 45 10 01 48 00 00 00 00 80 11 78 ec c0 a8 00 01 ff ff ff ff 00 43 00 44 01 34 ad 34 02 01 06 00 01 02 03 04 00 00 80 00 00 00 00 00 c0 a8 00 f5 00 00 ...
05-04 12:29:39.311: [u2eth] RX itf=w0 tot_len=342 ff ff ff ff ff ff 00 0c 29 2c bb f0 08 00 45 10 01 48 00 00 00 00 80 11 78 ec c0 a8 00 01 ff ff ff ff 00 43 00 44 01 34 ad 34 02 01 06 00 01 02 03 04 00 00 80 00 00 00 00 00 c0 a8 00 f5 00 00 ...
05-04 12:29:39.311: [u2eth] RX itf=w0 tot_len=60 ff ff ff ff ff ff 00 0c 29 2c bb f0 08 06 00 01 08 00 06 04 00 01 00 0c 29 2c bb f0 c0 a8 00 01 00 00 00 00 00 00 c0 a8 00 d6 00 00 00 00 00 00 00 00 00 00 00 00 00 00 00 00 00 00
05-04 12:29:39.312: [u2eth] RX itf=w0 tot_len=342 ff ff ff ff ff ff 00 0c 29 2c bb f0 08 00 45 10 01 48 00 00 00 00 80 11 78 ec c0 a8 00 01 ff ff ff ff 00 43 00 44 01 34 ad 34 02 01 06 00 01 02 03 04 00 00 80 00 00 00 00 00 c0 a8 00 f5 00 00 ...
05-04 12:29:39.312: [u2eth] RX itf=w0 tot_len=342 ff ff ff ff ff ff 00 0c 29 2c bb f0 08 00 45 10 01 48 00 00 00 00 80 11 78 ec c0 a8 00 01 ff ff ff ff 00 43 00 44 01 34 ad 34 02 01 06 00 01 02 03 04 00 00 80 00 00 00 00 00 c0 a8 00 f5 00 00 ...
05-04 12:29:39.312: [u2eth] RX itf=w0 tot_len=342 ff ff ff ff ff ff 00 0c 29 2c bb f0 08 00 45 10 01 48 00 00 00 00 80 11 78 ec c0 a8 00 01 ff ff ff ff 00 43 00 44 01 34 ad 34 02 01 06 00 01 02 03 04 00 00 80 00 00 00 00 00 c0 a8 00 f5 00 00 ...
05-04 12:29:39.313: [u2eth] RX itf=w0 tot_len=342 ff ff ff ff ff ff 00 0c 29 2c bb f0 08 00 45 10 01 48 00 00 00 00 80 11 78 ec c0 a8 00 01 ff ff ff ff 00 43 00 44 01 34 ad 34 02 01 06 00 01 02 03 04 00 00 80 00 00 00 00 00 c0 a8 00 f5 00 00 ...
05-04 12:29:39.313: [u2eth] RX itf=w0 tot_len=342 ff ff ff ff ff ff 00 0c 29 2c bb f0 08 00 45 10 01 48 00 00 00 00 80 11 78 ec c0 a8 00 01 ff ff ff ff 00 43 00 44 01 34 ad 34 02 01 06 00 01 02 03 04 00 00 80 00 00 00 00 00 c0 a8 00 f5 00 00 ...
05-04 12:29:39.313: [u2eth] RX itf=w0 tot_len=342 ff ff ff ff ff ff 00 0c 29 2c bb f0 08 00 45 10 01 48 00 00 00 00 80 11 78 ec c0 a8 00 01 ff ff ff ff 00 43 00 44 01 34 ad 34 02 01 06 00 01 02 03 04 00 00 80 00 00 00 00 00 c0 a8 00 f5 00 00 ...
05-04 12:29:39.359: [u2eth] RX itf=w0 tot_len=342 ff ff ff ff ff ff 00 0c 29 2c bb f0 08 00 45 10 01 48 00 00 00 00 80 11 78 ec c0 a8 00 01 ff ff ff ff 00 43 00 44 01 34 ad 34 02 01 06 00 01 02 03 04 00 00 80 00 00 00 00 00 c0 a8 00 f5 00 00 ...
05-04 12:29:39.360: [u2eth] RX itf=w0 tot_len=342 ff ff ff ff ff ff 00 0c 29 2c bb f0 08 00 45 10 01 48 00 00 00 00 80 11 78 ec c0 a8 00 01 ff ff ff ff 00 43 00 44 01 34 ad 34 02 01 06 00 01 02 03 04 00 00 80 00 00 00 00 00 c0 a8 00 f5 00 00 ...
05-04 12:29:39.361: [u2m] 16720339 net sock0 MACRAW rx len=342
05-04 12:29:39.361: [u2m] 16724970 net sock0 MACRAW rx len=342
05-04 12:29:39.362: [u2m] 16729840 net sock0 MACRAW rx len=342
05-04 12:29:39.362: [u2m] 16734755 net sock0 MACRAW rx len=342
05-04 12:29:39.362: [u2m] 16736467 sock0 RECV
05-04 12:29:39.362: [u2m] 16739653 net sock0 MACRAW rx len=60
05-04 12:29:39.362: [u2m] 16741968 sock0 SEND
05-04 12:29:39.362: [u2m] 16741976 net sock0 MACRAW ring len=298 rd=0x036C wr=0x0496 rdm=0x6C wrm=0x96 (pre-linkout)
05-04 12:29:39.363: [u2m] 16744263 net sock0 MACRAW rx len=342
05-04 12:29:39.363: [u2m] 16749163 net sock0 MACRAW rx len=342
05-04 12:29:39.363: [u2m] 16754083 net sock0 MACRAW rx len=342
05-04 12:29:39.364: [u2m] 16759011 net sock0 MACRAW rx len=342
05-04 12:29:39.364: [u2m] 16763934 net sock0 MACRAW rx len=342
05-04 12:29:39.364: [u2m] 16768863 net sock0 MACRAW rx len=342
05-04 12:29:39.364: [u2m] 16773787 net sock0 MACRAW rx len=342
05-04 12:29:39.364: [u2m] 16778715 net sock0 MACRAW rx len=342
05-04 12:29:39.407: [u2tap] drain len=298 ff ff ff ff ff ff 00 08 dc a2 a2 a2 08 00 45 00 01 1c 34 12 40 00 40 11 44 22 c0 a8 00 f5 ff ff ff ff 00 44 00 43 01 08 35 04 01 01 06 00 01 02 03 04 00 00 00 00 00 00 00 00 00 00 00 00 00 00 ...
05-04 12:29:39.410: [u2tap] core0-pre len=298 ff ff ff ff ff ff 00 08 dc a2 a2 a2 08 00 45 00 01 1c 34 12 40 00 40 11 44 22 c0 a8 00 f5 ff ff ff ff 00 44 00 43 01 08 35 04 01 01 06 00 01 02 03 04 00 00 00 00 00 00 00 00 00 00 00 00 00 00 ...
05-04 12:29:39.411: [u2tap] core0-post len=298 ff ff ff ff ff ff 88 a2 9e 48 22 7a 08 00 45 00 01 1c 34 12 40 00 40 11 44 22 c0 a8 00 f5 ff ff ff ff 00 44 00 43 01 08 35 04 01 01 06 00 01 02 03 04 00 00 00 00 00 00 00 00 00 00 00 00 00 00 ...
05-04 12:29:39.412: [u2eth] TX itf=w0 tot_len=298 ff ff ff ff ff ff 88 a2 9e 48 22 7a 08 00 45 00 01 1c 34 12 40 00 40 11 44 22 c0 a8 00 f5 ff ff ff ff 00 44 00 43 01 08 35 04 01 01 06 00 01 02 03 04 00 00 00 00 00 00 00 00 00 00 00 00 00 00 ...
05-04 12:29:39.413: [u2eth] TX itf=w0 tot_len=42 ff ff ff ff ff ff 88 a2 9e 48 22 7a 08 06 00 01 08 00 06 04 00 01 00 08 dc a2 a2 a2 c0 a8 00 f5 00 00 00 00 00 00 c0 a8 00 9a
05-04 12:29:39.413: [u2m] 16817143 sock0 RECV
05-04 12:29:39.459: [u2m] 16838061 sock0 SEND
05-04 12:29:39.460: [u2m] 16838066 net sock0 MACRAW ring len=42 rd=0x0496 wr=0x04C0 rdm=0x96 wrm=0xC0 (pre-linkout)
05-04 12:29:39.460: [u2m] 16848295 sock0 RECV
05-04 12:29:39.460: [u2m] 16868149 net sock0 MACRAW linkout len=298
05-04 12:29:39.461: [u2m] 16871419 net sock0 MACRAW linkout len=42
05-04 12:29:40.164: [u2eth] RX itf=w0 tot_len=63 ff ff ff ff ff ff 00 11 32 39 c1 2a 08 00 45 00 00 31 f6 8e 40 00 40 11 c1 d3 c0 a8 00 0a c0 a8 00 ff b9 4b 7e 9c 00 1d cf 33 4d 2d 53 45 41 52 43 48 20 2a 20 48 54 54 50 2f 31 2e 31 0d 0a
05-04 12:29:40.217: [u2eth] RX itf=w0 tot_len=63 ff ff ff ff ff ff 00 11 32 39 c1 2a 08 00 45 00 00 31 51 f8 40 00 40 11 66 69 c0 a8 00 0b c0 a8 00 ff 82 a3 7e 9c 00 1d 05 db 4d 2d 53 45 41 52 43 48 20 2a 20 48 54 54 50 2f 31 2e 31 0d 0a
05-04 12:29:40.218: [u2m] 17627878 net sock0 MACRAW rx len=63
05-04 12:29:40.218: [u2m] 17632243 net sock0 MACRAW rx len=63
05-04 12:29:40.775: [u2eth] RX itf=w0 tot_len=63 ff ff ff ff ff ff 00 11 32 39 c1 2a 08 00 45 00 00 31 f6 ef 40 00 40 11 c1 72 c0 a8 00 0a c0 a8 00 ff 88 2d 7e 9e 00 1d 00 50 4d 2d 53 45 41 52 43 48 20 2a 20 48 54 54 50 2f 31 2e 31 0d 0a
05-04 12:29:40.828: [u2eth] RX itf=w0 tot_len=63 ff ff ff ff ff ff 00 11 32 39 c1 2a 08 00 45 00 00 31 52 87 40 00 40 11 65 da c0 a8 00 0b c0 a8 00 ff b8 d9 7e 9e 00 1d cf a2 4d 2d 53 45 41 52 43 48 20 2a 20 48 54 54 50 2f 31 2e 31 0d 0a
05-04 12:29:40.830: [u2m] 18239172 net sock0 MACRAW rx len=63
05-04 12:29:40.830: [u2m] 18243536 net sock0 MACRAW rx len=63
05-04 12:29:41.086: [u2eth] RX itf=w0 tot_len=60 ff ff ff ff ff ff 00 50 56 6b 80 56 08 06 00 01 08 00 06 04 00 01 00 50 56 6b 80 56 c0 a8 00 1c 00 00 00 00 00 00 c0 a8 00 0e 00 00 00 00 00 00 00 00 00 00 00 00 00 00 00 00 00 00
05-04 12:29:41.140: [u2m] 18550351 net sock0 MACRAW rx len=60
05-04 12:29:42.354: [u2macraw] tx_q=0 tx_q_drop=0 rx_noroom=0 rx_toobig=0
05-04 12:29:42.594: [u2m] 20049245 sock0 RECV
05-04 12:29:42.595: [u2m] 20052951 sock0 RECV
05-04 12:29:42.645: [u2m] 20057939 sock0 RECV
05-04 12:29:42.645: [u2m] 20065979 sock0 RECV
05-04 12:29:42.646: [u2m] 20071156 sock0 RECV
05-04 12:29:42.646: [u2m] 20076334 sock0 RECV
05-04 12:29:42.646: [u2m] 20081510 sock0 RECV
05-04 12:29:42.696: [u2m] 20086686 sock0 RECV
05-04 12:29:42.696: [u2m] 20091865 sock0 RECV
05-04 12:29:42.697: [u2m] 20097082 sock0 RECV
05-04 12:29:42.697: [u2m] 20100641 sock0 RECV
05-04 12:29:42.697: [u2m] 20104233 sock0 RECV
05-04 12:29:42.746: [u2m] 20116391 sock0 RECV
05-04 12:29:42.747: [u2m] 20119958 sock0 RECV
05-04 12:29:42.747: [u2m] 20123508 sock0 RECV
05-04 12:29:43.550: [u2eth] RX itf=w0 tot_len=60 ff ff ff ff ff ff 00 0c 29 2c bb f0 08 06 00 01 08 00 06 04 00 01 00 0c 29 2c bb f0 c0 a8 00 01 00 00 00 00 00 00 c0 a8 00 d6 00 00 00 00 00 00 00 00 00 00 00 00 00 00 00 00 00 00
05-04 12:29:43.603: [u2m] 21014210 net sock0 MACRAW rx len=60
05-04 12:29:43.653: [u2m] 21023432 sock0 RECV
05-04 12:29:45.406: [u2eth] RX itf=w0 tot_len=63 ff ff ff ff ff ff 00 11 32 39 c1 2a 08 00 45 00 00 31 02 91 40 00 40 11 b5 d1 c0 a8 00 0a c0 a8 00 ff b9 4b 7e 9c 00 1d cf 33 4d 2d 53 45 41 52 43 48 20 2a 20 48 54 54 50 2f 31 2e 31 0d 0a
05-04 12:29:45.459: [u2eth] RX itf=w0 tot_len=63 ff ff ff ff ff ff 00 11 32 39 c1 2a 08 00 45 00 00 31 60 61 40 00 40 11 58 00 c0 a8 00 0b c0 a8 00 ff 82 a3 7e 9c 00 1d 05 db 4d 2d 53 45 41 52 43 48 20 2a 20 48 54 54 50 2f 31 2e 31 0d 0a
05-04 12:29:45.460: [u2m] 22870214 net sock0 MACRAW rx len=63
05-04 12:29:45.460: [u2m] 22874552 net sock0 MACRAW rx len=63
05-04 12:29:45.717: [u2eth] RX itf=w0 tot_len=63 ff ff ff ff ff ff 00 11 32 39 c1 2a 08 00 45 00 00 31 04 71 40 00 40 11 b3 f1 c0 a8 00 0a c0 a8 00 ff 88 2d 7e 9e 00 1d 00 50 4d 2d 53 45 41 52 43 48 20 2a 20 48 54 54 50 2f 31 2e 31 0d 0a
05-04 12:29:45.770: [u2eth] RX itf=w0 tot_len=63 ff ff ff ff ff ff 00 11 32 39 c1 2a 08 00 45 00 00 31 62 40 40 00 40 11 56 21 c0 a8 00 0b c0 a8 00 ff b8 d9 7e 9e 00 1d cf a2 4d 2d 53 45 41 52 43 48 20 2a 20 48 54 54 50 2f 31 2e 31 0d 0a
05-04 12:29:45.771: [u2m] 23181396 net sock0 MACRAW rx len=63
05-04 12:29:45.771: [u2m] 23185752 net sock0 MACRAW rx len=63
05-04 12:29:46.929: [u2eth] RX itf=w0 tot_len=60 ff ff ff ff ff ff 00 0c 29 2c bb f0 08 06 00 01 08 00 06 04 00 01 00 0c 29 2c bb f0 c0 a8 00 01 00 00 00 00 00 00 c0 a8 00 d6 00 00 00 00 00 00 00 00 00 00 00 00 00 00 00 00 00 00
05-04 12:29:46.982: [u2m] 24392900 net sock0 MACRAW rx len=60
05-04 12:29:47.396: [u2macraw] tx_q=0 tx_q_drop=0 rx_noroom=0 rx_toobig=0
05-04 12:29:49.085: [u2eth] RX itf=w0 tot_len=60 ff ff ff ff ff ff 00 0c 29 2c bb f0 08 06 00 01 08 00 06 04 00 01 00 0c 29 2c bb f0 c0 a8 00 01 00 00 00 00 00 00 c0 a8 00 d6 00 00 00 00 00 00 00 00 00 00 00 00 00 00 00 00 00 00
05-04 12:29:49.138: [u2m] 26549512 net sock0 MACRAW rx len=60
05-04 12:29:49.291: [u2eth] TX itf=w0 tot_len=42 ff ff ff ff ff ff 88 a2 9e 48 22 7a 08 06 00 01 08 00 06 04 00 01 00 08 dc a2 a2 a2 c0 a8 00 f5 00 00 00 00 00 00 c0 a8 00 9a
05-04 12:29:49.342: [u2m] 26710461 sock0 SEND
05-04 12:29:49.343: [u2m] 26710471 net sock0 MACRAW ring len=42 rd=0x04C0 wr=0x04EA rdm=0xC0 wrm=0xEA (pre-linkout)
05-04 12:29:49.343: [u2m] 26719125 sock0 RECV
05-04 12:29:49.343: [u2m] 26722879 sock0 RECV
05-04 12:29:49.343: [u2m] 26726446 sock0 RECV
05-04 12:29:49.343: [u2m] 26730013 sock0 RECV
05-04 12:29:49.344: [u2m] 26733562 sock0 RECV
05-04 12:29:49.344: [u2m] 26736915 sock0 RECV
05-04 12:29:49.344: [u2m] 26757549 net sock0 MACRAW linkout len=42
05-04 12:29:50.001: [u2eth] RX itf=w0 tot_len=60 ff ff ff ff ff ff 00 0c 29 2c bb f0 08 06 00 01 08 00 06 04 00 01 00 0c 29 2c bb f0 c0 a8 00 01 00 00 00 00 00 00 c0 a8 00 d6 00 00 00 00 00 00 00 00 00 00 00 00 00 00 00 00 00 00
05-04 12:29:50.054: [u2m] 27465190 net sock0 MACRAW rx len=60
05-04 12:29:50.103: [u2m] 27473694 sock0 RECV
05-04 12:29:50.307: [u2eth] RX itf=w0 tot_len=63 ff ff ff ff ff ff 00 11 32 39 c1 2a 08 00 45 00 00 31 12 d0 40 00 40 11 a5 92 c0 a8 00 0a c0 a8 00 ff b9 4b 7e 9c 00 1d cf 33 4d 2d 53 45 41 52 43 48 20 2a 20 48 54 54 50 2f 31 2e 31 0d 0a
05-04 12:29:50.359: [u2eth] RX itf=w0 tot_len=63 ff ff ff ff ff ff 00 11 32 39 c1 2a 08 00 45 00 00 31 70 cd 40 00 40 11 47 94 c0 a8 00 0b c0 a8 00 ff 82 a3 7e 9c 00 1d 05 db 4d 2d 53 45 41 52 43 48 20 2a 20 48 54 54 50 2f 31 2e 31 0d 0a
05-04 12:29:50.360: [u2m] 27770665 net sock0 MACRAW rx len=63
05-04 12:29:50.361: [u2m] 27775019 net sock0 MACRAW rx len=63
05-04 12:29:50.408: [u2m] 27786307 sock0 RECV
05-04 12:29:50.409: [u2m] 27790046 sock0 RECV
05-04 12:29:50.619: [u2eth] RX itf=w0 tot_len=63 ff ff ff ff ff ff 00 11 32 39 c1 2a 08 00 45 00 00 31 13 ca 40 00 40 11 a4 98 c0 a8 00 0a c0 a8 00 ff 88 2d 7e 9e 00 1d 00 50 4d 2d 53 45 41 52 43 48 20 2a 20 48 54 54 50 2f 31 2e 31 0d 0a
05-04 12:29:50.671: [u2eth] RX itf=w0 tot_len=63 ff ff ff ff ff ff 00 11 32 39 c1 2a 08 00 45 00 00 31 71 25 40 00 40 11 47 3c c0 a8 00 0b c0 a8 00 ff b8 d9 7e 9e 00 1d cf a2 4d 2d 53 45 41 52 43 48 20 2a 20 48 54 54 50 2f 31 2e 31 0d 0a
05-04 12:29:50.672: [u2m] 28082460 net sock0 MACRAW rx len=63
05-04 12:29:50.672: [u2m] 28086808 net sock0 MACRAW rx len=63
05-04 12:29:50.719: [u2m] 28097111 sock0 RECV
05-04 12:29:50.720: [u2m] 28100675 sock0 RECV
05-04 12:29:52.131: [u2eth] RX itf=w0 tot_len=60 ff ff ff ff ff ff 3c 7d 0a 19 77 59 08 06 00 01 08 00 06 04 00 01 3c 7d 0a 19 77 59 c0 a8 00 9a 00 00 00 00 00 00 c0 a8 00 e7 00 00 00 00 00 00 00 00 00 00 00 00 00 00 00 00 00 00
05-04 12:29:52.183: [u2m] 29594658 net sock0 MACRAW rx len=60
05-04 12:29:52.390: [u2macraw] tx_q=0 tx_q_drop=0 rx_noroom=0 rx_toobig=0
05-04 12:29:52.440: [u2eth] RX itf=w0 tot_len=60 ff ff ff ff ff ff 00 0c 29 2c bb f0 08 06 00 01 08 00 06 04 00 01 00 0c 29 2c bb f0 c0 a8 00 01 00 00 00 00 00 00 c0 a8 00 d6 00 00 00 00 00 00 00 00 00 00 00 00 00 00 00 00 00 00
05-04 12:29:52.491: [u2m] 29900543 net sock0 MACRAW rx len=60
05-04 12:29:54.293: [u2eth] RX itf=w0 tot_len=60 ff ff ff ff ff ff 00 0c 29 2c bb f0 08 06 00 01 08 00 06 04 00 01 00 0c 29 2c bb f0 c0 a8 00 01 00 00 00 00 00 00 c0 a8 00 d6 00 00 00 00 00 00 00 00 00 00 00 00 00 00 00 00 00 00
05-04 12:29:54.346: [u2m] 31756378 net sock0 MACRAW rx len=60
05-04 12:29:55.248: [u2eth] RX itf=w0 tot_len=63 ff ff ff ff ff ff 00 11 32 39 c1 2a 08 00 45 00 00 31 23 a4 40 00 40 11 94 be c0 a8 00 0a c0 a8 00 ff b9 4b 7e 9c 00 1d cf 33 4d 2d 53 45 41 52 43 48 20 2a 20 48 54 54 50 2f 31 2e 31 0d 0a
05-04 12:29:55.299: [u2eth] RX itf=w0 tot_len=63 ff ff ff ff ff ff 00 11 32 39 c1 2a 08 00 45 00 00 31 78 74 40 00 40 11 3f ed c0 a8 00 0b c0 a8 00 ff 82 a3 7e 9c 00 1d 05 db 4d 2d 53 45 41 52 43 48 20 2a 20 48 54 54 50 2f 31 2e 31 0d 0a
05-04 12:29:55.300: [u2eth] RX itf=w0 tot_len=60 ff ff ff ff ff ff 00 50 56 62 13 e0 08 06 00 01 08 00 06 04 00 01 00 50 56 62 13 e0 c0 a8 00 1b 00 00 00 00 00 00 c0 a8 00 10 00 00 00 00 00 00 00 00 00 00 00 00 00 00 00 00 00 00
05-04 12:29:55.301: [u2m] 32711913 net sock0 MACRAW rx len=63
05-04 12:29:55.302: [u2m] 32716268 net sock0 MACRAW rx len=63
05-04 12:29:55.302: [u2m] 32720999 net sock0 MACRAW rx len=60
05-04 12:29:55.515: [u2eth] RX itf=w0 tot_len=60 ff ff ff ff ff ff 00 0c 29 2c bb f0 08 06 00 01 08 00 06 04 00 01 00 0c 29 2c bb f0 c0 a8 00 01 00 00 00 00 00 00 c0 a8 00 d6 00 00 00 00 00 00 00 00 00 00 00 00 00 00 00 00 00 00
05-04 12:29:55.567: [u2m] 32978536 net sock0 MACRAW rx len=60
05-04 12:29:55.820: [u2eth] RX itf=w0 tot_len=63 ff ff ff ff ff ff 00 11 32 39 c1 2a 08 00 45 00 00 31 24 79 40 00 40 11 93 e9 c0 a8 00 0a c0 a8 00 ff 88 2d 7e 9e 00 1d 00 50 4d 2d 53 45 41 52 43 48 20 2a 20 48 54 54 50 2f 31 2e 31 0d 0a
05-04 12:29:55.873: [u2eth] RX itf=w0 tot_len=63 ff ff ff ff ff ff 00 11 32 39 c1 2a 08 00 45 00 00 31 78 93 40 00 40 11 3f ce c0 a8 00 0b c0 a8 00 ff b8 d9 7e 9e 00 1d cf a2 4d 2d 53 45 41 52 43 48 20 2a 20 48 54 54 50 2f 31 2e 31 0d 0a
05-04 12:29:55.874: [u2m] 33283842 net sock0 MACRAW rx len=63
05-04 12:29:55.874: [u2m] 33288196 net sock0 MACRAW rx len=63
05-04 12:29:57.445: [u2macraw] tx_q=0 tx_q_drop=0 rx_noroom=0 rx_toobig=0
05-04 12:29:57.682: [u2eth] RX itf=w0 tot_len=60 ff ff ff ff ff ff 00 0c 29 2c bb f0 08 06 00 01 08 00 06 04 00 01 00 0c 29 2c bb f0 c0 a8 00 01 00 00 00 00 00 00 c0 a8 00 d6 00 00 00 00 00 00 00 00 00 00 00 00 00 00 00 00 00 00
05-04 12:29:57.734: [u2m] 35146243 net sock0 MACRAW rx len=60
05-04 14:45:53.672: x<xxx<xxx<xx<xx<xxx<x<x<xxxxx<xx<xx<xxxxx<xxxxxxxx<x<xx<x<x<xxx<xxx<xxxxx<xxx<x<xxx<xx<xxxxx<xxx<x<x<xxxxxx<x<xx<xxx<xxxx<x<xx<xxx<xx<xxx<x<x<xx<xxxxx<x<xxx<xxxxxxxx<xx<xx<xxxx<x<xxx<xxxx<x<x<xxx<x<x<xx<xxxxx<x<xxx<x<xxxxxxx<xx<xx<xxxx<xx<x<xx<xx<xx<xx<xx<xxxx<xxxxx<xxxxx<xx<xxxx<xx<xx<xx<xx<x<xxxxx<xxx<x<x<x<xx<xxx<x<x<xx<xxx<xxxxx<x<xxxxxx<x<x<xxxx<xxxx<xxxxx<x<xx<xxx<xxxx<xx<x<xxx<x<x<xxxx<xxxx<xx<xx<xx<xxxxxx<xxxxx<xx<xx<xx<xx<x<xxxxxxx<x<xx<x<xxxxxxx<xxxx<xxxxxx<xxxxxx<x<xxx<xxxxx<xxx<xx<xxxxxxxxxxx<x<x<x<x<xxxx<xx<xxxxxx<xxxxx<x<xxx<xxxx<xx<xxxx<xx<xxxxxx<xxx<xx<xxx<x<x<x<xx<xx<xxxxxxxxxxxxxxxxxxxxxxx<x<xxxx<xx<x<xxxxxxxxxxxxxxxxx<xx<xx<xxxxxxx<x<xx<xxx<xxxx<xxx<xxx<xxxxx<xx<x<xx<xx<x<xxxxx<xx<xx<xxx<xxxxxxxx<xxx<xxxxx<xx<x<xx<xx<x<xxxx<xxx<xx<xx<xxx<xxxx<xx<xx<xx<xxxxxxx<xxx<xxxx<x<x<xx<xx<x<xxxx<xxx<xxx<xx<xx<xxx<x<x<xxxxx<xx<xx<xxxxx<xxxxxxxx<x<xx<x<x<xxx<xxx<xxxxx<xxx<x<xxx<xx<xxxxx<xxx<x<x<xxxxxx<x<xx<xxx<xxxx<x<xx<xxx<xx<xxx<x<x<xx<xxxxx<x<xxx<xxxxxxxx<xx<xx<xxxx<x<xxx<xxxx<x<x<xxx<x<x<xx<xxxxx<x<xxx<x<xxxxxxx<xx<xx<xxxx<xx<x<xx<xx<xx<xx<xx<xxxx<xxxxx<xxxxx<xx<xxxx<xx<xx<xx<xx<x<xxxxx<xxx<x<x<x<xx<xxx<x<x<xx<xxx<xxxxx<x<xxxxxx<x<x<xxxx<xxxx<xxxxx<x<xx<xxx<xxxx<xx<x<xxx<x<x<xxxx<xxxx<xx<xx<xx<xxxxxx<xxxxx<xx<xx<xx<xx<x<xxxxxxx<x<xx<x<xxxxxxx<xxxx<xxxxxx<xxxxxx<x<xxx<xxxxx<xxx<xx<xxxxxxxxxxx<x<x<x<x<xxxx<xx<xxxxxx<xxxxx<x<xxx<xxxx<xx<xxxx<xx<xxxxxx<xxx<xx<xxx<x<xx<xx<xx<xx<xxx<xxxxxxxx<xx<x<xxxxxxx<xx<x<x<xx<x<xx<xxxx<x<xx<x<xx<x<x<xxxx<xx<xxxxx<xxxxxx<xx<xx<xxxx<xxx<xx<xxxx<xxxxx<xxx<xx<x<xxxxxxxx<x<x<xxxxxxxxxx<xxxx<x<xx<xx<xxxx<xxxxxx<x<xx<xxxxxxxx<x<xxxxx<x<xxx<x<xx<xx<xx<xxxxxxx<xxx<xxxxxx<xx<xxxxx<x<xxxxxxxxx<xxxxx<xx<xxxxxxxx<xxxxx<xx<xxxxxxxx<xxxxx<xx<xxxxx<xxxxx<xx<xx<xx<xxx<xx<xxxxx<xxx<xx<xxxx<xxxxx<xxxxxxxxxx<xx<xx<x<xxxxxxxx<xx<x<xxxxx<x<xx<x<xx<x<xxxxxx<x<xxx<xxxxxxxxxx<x<xx<x<x<xxx<xxxxxxxxxxx<xxxxx<x<x<xxxx<x<xxxxxxxxxxx<xxx<xxxxxx<x<xx<xxxxxxx<xx<xxxx<xxx<x<x<xxxxxx<x<xx<xxxxx<xxx<xxx<xxxxxx<x<xx<xxxxxxxx<xxxxxxxxx<xxxx<xxx<xxxxx<x<x<x<x<x<xxxxxxx<x<xxxxxxx<x<x<xxx<x<xx<x<xx<x<xx<xxx<xx<xxxx<xxxx<x<x<x<xxx<xxxxxx<xxxxx<x<xxxx<xx<x<x<xxxx<x<x<xx<xxx<xxxxxxxx<xxx<xx<x<x<xx<x<xxxxx<x<xx<x<xx<x<x<xxxx<xx<xxx<xxxx<x<x<xxx<xxx<xx<xx<x<x<xxx<x<xxxx<xx<xxx<x<x<x<xxxx<xxxxx<x<xx<xxxxxxxxxxxxxx<x<x<xx<xx<x<x<xx<xxxxxxxxxxx<xx<xxx<x<x<x<xxxx<xxxxx<x<xx<xxxxxxxxxxxxxxxxxxxxxxxxxxxxxxxxxx<xx<xxx<x<x<x<xxxx<xxxxx<x<xx<xxxxxxxxxxxxx<xxxx<xx<xx<x<xxxxxxxxxxxxxxxxxxxx<xx<xxx<x<x<x<xxxx<xxxxx<x<xx<xxxxxxxxxxxxx<xxxx<xx<xx<xxxx<xx<xxxxxxxxxxxx<xx<xxx<x<x<x<xxxx<xxxxx<x<xx<xxxxxxxxxxxxx<xxxx<xx<xx<xxxx<xx<xxxxxxxxx<x<xx<xx<xxx<x<x<x<xxxx<xxxxx<x<xx<xxxxxxxxxxxxx<xxxx<xx<xx<xxxx<xx<xxxxxxxxxxxx<xx<xxx<x<x<x<xxxx<xxxxx<x<xx<xxxxxxxxxxxxx<xxxx<xx<xx<xxxx<xx<xxxxxxxxxxx<xx<xxx<x<x<x<xxxx<xxxxx<x<xx<xxxxxxxxxxxxx<xxxx<xx<xx<xxxx<xx<xxxxxxxxx<x<xx<xx<xxx<x<x<x<xxxx<xxxxx<x<xx<xxxxxxxxxxxxx<xxxx<xx<xx<xxxx<xx<xxxxxxxxxxx<xx<xxx<x<x<x<xxxx<xxxxx<x<xx<xxxxxxxxxxxxx<xxxx<xx<xx<xxxx<xx<xxxxxxxxxx<xx<xx<xxx<x<x<x<xxxx<xxxxx<x<xx<xxxxxxxxxxxxxxxxxxxxxxxxxxxxxxxxxx<xx<xxx<x<x<x<xxxx<xxxxx<x<xx<xxxxxxxxxxxxx<xxxx<xx<xx<xxxx<xx<xxxxxxxxxxx<xx<xxx<x<x<x<xxxx<xxxxx<x<xx<xxxxxxxxxxxxx<xxxx<xx<xx<xxxx<xx<xxxxxxxxxxxx<xx<xx<x<xx<x<xxx<xx<xxxxxxxxxxxxxxxxxxxxxx<x<x<xxxxxxxxxxx<xxxxxxx<xx<xx<x<xxx<xxxxx<xx<xx<xxxxxxxxxxxxxxxxxxxxxx<x<x<xxxxxxxxxxx<xxxxxxx<xx<xx<x<xxx<xxxxxxxx<xx<xxxxxxxxxxxxxxxxx<xxxx<x<x<xxxxxxxxxxx<xxxxxxx<xx<xxx<x<x<x<xxxx<xxxxx<x<xx<xxxxxxxxxxxxxxxxx<xxxx<x<x<xxxxxxxxxxx<xxxxxxx<xxx<x<xxxxxxx<xxxxx<xxxxx<xxx<xx<xxx<x<xxxxxx<xxx<xx<xxx<x<x<xxxxxxxxx<xxx<xx<xxxxx<xx<xxx<xxx<xxx<x<xxx<x<xxxx<xxx<x<x<x<xxxxxxxxx<xxx<xx<xxx<xx<xxxx<xxx<x<xxxxxxx<xxx<xx<xxx<x<xx<xxxxxxxxx<xxx<xx<xxxxx<xx<xxx<xxx<xxx<x<xxx<x<xxxx<xxx<x<xx<xxxxxxxxx<xxx<xx<xxx<xx<xxxx<xxx<x<x<xxxxxxxxx<xxx<xx<xxx<xx<xxxx<xx<xx<x<xx<x<xxx<xx<xxxxxxxxxxxxxxxxxxxxxx<x<x<xxxxxxxxxxx<xxxxxxx<xx<xx<x<xxx<xxxxx<xx<xx<xxxxxxxxxxxxxxxxxxxxxx<x<x<xxxxxxxxxxx<xxxxxxx<xx<xx<x<xxx<xxxxxxxx<xx<xxxxxxxxxxxxxxxxx<xxxx<x<x<xxxxxxxxxxx<xxxxxxx<xx<xxx<x<x<x<xxxx<xxxxx<x<xx<xxxxxxxxxxxxxxxxx<xxxx<x<x<xxxxxxxxxxx<xxxxxxx<xx<xxx<x<x<x<xxxx<xxxxx<x<xx<xxxxxxxxxxxxx<xxxx<xx<xx<xxxx<xx<xxxxxxxxxxx<xx<xxx<x<x<x<xxxx<xxxxx<x<xx<xxxxxxxxxxxxxx<xxx<xx<xxxxxxxxxxxxxx<xx<xxxxxxxxx<x<x<xxx<x<x<xx<xxxx<xx<xx<xxx<x<x<x<xxxx<xxxxx<x<xx<xxxxxxxxxxxxxx<xxx<x<xxxxxxxxxxxxx<xxxxx<xxxxx<x<x<xxx<x<x<xx<xxxx<xx<xx<xxx<x<x<x<xxxx<xxxxx<x<xx<xxxxxxxxxxxxxxxxxxxxxxxxxxxxxxx<xxx<xxx<x<xx<xxxxxx<xxx<xx<xxx<x<xx<xxxxxxxxx<xxx<xx<xxxxx<xx<xxx<xxx<xxxx<x<xxx<x<xx<xx<xxx<x<xxx<xxxxxxxxx<xxx<xx<xxx<xx<xxxx<xxx<x<xxxx<xxxxxxxxx<xxx<xx<xxx<xx<xxxx<xxx<x<xx<xxxxxxxxx<xxx<xx<xxx<xx<xxx<xxx<x<xxx<xxxxxx<xxx<xx<xxx<x<xxxx<xxxxxxxxx<xxx<xx<xxx<xx<xxx<xxx<xx<xxxxxxxxx<xxx<xx<xxx<xx<xxx<xxx<x<xxxxxxxx<xxx<xx<xxx<x<xxxxxx<xxx<xx<xxx<x<xx<xxxxxxxxx<xxx<xx<xxx<xx<xxx<xxx<x<xxxxxx<xxx<xx<xx<xx<x<xx<x<xxx<xx<xxxxxxxxxxxxxxxxxxxxxx<x<x<xxxxxxxxxxx<xxxxxxx<xx<xx<x<xxx<xxxxx<xx<xx<xxxxxxxxxxxxxxxxxxxxxx<x<x<xxxxxxxxxxx<xxxxxxx<xx<xx<x<xxx<xxxxxxxx<xx<xxxxxxxxxxxxxxxxx<xxxx<x<x<xxxxxxxxxxx<xxxxxxx<xx<xxx<x<x<x<xxxx<xxxxx<x<xx<xxxxxxxxxxxxxxxxx<xxxx<x<x<xxxxxxxxxxx<xxxxxxx<xxx<x<xxxxxx<xxx<xx<xxx<x<x<xxxxxxxxx<xxx<xx<xxxxx<xx<xxx<xxxx<xxxx<x<xxxx<x<x<xxx<xxx<x<x<xxxxxxxxx<xxx<xx<xxx<xx<xxxx<xxx<x<x<xxxxxxxxx<xxx<xx<xxx<xx<xxxx<xx<xx<x<xx<x<xxx<xx<xxxxxxxxxxxxxxxxxxxxxx<x<x<xxxxxxxxxxx<xxxxxxx<xx<xx<x<xxx<xxxxx<xx<xx<xxxxxxxxxxxxxxxxxxxxxx<x<x<xxxxxxxxxxx<xxxxxxx<xx<xx<x<xxx<xxxxxxxx<xx<xxxxxxxxxxxxxxxxx<xxxx<x<x<xxxxxxxxxxx<xxxxxxx<xx<xxx<x<x<x<xxxx<xxxxx<x<xx<xxxxxxxxxxxxxxxxx<xxxx<x<x<xxxxxxxxxxx<xxxxxxx<xxx<x<xxxxxxx<xxx<xx<xxx<x<x<x<xxxxxxxxx<xxx<xx<xxxxx<xx<xxx<xxxx<xx<xxx<x<x<xx<x<xxxxx<xxx<x<x<xxxxxxxxx<xxx<xx<xxx<xx<xxxx<xxx<x<x<x<x<x<xxxxxxxxx<xxx<xx<xxx<xx<xxxx<xx<xxx<x<x<x<xxxx<xxxxx<x<xx<xxxxxxxxxxxxxx<xxx<xxx<xxxxxxxxxxxxx<xxx<xxx<xxx<x<x<xxx<x<x<xx<xxxx<xx<xx<xxx<x<x<x<xxxx<xxxxx<x<xx<xxxxxxxxxxxxxx<xxx<x<xxxxxxxxxxxx<x<xxx<xxxxxxxxx<x<x<xxx<x<x<xx<xxxx<xx<xx<xxx<x<x<x<xxxx<xxxxx<x<xx<xxxxxxxxxxxxxxxxxxxxxxxxxxxxxxxxxx<xxx<x<x<x<xxxxxxxxx<xxx<xx<xxx<xx<xxx<xxx<x<x<xxxxxx<xxx<xx<xxx<x<x<xxx<xxxxxxxxx<xxx<xx<xxx<xx<xxx<xxx<x<xxxxxxx<xxx<xx<xxx<x<x<xxxxxxxxx<xxx<xx<xxx<xx<xxx<xxx<x<x<xxxxxx<xxx<xx<xx<xx<x<xx<x<xxx<xx<xxxxxxxxxxxxxxxxxxxxxx<x<x<xxxxxxxxxxx<xxxxxxx<xx<xx<x<xxx<xxxxx<xx<xx<xxxxxxxxxxxxxxxxxxxxxx<x<x<xxxxxxxxxxx<xxxxxxx<xx<xx<x<xxx<xxxxxxxx<xx<xxxxxxxxxxxxxxxxx<xxxx<x<x<xxxxxxxxxxx<xxxxxxx<xx<xxx<x<x<x<xxxx<xxxxx<x<xx<xxxxxxxxxxxxxxxxx<xxxx<x<x<xxxxxxxxxxx<xxxxxxx<xxx<x<x<x<xxxxxx<xxx<xx<xxx<x<x<x<xxxxxxxxx<xxx<xx<xxxxx<xx<xxx<xx<xxx<xxxx<x<xxxx<x<xxxxx<xxx<x<x<xx<xxxxxxxxx<xxx<xx<xxx<xx<xxxx<xxx<x<xx<xxxxxxxxx<xxx<xx<xxx<xx<xxxx<xx<xx<x<xx<x<xxx<xx<xxxxxxxxxxxxxxxxxxxxxx<x<x<xxxxxxxxxxx<xxxxxxx<xx<xx<x<xxx<xxxxx<xx<xx<xxxxxxxxxxxxxxxxxxxxxx<x<x<xxxxxxxxxxx<xxxxxxx<xx<xx<x<xxx<xxxxxxxx<xx<xxxxxxxxxxxxxxxxx<xxxx<x<x<xxxxxxxxxxx<xxxxxxx<xx<xxx<x<x<x<xxxx<xxxxx<x<xx<xxxxxxxxxxxxxxxxx<xxxx<x<x<xxxxxxxxxxx<xxxxxxx<xx<xxx<x<x<x<xxxx<xxxxx<x<xx<xxxxxxxxxxxxxxxxxxx<x<xxxxxxxxxxxxxxxxxxxx<xxxxxx<xxx<x<xxxxxxx<xxx<xx<xxx<x<x<xxxxxxxxx<xxx<xx<xxxxx<xx<xxx<xxxx<xxxxx<x<xxxx<x<xxx<xx<xxx<x<x<xxxxxxxxx<xxx<xx<xxx<xx<xxxx<xxx<x<xx<xxxxxxxxx<xxx<xx<xxx<xx<xxxx<xxx<x<xxxxxx<xxx<xx<xxx<xx<xxx<xxx<x<x<xxxxxx<xxx<xx<xxx<x<xxxxxxx<xxx<xx<xxx<x<x<x<xxxxxxxxx<xxx<xx<xxxxx<xx<xxx<xxxxx<xxxx<x<xxxxx<x<xxxx<xxx<x<x<x<xxxxxxxxx<xxx<xx<xxx<xx<xxxx<xx<xx<x<xx<x<xxx<xx<xxxxxxxxxxxxxxxxxxxxxx<xxxxx<xxxxxxxxx<xxxxxx<xx<xx<x<xxx<xxxxx<xx<xx<xxxxxxxxxxxxxxxxxxxxxx<xxxxx<xxxxxxxxx<xxxxxx<xx<xx<x<xxx<xxxxxxxx<xx<xxxxxxxxxxxxxxxxx<xxxx<xxxxx<xxxxxxxxx<xxxxxx<xx<xxx<x<x<x<xxxx<xxxxx<x<xx<xxxxxxxxxxxxxxxxx<xxxx<xxxxx<xxxxxxxxx<xxxxxx<xxx<x<x<x<xxxxxxxxx<xxx<xx<xxx<xx<xxxx<xx<xxx<x<x<x<xxxx<xxxxx<x<xx<xxxxxxxxxxxxxxxxxxx<x<xxxxxxxxxxxxxxxxxxxx<xxxxxx<xx<xxx<x<x<x<xxxx<xxxxx<x<xx<xxxxxxxxxxxxxxxxxxx<x<xxxxxxxxxxxxxxxxxxxx<xxxxxx<xx<xxx<x<x<x<xxxx<xxxxx<x<xx<xxxxxxxxxxxxxxxxxxx<x<xxxxxxxxxxxxxxxxxxxx<xxxxxx<xx<xxx<x<x<x<xxxx<xxxxx<x<xx<xxxxxxxxxxxxxxxxxxx<x<xxxxxxxxxxxxxxxxxxxx<xxxxxx<xxx<x<x<x<xxxxxxxxx<xxx<xx<xxx<xx<xxx<xxx<x<x<xxxxxxxx<xxx<xx<xxx<x<x<xxxxxxxxx<xxx<xx<xxx<xx<xxx<xxx<x<x<xxxxxx<xxx<xx<xxx<x<x<xxxxxxxxx<xxx<xx<xxxxx<xx<xx<xxxx<xxx<xx<x<xxx<x<x<xxx<xxx<x<x<xxxxxxxxx<xxx<xx<xxx<xx<xxx<xxx<x<xxxxxx<xxx<xx<xxx<x<x<xxxxxxxxx<xxx<xx<xxx<xx<xxx<xxx<x<xxxxxx<xxx<xx<xxx<x<x<x<xxxxxxxxx<xxx<xx<xxx<xx<xxx<xx<xxx<x<x<x<xxxx<xxxxx<x<xx<xxxxxxxxxxxxxxxx<xxxxxxxxxxxxxxx<xxxxxx<xx<xxx<x<xxx<xxxxxxxxx<xxx<xx<xxx<xx<xxx<xx<xxx<x<x<x<xxxx<xxxxx<x<xx<xxxxxxxxxxxxx<xxxx<xx<xx<xxxx<xx<xxxxxxxxxxx<xx<xxx<x<x<x<x<xxxxxxxxx<xxx<xx<xxx<xx<xxx<xx<xxx<x<x<x<xxxx<xxxxx<x<xx<xxxxxxxxxxxxxx<xxxx<xxxx<xxxxxxxxxxxxxxx<xx<xx<xx<x<xx<xxxx<xxxxxxxxx<xxx<x<x<x<x<xxxxxxxxx<xxx<xx<xxx<xx<xxx<xx<xxx<x<x<x<xxxx<xxxxx<x<xx<xxxxxxxxxxxxx<xxxx<xx<xx<xxxx<xx<xxxxxxxxxx<xx<xxx<x<x<xx<xx<xxxxxxxxx<xxx<xx<xxx<xx<xxx<xx<xxx<x<x<x<xxxx<xxxxx<x<xx<xxxxxxxxxxxxxxxxxxxxxxxxxxxxxxxxxx<xxx<x<x<xx<x<xxxxxxxxx<xxx<xx<xxx<xx<xxx<xxx<x<xxxxxxx<xxx<xx<xxx<x<xxxxxx<xxx<xx<xxx<x<x<x<xxxxxxx<xxx<xx<xxx<x<x<xx<xxxxxx<xxx<xx<xxx<x<x<xxxxxx<xxx<xx<xx<xxx<x<x<x<xxxx<xxxxx<x<xx<xxxxxxxxxxxxxxxxxxxxxxxxxxxxxxxxxx<xx<xxx<x<x<x<xxxx<xxxxx<x<xx<xxxxxxxxxxxxxx<xxx<xxxxxxxxxxxx<xx<xxxxxxxxx<x<x<xxx<x<x<xx<xxxx<xx<xx<xxx<x<x<x<xxxx<xxxxx<x<xx<xxxxxxxxxxxxx<xxx<xxxxxxxxxxxxxxx<xxxxx<xxxxx<x<x<xxx<x<x<xx<xxxx<xx<xxx<x<x<x<xxxxxxxxx<xxx<xx<xxx<xx<xxx<xxx<x<x<xxxxxxx<xxx<xx<xxx<x<x<xxxxxxxxx<xxx<xx<xxx<xx<xxx<xxx<x<xxxxxx<xxx<xx<xxx<x<x<xxxxxxxxx<xxx<xx<xxx<xx<xxx<xxx<x<xxxxxxx<xxx<xx<xx<xxx<x<x<x<xxxx<xxxxx<x<xx<xxxxxxxxxxxxxx<xxx<xxxxxxxxxxxxxxxxx<xxx<xxx<xxx<x<x<xxx<x<x<xx<xxxx<xx<xx<xxx<x<x<x<xxxx<xxxxx<x<xx<xxxxxxxxxxxxxx<xxx<x<x<xxxxxxxxxxxx<x<xxx<xxxxxxxxx<x<x<xxx<x<x<xx<xxxx<xx<xxx<x<x<x<x<x<xxxxxxxxx<xxx<xx<xxx<xx<xxx<xxx<x<xxxxxxxx<xxx<xx<xxx<x<xx<xxxxxxxxx<xxx<xx<xxx<xx<xxx<xxx<x<xxxxxxx<xxx<xx<xx<xxx<x<x<x<xxxx<xxxxx<x<xx<xxxxxxxxxxxxxxxxxxxxxxxxxxxxxxxxxx<xxx<x<xx<xxxxxxxxx<xxx<xx<xxx<xx<xxx<xx<xxx<x<x<x<xxxx<xxxxx<x<xx<xxxxxxxxxxxxxx<xxx<xxxxxxxxxxxxxxx<xx<xxxxxxxxx<x<x<xxx<x<x<xx<xx<xx<xxx<x<x<x<xxxx<xxxxx<x<xx<xxxxxxxxxxxxxx<xxx<xxx<xxxxxxxxxxxxxx<xxxxx<xxxxx<x<x<xxx<x<x<xx<xxxx<xx<xxx<x<x<xxxxxxxxx<xxx<xx<xxx<xx<xxx<xxx<x<x<xx<xxxxxxxxx<xxx<xx<xxx<xx<xxx<xx<xxx<x<x<x<xxxx<xxxxx<x<xx<xxxxxxxxxxxxxx<xxx<x<xx<xxxxxxxxxxxxxxx<xxx<xxx<xxx<x<x<xxx<x<x<xx<xxxx<xx<xx<xxx<x<x<x<xxxx<xxxxx<x<xx<xxxxxxxxxxxxxx<xxx<xxxxxxxxxxxxxxxx<x<xxx<xxxxxxxxx<x<x<xxx<x<x<xx<xxxx<xx<xxx<x<x<x<xxxxxxxxx<xxx<xx<xxx<xx<xxx<xxx<x<x<x<xxxxxxxxx<xxx<xx<xxx<xx<xxx<xx<xxx<x<x<x<xxxx<xxxxx<x<xx<xxxxxxxxxxxxx<xxxx<xxxxxxx<xxxxxxxxxxxxxxxxxxx<xxx<x<xxx<xxxxxxxxx<xxx<xx<xxx<xx<xxx<xx<xxx<x<x<x<xxxx<xxxxx<x<xx<xxxxxxxxxxxxxxxxxxxxxxxxxxxxxxxxxx<xxx<x<x<xxx<x<xxxxxxxxx<xxx<xx<xxx<xx<xxx<xx<xxx<x<x<x<xxxx<xxxxx<x<xx<xxxxxxxxxxxxxxxxxxxxxxxxxxxxxxxxxx<xxx<x<x<x<xxxxxxxxx<xxx<xx<xxx<xx<xxx<xx<xxx<x<x<x<xxxx<xxxxx<x<xx<xxxxxxxxxxxxxxxxxxxxxxxxxxxxxxxxxx<xxx<x<x<xxxxxxxxx<xxx<xx<xxx<xx<xxx<xx<xxx<x<x<x<xxxx<xxxxx<x<xx<xxxxxxxxxxxxxx<xxx<xxxxxxxxxxxxx<xx<xxxxxxxxx<x<x<xxx<x<x<xx<xxxx<xx<xx<xxx<x<x<x<xxxx<xxxxx<x<xx<xxxxxxxxxxxxxx<xxx<xxxxxxxxxxxxxx<xxxxx<xxx<x<x<xxx<x<x<xx<xxxx<xx<xxx<x<xx<x<xxxxxxxxx<xxx<xx<xxx<xx<xxx<xxx<x<xx<xxxxxxxxx<xxx<xx<xxx<xx<xxx<xx<xxx<x<x<x<xxxx<xxxxx<x<xx<xxxxxxxxxxxxxx<xxx<xxxxxxxxxxxxx<xxx<xxx<xxx<x<x<xxx<x<x<xx<xxxx<xx<xx<xxx<x<x<x<xxxx<xxxxx<x<xx<xxxxxxxxxxxxxx<xxx<xxx<xxxxxxxxxxx<x<xxx<xxxxxxxxx<x<x<xxx<x<x<xx<xxx<xx<xxx<x<x<xx<xxxxxxxxx<xxx<xx<xxx<xx<xxx<xxx<x<x<xxxxxxxxx<xxx<xx<xxx<xx<xxx<xx<xxx<x<x<x<xxxx<xxxxx<x<xx<xxxxxxxxxxxxxxxxxxxxxxxxxxxxxxxxxx<xxx<x<xxx<xxxxxxxxx<xxx<xx<xxx<xx<xxx<xx<xxx<x<x<x<xxxx<xxxxx<x<xx<xxxxxxxxxxxxxxxxxxxxxxxxxxxxxxxxxx<xxx<x<x<x<xxxxxxxxx<xxx<xx<xxx<xx<xxx<xx<xxx<x<x<x<xxxx<xxxxx<x<xx<xxxxxxxxxxxxx<xxxx<xx<xx<xxxx<xx<xxxxxxxxxx<xx<xxx<x<x<x<x<xxxxxxxxx<xxx<xx<xxx<xx<xxx<xx<xxx<x<x<x<xxxx<xxxxx<x<xx<xxxxxxxxxxxxxx<xxx<xxx<xxxxxxxxxxxx<xx<xxxxxxxxx<x<x<xxx<x<x<xx<xxxx<xx<xx<xxx<x<x<x<xxxx<xxxxx<x<xx<xxxxxxxxxxxxxx<xxx<xx<xxxxxxxxxxxxxx<xxxxx<xxxxx<x<x<xxx<x<x<xx<xxxx<xx<xxx<x<xxx<xxxxxxxxx<xxx<xx<xxx<xx<xxx<xxx<x<xx<xxxxxxxxx<xxx<xx<xxx<xx<xxx<xx<xxx<x<x<x<xxxx<xxxxx<x<xx<xxxxxxxxxxxxxx<xxx<xxx<xxxxxxxxxxxxxx<xxx<xx<xxx<x<x<xxx<x<x<xx<xxxx<xx<xx<xxx<x<x<x<xxxx<xxxxx<x<xx<xxxxxxxxxxxxxx<xxx<xxxxxxxxxxxxxx<x<xxx<xxxxxxxxx<x<x<xxx<x<x<xx<xxxx<xx<xxx<x<xx<x<xxxxxxxxx<xxx<xx<xxx<xx<xxx<xxx<x<x<xx<x<xxxxxxxxx<xxx<xx<xxx<xx<xxx<xx<xxx<x<x<x<xxxx<xxxxx<x<xx<xxxxxxxxxxxxxxxxxxxxxxxxxxxxxxxxxx<xxx<x<x<x<xxxxxxxxx<xxx<xx<xxx<xx<xxx<xx<xxx<x<x<x<xxxx<xxxxx<x<xx<xxxxxxxxxxxxxxxxxxxxxxxxxxxxxxxxxx<xxx<x<x<xx<xx<xxxxxxxxx<xxx<xx<xxx<xx<xxx<xx<xxx<x<x<x<xxxx<xxxxx<x<xx<xxxxxxxxxxxxxx<xxx<x<x<xx<xxxxxxxxxxxx<xx<xxxxxxxxx<x<x<xxx<x<x<xx<xxxx<xx<xx<xxx<x<x<x<xxxx<xxxxx<x<xx<xxxxxxxxxxxxxx<xxx<xx<x<xxxxxxxxxxxx<xxxxx<xxxxx<x<x<xxx<x<x<xx<xxxx<xx<xxx<x<xx<xxxxxxxxx<xxx<xx<xxx<xx<xxx<xxx<x<x<x<xxxxxxxxx<xxx<xx<xxx<xx<xxx<xx<xxx<x<x<x<xxxx<xxxxx<x<xx<xxxxxxxxxxxxxx<xxx<x<x<x<xxxxxxxxxxxx<xxx<xxx<xxx<x<x<xxx<x<x<xx<xxxx<xx<xx<xxx<x<x<x<xxxx<xxxxx<x<xx<xxxxxxxxxxxxxx<xxx<xxx<xxxxxxxxxxxx<x<xxx<xxxxxxxxx<x<x<xxx<x<x<xx<xxxx<xx<xx<xxx<x<x<x<xxxx<xxxxx<x<xx<xxxxxxxxxxxxx<x<xxxx<x<xxxxxxx<xxxxxx<xx<xxx<x<x<x<xxxx<xxxxx<x<xx<xxxxxxxxxxxxx<x<xxxxxxx<x<xxxxxxxxxxxxx<xxx<xxx<x<x<xxxxxxxxx<xxx<xx<xxx<xx<xxx<xxx<x<x<xxxxxxxxx<xxx<xx<xxx<xx<xxx<xxx<x<x<xx<xxxxxxxxx<xxx<xx<xxx<xx<xxx<xxx<x<xx<x<xxxxxxxxx<xxx<xx<xxx<xx<xxx<xx<xxx<x<x<x<xxxx<xxxxx<x<xx<xxxxxxxxxxxxxxxxxxxxxxxxxxxxxxxxxx<xxx<x<x<xxxxxxxxx<xxx<xx<xxx<xx<xxx<xx<xxx<x<x<x<xxxx<xxxxx<x<xx<xxxxxxxxxxxxxxxxxxxxxxxxxxxxxxxxxx<xxx<x<x<xxxxxxxxx<xxx<xx<xxx<xx<xxx<xx<xxx<x<x<x<xxxx<xxxxx<x<xx<xxxxxxxxxxxxxxxxxxxxxxxxxxxxxxxxxx<xxx<x<xx<xxxxxxxxx<xxx<xx<xxx<xx<xxx<xx<xxx<x<x<x<xxxx<xxxxx<x<xx<xxxxxxxxxxxxxx<xxx<x<xxx<xxxxxxxxxxxxxx<xx<xxxxxxxxx<x<x<xxx<x<x<xx<xxxx<xx<xx<xxx<x<x<x<xxxx<xxxxx<x<xx<xxxxxxxxxxxxxx<xxx<x<xxxxxxxxxxxxxx<xxxxx<xxxxx<x<x<xxx<x<x<xx<xxxx<xx<xxx<x<x<x<x<xxxxxxxxx<xxx<xx<xxx<xx<xxx<xxx<x<xx<xxxxxxxxx<xxx<xx<xxx<xx<xxx<xx<xxx<x<x<x<xxxx<xxxxx<x<xx<xxxxxxxxxxxxx<xxxx<xxxxxxx<xxxxxxxxxxxxxxxxxxx<xxx<x<x<xx<xxxxxxxxx<xxx<xx<xxx<xx<xxx<xx<xxx<x<x<x<xxxx<xxxxx<x<xx<xxxxxxxxxxxxxxxxxxxxxxxxxxxxxxxxxx<xx<xxx<x<x<x<xxxx<xxxxx<x<xx<xxxxxxxxxxxxxx<xxx<xxx<x<xxxxxxxxxxx<xx<xxxxxxxxx<x<x<xxx<x<x<xx<xxxx<xx<xx<xxx<x<x<x<xxxx<xxxxx<x<xx<xxxxxxxxxxxxx<xxx<xxx<xxxxxxxxxxxxxxxx<xxxxx<xxxxx<x<x<xxx<x<x<xx<xxxx<xx<xx<xxx<x<x<x<xxxx<xxxxx<x<xx<x<xxxxxxxxxxxxxx<x<x<xx<x<x<xx<xxxxxxxxxxxxxxxxxx<xxx<xx<xxxx<x<x<xx<xxxxxx<xxxxxx<xxx<x<xx<x<xxxxxxxxx<xxx<xx<xxx<xx<xxx<xxx<x<xx<xxxxxxxxx<xxx<xx<xxx<xx<xxx<xxx<x<xx<x<xxxxxxxxx<xxx<xx<xxx<xx<xxx<xxx<x<xx<x<xxxxxxxxx<xxx<xx<xxx<xx<x<xxx<xx<xxx<x<x<x<xxxx<xxxxx<x<xx<xxxxxxxxxxxxxx<x<x<xx<x<x<xxxxxxxxxxxxxxxxxxx<xx<xxx<xx<xxxx<x<x<xx<xxxxxx<xxxxxx<xxx<x<x<x<xxxxxxxxx<xxx<xx<xxx<xx<xxx<xx<xxx<x<x<x<xxxx<xxxxx<x<xx<xxxxxxxxxxxxxx<xxx<x<x<x<xxxxxxxxxxxx<xxx<xxx<xxx<x<x<xxx<x<x<xx<xxxx<xx<xx<xxx<x<x<x<xxxx<xxxxx<x<xx<xxxxxxxxxxxxxx<xxx<xxx<xxxxxxxxxxxxxx<x<xxx<xxxxxxxxx<x<x<xxx<x<x<xx<xxxx<xx<xx<xxx<x<x<x<xxxx<xxxxx<x<xx<x<xxxxxxxxxxxxxx<x<x<xx<x<x<xxxxxxxxxxxxxxxxxxx<xxx<xx<xxxx<x<x<xx<xxxxxx<xxxxxx<xxx<x<x<x<xx<xxxxxxxxx<xxx<xx<xxx<xx<xxx<xxx<x<x<x<xxxx<xxxxxxxxx<xxx<xx<xxx<xx<xxx<xxx<x<x<x<xxxxxxxxx<xxx<xx<xxx<xx<x<xxx<xxx<x<x<x<xxxxxxxxx<xxx<xx<xxxx<xxxx<xxxx<xx<xx<x<xxxx<xxx<xx<xx<x<x<x<xxx<xxxx<xx<xxx<x<x<x<xxxx<xxxxx<x<xx<xxxxxxxxxxxxxxxxxxxxxxxxxxxxxxxxxx<xxx<x<x<x<xxxxxxxxx<xxx<xx<xxx<xx<xxx<xxx<x<x<x<xxxxxxxxx<xxx<xx<xxxx<xxxx<xxxx<xx<xx<xxxx<xxx<xx<xx<x<x<x<xxx<xxxx<xx<xxx<x<x<x<xxxx<xxxxx<x<xx<xxxxxxxxxxxxxx<xxx<xxxxxxxxxxxxxxxxxx<xx<xxxxxxxxx<x<x<xxx<x<x<xx<xxxx<xx<xx<xxx<x<x<x<xxxx<xxxxx<x<xx<xxxxxxxxxxxxxx<xxx<x<x<xxx<xxxxxxxxxxxxx<xxxxx<xxxxx<x<x<xxx<x<x<xx<xxxx<xx<xxx<x<x<x<xxxxxxxxx<xxx<xx<xxx<xx<xxx<xxx<x<x<x<x<xxxxxxxxx<xxx<xx<xxxx<xxxx<xxxx<xx<xx<xxxx<xxx<xx<xx<x<x<x<xxx<xxxx<xxx<x<x<x<x<xxxxxxxxx<xxx<xx<xxx<xx<xxx<xxx<x<x<x<x<xxxxxxxxx<xxx<xx<xxxx<xxxx<xxxx<xx<xx<xxxx<xxx<xx<xx<x<x<x<xxx<xxxx<xx<xxx<x<x<x<xxxx<xxxxx<x<xx<xxxxxxxxxxxxxx<xxx<xx<xxxxxxxxxxxxxx<xxx<xxx<xxx<x<x<xxx<x<x<xx<xxxx<xx<xx<xxx<x<x<x<xxxx<xxxxx<x<xx<xxxxxxxxxxxxxx<xxx<xx<x<xxxxxxxxxxxx<x<xxx<xxxxxxxxx<x<x<xxx<x<x<xx<xxxx<xx<xxx<x<x<x<xx<xxxxxxxxx<xxx<xx<xxx<xx<xxx<xxx<x<x<x<x<x<xxxxxxxxx<xxx<xx<xxxx<xxxx<xxxx<xx<xx<xxxx<xxx<xx<xx<x<x<x<xxx<xxxx<xxx<x<x<x<xxxxxxxxx<xxx<xx<xxx<xx<xxx<xxx<x<x<x<xxxxxxxxx<xxx<xx<xxxx<xxxx<xxxx<xx<xx<xxxx<xxx<xx<xx<x<x<x<xxx<xxxx<xx<xxx<x<x<x<xxxx<xxxxx<x<xx<xxxxxxxxxxxxxxxxxxxxxxxxxxxxxxxxxx<xxx<x<x<x<x<x<xxxxxxxxx<xxx<xx<xxx<xx<xxx<xxx<x<x<x<xx<x<xxxxxxxxx<xxx<xx<xxxx<xxxx<xxxx<xx<xx<xxxx<xxx<xx<xx<x<x<x<xxx<xxxx<xx<xxx<x<x<x<xxxx<xxxxx<x<xx<xxxxxxxxxxxxxxxx<xxxxxxxxxxxxxxx<xxxxxx<xx<xxx<x<x<x<xxxxxx<xxx<xx<xxx<x<x<x<x<xxxxxxxxx<xxx<xx<xxxxx<xx<xx<xxx<xx<xxxxxx<x<x<xx<x<xxx<xx<xxx<x<x<x<x<xxxxxxxxx<xxx<xx<xxx<xx<xxx<xxx<x<x<x<xxxxxx<xxx<xx<xxx<x<x<xxxxxx<xxx<xx<xxx<x<x<xxxxxxx<xxx<xx<xxx<x<x<x<xxxxxx<xxx<xx<xxx<x<x<x<xxxxxx<xxx<xx<xxx<x<x<xxxxxx<xxx<xx<xxx<x<x<x<xxxxxx<xxx<xx<xxx<x<x<x<x<x<xxxxxx<xxx<xx<xxx<x<x<xxxxxxx<xxx<xx<xxx<x<x<xx<xxxxxxxxx<xxx<xx<xxx<xx<xxx<xxx<x<x<xxxxxxx<xxx<xx<xxx<x<x<xx<xxxxxx<xxx<xx<xxx<x<x<xxxxxxxxx<xxx<xx<xxx<x<x<xxxxxxx<xxx<xx<xxx<x<x<x<xxxxxx<xxx<xx<xxx<x<x<xx<xxxxxx<xxx<xx<xxx<x<x<xxxxxxx<xxx<xx<xxx<x<x<xxxxxxx<xxx<xx<xxx<x<x<x<xxxxxx<xxx<xx<xxx<x<x<x<xxxxxx<xxx<xx<xxx<x<x<xxxxxxx<xxx<xx<xxx<x<x<xxxxxxxx<xxx<xx<xxx<x<x<xxxxxx<xxx<xx<xxx<x<x<xxxxxx<xxx<xx<xxx<x<x<xxxxxx<xxx<xx<xxx<x<x<x<xxxxxx<xxx<xx<xxx<x<x<xxxxxx<xxx<xx<xxx<x<x<x<xxxxxxx<xxx<xx<xxx<x<x<x<x<xxxxxx<xxx<xx<xxx<x<x<x<xxxxxxx<xxx<xx<xxx<x<x<xxxxxx<xxx<xx<xxx<x<x<x<xxxxxx<xxx<xx<xxx<x<x<xxxxxx<xxx<xx<xxx<x<x<xxxxxxxx<xxx<xx<xxx<x<x<x<x<xxxxxx<xxx<xx<xxx<x<x<xxxxxx<xxx<xx<xxx<x<x<xxxxxx<xxx<xx<xxx<x<x<x<xxxxxx<xxx<xx<xxx<x<x<xxxxxxx<xxx<xx<xxx<x<x<x<xxxxxx<xxx<xx<xxx<x<x<x<x<x<xxxxxx<xxx<xx<xxx<x<x<x<xxxxxx<xxx<xx<xx<xxx<x<x<x<xxxx<xxxxx<x<xx<xxxxxxxxxxxxxxxxxxxxxxxxxxxxxxxxxx<xxx<x<x<x<xx<x<xxxxxxxxx<xxx<xx<xxx<xx<xxx<xxx<x<x<x<xx<xxxxxxxx<xxx<xx<xx<xxx<x<x<x<xxxx<xxxxx<x<xx<xxxxxxxxxxxxxxxxxxxxxxxxxxxxxxxxxx<xxx<x<x<x<x<xxxxxxxxx<xxx<xx<xxx<xx<xxx<xx<xxx<x<x<x<xxxx<xxxxx<x<xx<xxxxxxxxxxxxxx<xxx<x<xxxxxxxxxxxxxxx<xx<xxxxxxxxx<x<x<xxx<x<x<xx<xxxx<xx<xx<xxx<x<x<x<xxxx<xxxxx<x<xx<xxxxxxxxxxxxxx<xxx<xx<xxxxxxxxxxxxxx<xxxxx<xxxxx<x<x<xxx<x<x<xx<xxxx<xx<xxx<x<x<xx<xxxxxxxxx<xxx<xx<xxx<xx<xxx<xxx<x<x<x<xx<xxxxxxxxx<xxx<xx<xxx<xx<xxx<xx<xxx<x<x<x<xxxx<xxxxx<x<xx<xxxxxxxxxxxxxx<xxx<xxx<xxxxxxxxxxxxxx<xxx<xxx<xxx<x<x<xxx<x<x<xx<xxxx<xx<xx<xxx<x<x<x<xxxx<xxxxx<x<xx<xxxxxxxxxxxxxx<xxx<x<xx<xxxxxxxxxxxx<x<xxx<xxxxxxxxx<x<x<xxx<x<x<x<xxxx<xx<xxx<x<x<x<x<xxxxxxxxx<xxx<xx<xxx<xx<xxx<xxx<x<x<x<xxxxxxxxx<xxx<xx<xxx<xx<xxx<xx<xxx<x<x<x<xxxx<xxxxx<x<xx<xxxxxxxxxxxxxxxxxxxxxxxxxxxxxxxxxx<xxx<x<xxx<xxxxxxxxx<xxx<xx<xxx<xx<xxx<xx<xxx<x<x<x<xxxx<xxxxx<x<xx<xxxxxxxxxxxxxx<xxx<x<x<xx<xxxxxxxxxxxx<xx<xxxxxxxxx<x<x<xxx<x<x<xx<xxxx<xx<xx<xxx<x<x<x<xxxx<xxxxx<x<xx<xxxxxxxxxxxxxx<xxx<x<x<xxxxxxxxxxxxx<xxxxx<xxxxx<x<x<xxx<x<x<xx<xxxx<xx<xx<xxx<x<x<x<xxxx<xxxxx<x<xx<xxxxxxxxxxxxxxxxxxxxxxxxxxxxxxxxx<xxx<x<xxxx<xxxxxxxxx<xxx<xx<xxx<xx<xxx<xxx<x<x<x<xxxxxxxxx<xxx<xx<xxx<xx<xxx<xxx<x<x<xxxxxxxxx<xxx<xx<xxx<xx<xxx<xx<xxx<x<x<x<xxxx<xxxxx<x<xx<xxxxxxxxxxxxxx<xxx<x<xxxxxxxxxxxxx<xxx<xxx<xxx<x<x<xxx<x<x<xx<xxxx<xx<xx<xxx<x<x<x<xxxx<xxxxx<x<xx<xxxxxxxxxxxxxx<xxx<x<xx<xx<x<xx<xxxxxxxxxxx<x<xxx<xxxxxxxxx<x<x<xxx<x<x<xx<xxxx<xx<xxx<x<xx<xxxxxxxxx<xxx<xx<xxx<xx<xxx<xxx<x<x<x<x<xxxxxxxxx<xxx<xx<xxx<xx<xxx<xx<xxx<x<x<x<xxxx<xxxxx<x<xx<xxxxxxxxxxxxx<x<xxxx<x<xxxxxxx<xxxxxx<xxx<x<x<x<xxxxxxxxx<xxx<xx<xxx<xx<xxx<xx<xxx<x<x<x<xxxx<xxxxx<x<xx<xxxxxxxxxxxxxxxxxxxxxxxxxxxxxxxxxx<xxx<x<x<xx<xxxxxxxxx<xxx<xx<xxx<xx<xxx<xx<xxx<x<x<x<xxxx<xxxxx<x<xx<xxxxxxxxxxxxx<xxxx<xxxxxxx<xxxxxxxxxxxxxxxxxxx<xxx<x<xx<x<xxxxxxxxx<xxx<xx<xxx<xx<xxx<xx<xxx<x<x<x<xxxx<xxxxx<x<xx<xxxxxxxxxxxxxx<xxx<x<xx<xxxxxxxxxxxxxx<xx<xxxxxxxxx<x<x<xxx<x<x<xx<xxxx<xx<xx<xxx<x<x<x<xxxx<xxxxx<x<xx<xxxxxxxxxxxxxx<xxx<xxx<x<x<xxxxxxxxxxxxxx<xxxxx<xxxxx<x<x<xxx<x<x<xx<xxxx<xx<xxx<x<xx<xxxxxxxxx<xxx<xx<xxx<xx<xxx<xxx<x<xx<xxxxxxxxx<xxx<xx<xxx<xx<xxx<xx<xxx<x<x<x<xxxx<xxxxx<x<xx<xxxxxxxxxxxxxx<xxx<x<xxxxxxxxxxxxxxxx<xxx<xxx<xxx<x<x<xxx<x<x<xx<xxxx<xx<xx<xxx<x<x<x<xxxx<xxxxx<x<xx<xxxxxxxxxxxxxx<xxx<xxx<x<xxxxxxxxxxxx<x<xxx<xxxxxxxxx<x<x<xxx<x<x<xx<xxxx<xx<xxx<x<x<xx<xxxxxxxxx<xxx<xx<xxx<xx<xxx<xxx<x<x<x<xx<xxxxxxxxx<xxx<xx<xxx<xx<xxx<xx<xxx<x<x<x<xxxx<xxxxx<x<xx<xxxxxxxxxxxxxxxxxxxxxxxxxxxxxxxxx<xxx<x<xx<x<x<xxxxxxxxx<xxx<xx<xxx<xx<xxx<xx<xxx<x<x<x<xxxx<xxxxx<x<xx<xxxxxxxxxxxxxxxxxxxxxxxxxxxxxxxxxx<xxx<x<xx<xxxxxxxxx<xxx<xx<xxx<xx<xxx<xx<xxx<x<x<x<xxxx<xxxxx<x<xx<xxxxxxxxxxxxxxxxxxxxxxxxxxxxxxxxxx<xxx<x<xxx<xxxxxxxxx<xxx<xx<xxx<xx<xxx<xx<xxx<x<x<x<xxxx<xxxxx<x<xx<xxxxxxxxxxxxxx<xxx<xxxxxxxxxxx<xx<xxxxxxxxx<x<x<xxx<x<x<xx<xxxx<xx<xx<xxx<x<x<x<xxxx<xxxxx<x<xx<xxxxxxxxxxxxxx<xxx<x<x<x<xxxxxxxxxxxxxx<xxxxx<xxxxx<x<x<xxx<x<x<x<xxxx<xx<xxx<x<x<xx<xxxxxxxxx<xxx<xx<xxx<xx<xxx<xxx<x<x<xxxxxxxxx<xxx<xx<xxx<xx<xxx<xx<xxx<x<x<x<xxxx<xxxxx<x<xx<xxxxxxxxxxxxxx<xxx<xx<xxxxxxxxxxxxx<xxx<xxx<xxx<x<x<xxx<x<x<xx<xxxx<xx<xx<xxx<x<x<x<xxxx<xxxxx<x<xx<xxxxxxxxxxxxxx<xxx<x<xx<x<xxxxxxxxxxxx<x<xxx<xxxxxxxxx<x<x<xxx<x<x<xx<xxxx<xx<xxx<x<xx<xxxxxxxxx<xxx<xx<xxx<xx<xxx<xxx<x<x<xxxxxxxxx<xxx<xx<xxx<xx<xxx<xx<xxx<x<x<x<xxxx<xxxxx<x<xx<xxxxxxxxxxxxxx<xxxx<xxx<x<xxxxxxxxxxxxxx<xx<xx<x<xx<xx<xx<xxxxxxxxx<xxx<x<x<xx<xxxxxxxxx<xxx<xx<xxx<xx<xxx<xx<xxx<x<x<x<xxxx<xxxxx<x<xx<xxxxxxxxxxxxxxxxxxxxxxxxxxxxxxxxxx<xxx<x<x<xxx<xxxxxxxxx<xxx<xx<xxx<xx<xxx<xx<xxx<x<x<x<xxxx<xxxxx<x<xx<xxxxxxxxxxxxxx<xxx<x<x<xxxxxxxxxxxx<xx<xxxxxxxxx<x<x<xxx<x<x<xx<xxxx<xx<xx<xxx<x<x<x<xxxx<xxxxx<x<xx<xxxxxxxxxxxxxx<xxx<x<xx<xxxxxxxxxxxxxx<xxxxx<xxxxx<x<x<xxx<x<x<xx<xxxx<xx<xx<xxx<x<x<x<xxxx<xxxxx<x<xx<xxxxxxxxxxxxxxxxxxxxxxxxxxxxxxxxxx<xxx<x<xxx<xxxxxxxxx<xxx<xx<xxx<xx<xxx<xxx<x<x<x<xx<xxxxxxxxx<xxx<xx<xxx<xx<xxx<xxx<x<x<xxxxxxxxx<xxx<xx<xxx<xx<xxx<xx<xxx<x<x<x<xxxx<xxxxx<x<xx<xxxxxxxxxxxxxx<xxx<x<xxxxxxxxxxxxx<xxx<xxx<xxx<x<x<xxx<x<x<xx<xxxx<xx<xx<xxx<x<x<x<xxxx<xxxxx<x<xx<xxxxxxxxxxxxxx<xxx<x<xxx<xxxxxxxxxxxx<x<xxx<xxxxxxxxx<x<x<xxx<x<x<xx<xxxx<xx<xxx<x<x<xx<xxxxxxxxx<xxx<xx<xxx<xx<xxx<xxx<x<x<xxxxxxxxx<xxx<xx<xxx<xx<xxx<xx<xxx<x<x<x<xxxx<xxxxx<x<xx<xxxxxxxxxxxxxxxxxxxxxxxxxxxxxxxxxx<xxx<x<xx<xxxxxxxxx<xxx<xx<xxx<xx<x<xx<xxx<x<x<x<xxxx<xxxxx<x<xx<xxxxxxxxxxxxxx<xxx<xxxxxxxxxxxxxxxxx<xx<xxxxxxxxx<x<x<xxx<x<x<xx<xxxx<xx<xx<xxx<x<x<x<xxxx<xxxxx<x<xx<xxxxxxxxxxxxxx<xxx<x<xxx<x<xxxxxxxxxxxx<xxxxx<xxxxx<x<x<xxx<x<x<xx<xxxx<xx<xxx<x<xx<xxxxxxxxx<xxx<xx<xxx<xx<xxx<xxx<x<xx<x<xxxxxxxxx<xxx<xx<xxx<xx<xxx<xx<xxx<x<x<x<xxxx<xxxxx<x<xx<xxxxxxxxxxxxxxxxxxxxxxxxxxxxxxxxxx<xxx<x<x<xxxxxxxxx<xxx<xx<xxx<xx<xxx<xx<xxx<x<x<x<xxxx<xxxxx<x<xx<xxxxxxxxxxxxxx<xxx<x<xxxxxxxxxxxxxxxxx<xxx<xxx<xxx<x<x<xxx<x<x<xx<xxxx<xx<xx<xxx<x<x<x<xxxx<xxxxx<x<xx<xxxxxxxxxxxxxx<xxx<x<xxxxxx<xxxxxxxxxxx<x<xxx<xxxxxxxxx<x<x<xxx<x<x<xx<xxxx<xx<xxx<x<x<xx<xxxxxxxxx<xxx<xx<xxx<xx<xxx<xxx<x<x<xx<xxxxxxxxx<xxx<xx<xxx<xx<xxx<xx<xxx<x<x<x<xxxx<xxxxx<x<xx<xxxxxxxxxxxxxx<xxx<xx<xxxxxxxxxxxxxxxxxxxxx<x<xxx<xxxxxxxxxxx<xx<xx<x<xx<xx<xxx<x<x<x<xxxx<xxxxx<x<xx<xxxxxxxxxxxxxx<xxx<xxxxxxxxxxxxxxxxxxxxxx<x<xxxxxxxxxxxxxx<xx<xx<x<xx<xx<xxx<x<x<x<xxxx<xxxxx<x<xx<xxxxxxxxxxxxxx<xxx<xxxxxxxxxxxxxxxxxxx<x<xx<xxxxxxxxxxxx<xx<xx<x<xx<xx<xxx<x<x<x<xxxx<xxxxx<x<xx<xxxxxxxxxxxxxxxxxxxxxxxxxxxxxxxxxx<xxx<x<xx<x<xxxxxxxxx<xxx<xx<xxx<xx<xxx<xxx<x<xx<xx<xxxxxxxxx<xxx<xx<xxx<xx<xxx<xxx<x<x<x<xxxxxxxxx<xxx<xx<xxx<xx<xxx<xxx<x<x<xxxxxxxxx<xxx<xx<xxx<xx<xxx<xx<xxx<x<x<x<xxxx<xxxxx<x<xx<xxxxxxxxxxxxx<xxxx<xxxxxxx<xxxxxxxxxxxxxxxxxxx<xx<xxx<x<x<x<xxxx<xxxxx<x<xx<xxxxxxxxxxxxxx<xxx<xxxxxxxxxxxxxxx<xx<xxxxxxxxx<x<x<xxx<x<x<xx<xxxx<xx<xx<xxx<x<x<x<xxxx<xxxxx<x<xx<xxxxxxxxxxxxxx<xxx<x<x<xxxxxxxxxxxxxxx<xxxxx<xxxxx<x<x<xxx<x<x<xx<xxxx<xx<xxx<x<x<xxxxxxxxx<xxx<xx<xxx<xx<xxx<xxx<x<x<xxxxxxxxx<xxx<xx<xxx<xx<xxx<xxx<x<xx<x<xxxxxxxxx<xxx<xx<xxx<xx<xxx<xx<xxx<x<x<x<xxxx<xxxxx<x<xx<xxxxxxxxxxxxxx<xxx<xxx<xxxxxxxxxxxxxx<xxx<xxx<xxx<x<x<xxx<x<x<xx<xxxx<xx<xx<xxx<x<x<x<xxxx<xxxxx<x<xx<xxxxxxxxxxxxxx<xxx<x<xxxxxxxxxxxxxxx<x<xxx<xxxxxxxxx<x<x<xxx<x<x<xx<xxxx<xx<xxx<x<x<xx<xxxxxxxxx<xxx<xx<xxx<xx<xxx<xxx<x<xxx<xxxxxxxxx<xxx<xx<xxx<xx<xxx<xx<xxx<x<x<x<xxxx<xxxxx<x<xx<xxxxxxxxxxxxxxxxxxxxxxxxxxxxxxxxxx<xxx<x<xx<xxxxxxxxx<xxx<xx<xxx<xx<xxx<xx<xxx<x<x<x<xxxx<xxxxx<x<xx<xxxxxxxxxxxxxxxxxxxxxxxxxxxxxxxxxx<xxx<x<xx<x<xxxxxxxxx<xxx<xx<xxx<xx<xxx<xx<xxx<x<x<x<xxxx<xxxxx<x<xx<xxxxxxxxxxxxxx<xxx<xxxxxxxxxxxxxxxxx<xx<xxxxxxxxx<x<x<xxx<x<x<xx<xxxx<xx<xx<xxx<x<x<x<xxxx<xxxxx<x<xx<xxxxxxxxxxxxxx<xxx<x<xxxxxxxxxxxxxxx<xxxxx<xxxxx<x<x<xxx<x<x<xx<xxxx<xx<xxx<x<xxx<xxxxxxxxx<xxx<xx<xxx<xx<xxx<xxx<x<xx<xxxxxxxxx<xxx<xx<xxx<xx<xxx<xx<xxx<x<x<x<xxxx<xxxxx<x<xx<xxxxxxxxxxxxxx<xxx<xxxxxxxxxxxxxxxxxx<xxx<xxx<xxx<x<x<xxx<x<x<xx<xxxx<xx<xx<xxx<x<x<x<xxxx<xxxxx<x<xx<xxxxxxxxxxxxxx<xxx<xxxxxxxxxxxxxx<x<xxx<xxxxxxxxx<x<x<xxx<x<x<xx<xxxx<xx<xxx<x<xx<xxxxxxxxx<xxx<xx<xxx<xx<xxx<xxx<x<xx<x<xxxxxxxxx<xxx<xx<xxx<xx<xxx<xx<xxx<x<x<x<xxxx<xxxxx<x<xx<xxxxxxxxxxxxxxxxxxxxxxxxxxxxxxxxxx<xxx<x<xx<x<x<xxxxxxxxx<xxx<xx<xxx<xx<xxx<xx<xxx<x<x<x<xxxx<xxxxx<x<xx<xxxxxxxxxxxxxxxxxxxxxxxxxxxxxxxxxx<xxx<x<xx<xx<xxxxxxxxx<xxx<xx<xxx<xx<xxx<xx<xxx<x<x<x<xxxx<xxxxx<x<xx<xxxxxxxxxxxxxx<xxx<xxxxxx<xxxxxxxxxxxx<xx<xxxxxxxxx<x<x<xxx<x<x<xx<xxxx<xx<xx<xxx<x<x<x<xxxx<xxxxx<x<xx<xxxxxxxxxxxxxx<xxx<xx<xx<xxxxxxxxxxxxxxx<xxxxx<xxxxx<x<x<xxx<x<x<xx<xxxx<xx<xxx<x<xxxx<xxxxxxxxx<xxx<xx<xxx<xx<xxx<xxx<x<xx<xxxxxxxxx<xxx<xx<xxx<xx<xxx<xx<xxx<x<x<x<xxxx<xxxxx<x<xx<xxxxxxxxxxxxxx<xxx<xx<xx<xxxxxxxxxxxx<xxx<xxx<xxx<x<x<xxx<x<x<xx<xxxx<xx<xx<xxx<x<x<x<xxxx<xxxxx<x<xx<xxxxxxxxxxxxxx<xxx<x<xx<x<xx<xxxxxxxxxxx<x<xxx<xxxxxxxxx<x<x<xxx<x<x<xx<xxxx<xx<xxx<x<xxx<xxxxxxxxx<xxx<xx<xxx<xx<xxx<xxx<x<xx<xxxxxxxxx<xxx<xx<xxx<xx<xxx<xx<xxx<x<x<x<xxxx<xxxxx<x<xx<xxxxxxxxxxxxxxxxxxxxxxxxxxxxxxxxxx<xxx<x<xxx<xxxxxxxxx<xxx<xx<xxx<xx<xxx<xx<xxx<x<x<x<xxxx<xxxxx<x<xx<xxxxxxxxxxxxxxxxxxxxxxxxxxxxxxxxxx<xxx<x<xxx<xxxxxxxxx<xxx<xx<xxx<xx<xxx<xx<xxx<x<x<x<xxxx<xxxxx<x<xx<xxxxxxxxxxxxxxxxxxxxxxxxxxxxxxxxxx<xxx<x<xx<xxxxxxxxx<xxx<xx<xxx<xx<xxx<xx<xxx<x<x<x<xxxx<xxxxx<x<xx<xxxxxxxxxxxxxx<xxx<xxx<xxxxxxxxxxx<xx<xxxxxxxxx<x<x<xxx<x<x<xx<xxxx<xx<xx<xxx<x<x<x<xxxx<xxxxx<x<xx<xxxxxxxxxxxxxx<xxx<xxx<x<xxxxxxxxxxxxx<xxxxx<xxxxx<x<x<xxx<x<x<xx<xxxx<xx<xxx<x<xxx<xxxxxxxxx<xxx<xx<xxx<xx<xxx<xxx<x<xx<x<xxxxxxxxx<xxx<xx<xxx<xx<xxx<xxx<x<xx<x<xxxxxxxxx<xxx<xx<xxxx<xxxx<xxxx<xx<xx<xxxx<xxx<xx<xx<x<x<x<xxx<xxxx<xx<xxx<x<x<x<xxxx<xxxxx<x<xx<xxxxxxxxxxxxxxxxxxxxxxxxxxxxxxxxxx<xxx<x<xxxx<xxxxxxxxx<xxx<xx<xxx<xx<xxx<xxx<x<xxx<xx<xxxxxxxxx<xxx<xx<xxxx<xxxx<xxxx<xx<xx<xxxx<xxx<xx<xx<x<x<x<xxx<xxxx<xx<xxx<x<x<x<xxxx<xxxxx<x<xx<xxxxxxxxxxxxxx<xxx<xxxx<xxxxxxxxxxxxx<xxx<xxx<xxx<x<x<xxx<x<x<xx<xxxx<xx<xx<xxx<x<x<x<xxxx<xxxxx<x<xx<xxxxxxxxxxxxxx<xxx<xxxxxxxxxxxxxxxxx<x<xxx<xxxxxxxxx<x<x<xxx<x<x<xx<xxxx<xx<xx<xxx<x<x<x<xxxx<xxxxx<x<xx<xxxxxxxxxxxxxxxxxxxxxxxxxxxxxxxxxx<xxx<x<x<x<xx<xxxxxxxxx<xxx<xx<xxx<xx<xxx<xxx<x<x<x<xx<xxxxxxxxx<xxx<xx<xxxx<xxxx<xxxx<xx<xx<xxxx<xxx<xx<xx<x<x<x<xxx<xxxx<xxx<x<x<x<xxxxxxxxx<xxx<xx<xxx<xx<xxx<xxx<x<x<x<xxxxxxxxx<xxx<xx<xxxx<xxxx<xxxx<xx<xx<xxxx<xxx<xx<xx<x<x<x<xxx<xxxx<xxx<x<x<xx<xxxxxxxxx<xxx<xx<xxx<xx<xxx<xxx<x<x<xx<x<xxxxxxxxx<xxx<xx<xxxx<xxxx<xxxx<xx<xx<xxxx<xxx<xx<xx<x<x<x<xxx<xxxx<xx<xxx<x<x<x<xxxx<xxxxx<x<xx<xxxxxxxxxxxxxx<xxx<xxxxxx<x<xxxxxxxxxxxxx<xx<xxxxxxxxx<x<x<xxx<x<x<xx<xxxx<xx<xx<xxx<x<x<x<xxxx<xxxxx<x<xx<xxxxxxxxxxxxxx<xxx<xxxxxxxxxxxxxxxx<xxxxx<xxxxx<x<x<xxx<x<x<xx<xxxx<xx<xxx<x<x<x<xxxxxxxxx<xxx<xx<xxx<xx<xxx<xxx<x<x<x<xxxxxxxxx<xxx<xx<xxxx<xxxx<xxxx<xx<xx<xxxx<xxx<xx<xx<x<x<x<xxx<xxxx<xxx<x<x<x<xxxxxxxxx<xxx<xx<xxx<xx<xxx<xxx<x<x<x<xxxxxxxxx<xxx<xx<xxxx<xxxx<xxxx<xx<xx<xxxx<xxx<xx<xx<x<x<x<xxx<xxxx<xx<xxx<x<x<x<xxxx<xxxxx<x<xx<xxxxxxxxxxxxxx<xxx<x<xx<x<xxxxxxxxxxxxx<xxx<xxx<xxx<x<x<xxx<x<x<xx<xxxx<xx<xx<xxx<x<x<x<xxxx<xxxxx<x<xx<xxxxxxxxxxxxxx<xxx<xxxxx<xxxxxxxxxxx<x<xxx<xxxxxxxxx<x<x<xxx<x<x<xx<xxxx<xx<xxx<x<x<x<xxxxxxxxx<xxx<xx<xxx<xx<xxx<xxx<x<x<xx<xxxxxxxxx<xxx<xx<xxxx<xxxx<xxxx<xx<xx<xxxx<xxx<xx<xx<x<x<x<xxx<xxxx<xxx<x<xx<xxxxxxxxx<xxx<xx<xxx<xx<xxx<xxx<x<xx<xxxxxxxxx<xxx<xx<xxxx<xxxx<xxxx<xx<xx<xxxx<xxx<xx<xx<x<x<x<xxx<xxxx<xx<xxx<x<x<x<xxxx<xxxxx<x<xx<xxxxxxxxxxxxx<xxxx<xxxxxxx<xxxxxxxxxxxxxxxxxxx<xx<xxx<x<x<x<xxxx<xxxxx<x<xx<xxxxxxxxxxxxxxxxxxxxxxxxxxxxxxxxxx<xxx<x<xxx<xxxxxxxxx<xxx<xx<xxx<xx<xxx<xxx<x<xx<xxxxxxxxx<xxx<xx<xxxx<xxxx<xxxx<xx<xx<xxxx<xxx<xx<xx<x<x<x<xxx<xxxx<xxx<x<xx<xxxxxxxxx<xxx<xx<xxx<xx<xxx<xxx<x<xx<xxxxxxxxx<xxx<xx<xxxx<xxxx<xxxx<xx<xx<xxxx<xxx<xx<xx<x<x<x<xxx<xxxx<xx<xxx<x<x<x<xxxx<xxxxx<x<xx<xxxxxxxxxxxxxxxxxxxxxxxxxxxxxxxxxxxxxx<xxx<x<x<xx<xxxxxxxxx<xxx<xx<xxx<xx<xxx<xxx<x<x<xxxxxxxxx<xxx<xx<xxxx<xxxx<xxxx<xx<xx<xxxx<xxx<xx<xx<x<x<x<xxx<xxxx<xx<xxx<x<x<x<xxxx<xxxxx<x<xx<xxxxxxxxxxxxxxxxxxxxxxxxxxxxxxxxxx<xxx<x<x<x<x<xxxxxxxxx<xxx<xx<xxx<xx<xxx<xxx<x<x<x<x<xxxxxxxxx<xxx<xx<xxxx<xxxx<xxxx<xx<xx<xxxx<xxx<xx<xx<x<x<x<xxx<xxxx<xx<xxx<x<x<x<xxxx<xxxxx<x<xx<xxxxxxxxxxxxxx<xxx<x<x<x<xx<xxxxxxxxxxxx<xx<xxxxxxxxx<x<x<xxx<x<x<xx<xxxx<xx<xx<xxx<x<x<x<xxxx<xxxxx<x<xx<xxxxxxxxxxxxxx<xxx<xxxxxxxxxxxxxxxx<xxxxx<xxxxx<x<x<xxx<x<x<xx<xxxx<xx<xxx<x<x<x<xxxxxxxxx<xxx<xx<xxx<xx<xxx<xxx<x<x<xxxxxxxxx<xxx<xx<xxxx<xxxx<xxxx<xx<xx<xxxx<xxx<xx<xx<x<x<x<xxx<xxxx<xxx<x<x<x<xxxxxxxxx<xxx<xx<xxx<xx<xxx<xxx<x<x<xxxxxxxxx<xxx<xx<xxxx<xxxx<xxxx<xx<xx<xxxx<xxx<xx<xx<x<x<x<xxx<xxxx<xx<xxx<x<x<x<xxxx<xxxxx<x<xx<xxxxxxxxxxxxxx<xxx<xxx<xx<xxxxxxxxxxxx<xxx<xxx<xxx<x<x<xxx<x<x<xx<xxxx<xx<xx<xxx<x<x<x<xxxx<xxxxx<x<xx<xxxxxxxxxxxxxx<xxx<xxxxxxxxxxxxxxx<x<xxx<xxxxxxxxx<x<x<xxx<x<x<xx<xxxx<xx<xxx<x<xxx<xxxxxxxxx<xxx<xx<xxx<xx<xxx<xxx<x<xxx<xxxxxxxxx<xxx<xx<xxxx<xxxx<xxxx<xx<xx<xxxx<xxx<xx<xx<x<x<x<xxx<xxxx<xxx<x<xxx<xxxxxxxxx<xxx<xx<xxx<xx<xxx<xxx<x<xx<x<xxxxxxxxx<xxx<xx<xxxx<xxxx<xxxx<xx<xx<xxxx<xxx<xx<xx<x<x<x<xxx<xxxx<xx<xxx<x<x<x<xxxx<xxxxx<x<xx<xxxxxxxxxxxxxxxxxxxxxxxxxxxxxxxxxx<xxx<x<x<xxxxxxxxx<xxx<xx<xxx<xx<xxx<xxx<x<x<xxxxxxxxx<xxx<xx<xxxx<xxxx<xxxx<xx<xx<xxxx<xxx<xx<xx<x<x<x<xxx<xxxx<xx<xxx<x<x<x<xxxx<xxxxx<x<xx<xxxxxxxxxxxxxxxxxxxxxxxxxxxxxxxxxx<xxx<x<x<x<xxxxxxxxx<xxx<xx<xxx<xx<xxx<xxx<x<x<x<xxxxxxxxx<xxx<xx<xxxx<xxxx<xxxx<xx<xx<xxxx<xxx<xx<xx<x<x<x<xxx<xxxx<xx<xxx<x<x<x<xxxx<xxxxx<x<xx<xxxxxxxxxxxxxx<xxx<x<xxx<xxxxxxxxxxxx<xx<xxxxxxxxx<x<x<xxx<x<x<xx<xxxx<xx<xx<xxx<x<x<x<xxxx<xxxxx<x<xx<xxxxxxxxxxxxxx<xxx<xxxxxxxxxxxxxx<xxxxx<xxxxx<x<x<xxx<x<x<xx<xxxx<xx<xxx<x<xxx<xxxxxxxxx<xxx<xx<xxx<xx<xxx<xxx<x<xxx<x<xxxxxxxxx<xxx<xx<xxxx<xxxx<xxxx<xx<xx<xxxx<xxx<xx<xx<x<x<x<xxx<xxxx<xxx<x<xx<xxxxxxxxx<xxx<xx<xxx<xx<xxx<xxx<x<xx<xxxxxxxxx<xxx<xx<xxxx<xxxx<xxxx<xx<xx<xxxx<xxx<xx<xx<x<x<x<xxx<xxxx<xx<xxx<x<x<x<xxxx<xxxxx<x<xx<xxxxxxxxxxxxxx<xxx<xxxxx<x<xxxxxxxxxxxx<xxx<xxx<xxx<x<x<xxx<x<x<xx<xxxx<xx<xx<xxx<x<x<x<xxxx<xxxxx<x<xx<xxxxxxxxxxxxxx<xxx<xx<xxxxxxxxxxxxx<x<xxx<xxxxxxxxx<x<x<xxx<x<x<xx<xxxx<xx<xxx<x<x<xxxxxxxxx<xxx<xx<xxx<xx<xxx<xxx<x<x<xxxxxxxxx<xxx<xx<xxxx<xxxx<xxxx<xx<xx<xxxx<xxx<xx<xx<x<x<x<xxx<xxxx<xxx<x<x<xxxxxxxxx<xxx<xx<xxx<xx<xxx<xxx<x<x<xxxxxxxxx<xxx<xx<xxxx<xxxx<xxxx<xx<xx<xxxx<xxx<xx<xx<x<x<x<xxx<xxxx<xx<xxx<x<x<x<xxxx<xxxxx<x<xx<xxxxxxxxxxxxxxxxxxxxxxxxxxxxxxxxxx<xxx<x<xx<xxxxxxxxx<xxx<xx<xxx<xx<xxx<xxx<x<xx<xxxxxxxxx<xxx<xx<xxxx<xxxx<xxxx<xx<xx<xxxx<xxx<xx<xx<x<x<x<xxx<xxxx<xx<xxx<x<x<x<xxxx<xxxxx<x<xx<xxxxxxxxxxxxxxxxxxxxxxxxxxxxxxxxxx<xxx<x<x<xxxxxxxxx<xxx<xx<xxx<xx<xxx<xxx<x<x<x<xxxxxxxxx<xxx<xx<xxxx<xxxx<xxxx<xx<xx<xxxx<xxx<xx<xx<x<x<x<xxx<xxxx<xx<xxx<x<x<x<xxxx<xxxxx<x<xx<xxxxxxxxxxxxxx<xxx<x<x<xxx<xxxxxxxxxxxxxxx<xx<xxxxxxxxx<x<x<xxx<x<x<xx<xxxx<xx<xx<xxx<x<x<x<xxxx<xxxxx<x<xx<xxxxxxxxxxxxxx<xxx<xxxxxxxxxxxxxx<xxxxx<xxxxx<x<x<xxx<x<x<xx<xxxx<xx<xxx<x<xx<xxxxxxxxx<xxx<xx<xxx<xx<xxx<xxx<x<xx<x<xxxxxxxxx<xxx<xx<xxxx<xxxx<xxxx<xx<xx<xxxx<xxx<xx<xx<x<x<x<xxx<xxxx<xxx<x<xxxx<xxxxxxxxx<xxx<xx<xxx<xx<xxx<xxx<x<xxxx<x<xxxxxxxxx<xxx<xx<xxxx<xxxx<xxxx<xx<xx<xxxx<xxx<xx<xx<x<x<x<xxx<xxxx<xx<xxx<x<x<x<xxxx<xxxxx<x<xx<xxxxxxxxxxxxxx<xxxx<x<xxxxxxxxxxxxxxxxxx<xxx<xxx<xxx<x<x<xxx<x<x<xx<xxxx<xx<xx<xxx<x<x<x<xxxx<xxxxx<x<xx<xxxxxxxxxxxxxx<xxx<xxxxxxxxxxxx<x<xxx<xxxxxxxxx<x<x<xxx<x<x<xx<xxx<xx<xxx<x<x<xxx<xxxxxxxxx<xxx<xx<xxx<xx<xxx<xxx<x<x<x<xxxxxxxxx<xxx<xx<xxxx<xxxx<xxxx<xx<xx<xxxx<xxx<xx<xx<x<x<x<xxx<xxxx<xxx<x<x<x<xxxxxxxxx<xxx<xx<xxx<xx<xxx<xxx<x<x<x<xxxxxxxxx<xxx<xx<xxxx<xxxx<xxxx<xx<xx<xxxx<xxx<xx<xx<x<x<x<xxx<xxxx<xx<xxx<x<x<x<xxxx<xxxxx<x<xx<xxxxxxxxxxxxxxxxxxxxxxxxxxxxxxxxxx<xxx<x<xxx<xxxxxxxxx<xxx<xx<xxx<xx<xxx<xxx<x<xx<x<xxxxxxxxx<xxx<xx<xxxx<xxxx<xxxx<xx<xx<xxxx<xxx<xx<xx<x<x<x<xxx<xxxx<xx<xxx<x<x<x<xxxx<xxxxx<x<xx<xxxxxxxxxxxxxxxxxxxxxxxxxxxxxxxxxx<xxx<x<x<xx<x<xx<xxxxxxxxx<xxx<xx<xxx<xx<xxx<xxx<x<x<xx<x<xxxxxxxxx<xxx<xx<xxxx<xxxx<xxxx<xx<xx<xxxx<xxx<xx<xx<x<x<x<xxx<xxxx<xx<xxx<x<x<x<xxxx<xxxxx<x<xx<xxxxxxxxxxxxxx<xxx<x<xxxxxxxxxxxxx<xx<xxxxxxxxx<x<x<xxx<x<x<xx<xxxx<xx<xx<xxx<x<x<x<xxxx<xxxxx<x<xx<xxxxxxxxxxxxxx<xxx<xx<xxxxxxxxxxxx<xxxxx<xxxxx<x<x<xxx<x<x<xx<xxxx<xx<xxx<x<x<x<xxxxxxxxx<xxx<xx<xxx<xx<xxx<xxx<x<x<xxxxxxxxx<xxx<xx<xxxx<xxxx<xxxx<xx<xx<xxxx<xxx<xx<xx<x<x<x<xxx<xxxx<xxx<x<xx<xxxxxxxxx<xxx<xx<xxx<xx<xxx<xxx<x<x<xxxxxxxxx<xxx<xx<xxxx<xxxx<xxxx<xx<xx<xxxx<xxx<xx<xx<x<x<x<xxx<xxxx<xx<xxx<x<x<x<xxxx<xxxxx<x<xx<xxxxxxxxxxxxxx<xxx<xx<xxxxxxxxxxxxx<xxx<xxx<xxx<x<x<xxx<x<x<xx<xxxx<xx<xx<xxx<x<x<x<xxxx<xxxxx<x<xx<xxxxxxxxxxxxxx<xxx<xxxxxxxxxxxxxx<x<xxx<xxxxxxxxx<x<x<xxx<x<x<xx<xxxx<xx<xxx<x<xxx<xxxxxxxxx<xxx<xx<xxx<xx<xxx<xxx<x<xxx<xxxxxxxxx<xxx<xx<xxxx<xxxx<xxxx<xx<xx<xxxx<xxx<xx<xx<x<x<x<xxx<xxxx<xxx<x<x<xxxxxxxxx<xxx<xx<xxx<xx<xxx<xxx<x<x<x<xxxxxxxxx<xxx<xx<xxxx<xxxx<xxxx<xx<xx<xxxx<xxx<xx<xx<x<x<x<xxx<xxxx<xx<xxx<x<x<x<xxxx<xxxxx<x<xx<xxxxxxxxxxxxxxxxxxxxxxxxxxxxxxxxxx<xxx<x<xxxxxx<xxxxxxxxx<xxx<xx<xxx<xx<xxx<xxx<x<xx<x<xxxxxxxxx<xxx<xx<xxxx<xxxx<xxxx<xx<xx<xxxx<xxx<xx<xx<x<x<x<xxx<xxxx<xx<xxx<x<x<x<xxxx<xxxxx<x<xx<xxxxxxxxxxxxx<xxxx<xxxxxxx<xxxxxxxxxxxxxxxxxxx<xxx<x<xxx<x<xxxxxxxxx<xxx<xx<xxx<xx<xxx<xxx<x<xxx<xxxxxxxxx<xxx<xx<xxxx<xxxx<xxxx<xx<xx<xxxx<xxx<xx<xx<x<x<x<xxx<xxxx<xx<xxx<x<x<x<xxxx<xxxxx<x<xx<xxxxxxxxxxxxxxxxxxxxxxxxxxxxxxxxxx<xxx<x<x<x<xxxxxxxxx<xxx<xx<xxx<xx<xxx<xxx<x<x<xxxxxxxxx<xxx<xx<xxxx<xxxx<xxxx<xx<xx<xxxx<xxx<xx<xx<x<x<x<xxx<xxxx<xx<xxx<x<x<x<xxxx<xxxxx<x<xx<xxxxxxxxxxxxxx<xxx<xxxx<xxxxxxxxxxxxxx<xx<xxxxxxxxx<x<x<xxx<x<x<xx<xxxx<xx<xx<xxx<x<x<x<xxxx<xxxxx<x<xx<xxxxxxxxxxxxxx<xxx<x<x<x<xxxxxxxxxxxxxx<xxxxx<xxxxx<x<x<xxx<x<x<xx<xxxx<xx<xxx<x<x<xxxxxxxxx<xxx<xx<xxx<xx<xxx<xxx<x<x<xxxxxxxxx<xxx<xx<xxxx<xxxx<xxxx<xx<xx<xxxx<xxx<xx<xx<x<x<x<xxx<xxxx<xxx<x<x<x<xxxxxxxxx<xxx<xx<xxx<xx<xxx<xxx<x<x<xxxxxxxxx<xxx<xx<xxxx<xxxx<xxxx<xx<xx<xxxx<xxx<xx<xx<x<x<x<xxx<xxxx<xx<xxx<x<x<x<xxxx<xxxxx<x<xx<xxxxxxxxxxxxxxxxxxxxxxxxxxxxxxxxxx<xx<xxx<x<x<x<xxxx<xxxxx<x<xx<xxxxxxxxxxxxxx<xxx<xxx<x<xxxxxxxxxxxxxxx<xxx<xxx<xxx<x<x<xxx<x<x<xx<xxxx<xx<xx<xxx<x<x<x<xxxx<xxxxx<x<xx<xxxxxxxxxxxxxx<xxx<x<xxxxxxxxxxxxxxx<x<xxx<xxxxxxxx<x<x<xxx<x<x<xx<xxxx<xx<xxx<x<xxx<xxxxxxxxx<xxx<xx<xxx<xx<xx<xx<xx<xxxx<xxx<xx<xxx<xxx<x<x<x<x<xxxxxxxxx<xxx<xx<xxx<xx<xxx<xxx<x<x<x<x<xxxxxxxxx<xxx<xx<xxxx<xxxx<xxxx<xx<xx<xxxx<xxx<xx<xx<x<x<x<xxx<xxxx<xxx<x<x<x<xxxxxxxxx<xxx<xx<xxx<xx<xxx<xxx<x<x<xxxxxxxxx<xxx<xx<xxxx<xxxx<xxxx<xx<xx<xxxx<xxx<xx<xx<x<x<x<xxx<xxxx<xx<xxx<x<x<x<xxxx<xxxxx<x<xx<xxxxxxxxxxxxxx<xxxx<xxx<x<xxxxxxxxxxxxx<xx<xx<x<xx<xxxx<xxxxxxxxx<xxx<x<x<x<xxxxxxxxx<xxx<xx<xxx<xx<xxx<xxx<x<x<xx<xxxxxxxxx<xxx<xx<xxxx<xxxx<xxxx<xx<xx<xxxx<xxx<xx<xx<x<x<x<xxx<xxxx<xx<xxx<x<x<x<xxxx<xxxxx<x<xx<xxxxxxxxxxxxxxxxxxxxxxxxxxxxxxxxxx<xxx<x<x<x<x<xxxxxxxxx<xxx<xx<xxx<xx<xxx<xxx<x<x<x<x<xxxxxxxxx<xxx<xx<xxxx<xxxx<xxxx<xx<xx<xxxx<xxx<xx<xx<x<x<x<xxx<xxxx<xx<xxx<x<x<x<xxxx<xxxxx<x<xx<xxxxxxxxxxxxxx<xxx<xx<xx<xxx<xxxxxxxxxxx<xx<xxxxxxxxx<x<x<xxx<x<x<xx<xxxx<xx<xx<xxx<x<x<x<xxxx<xxxxx<x<xx<xxxxxxxxxxxxxx<xxx<xxx<x<xxxxxxxxxxxxx<xxxxx<xxxxx<x<x<xxx<x<x<xx<xxxx<xx<xxx<x<xxx<xxxxxxxxx<xxx<xx<xxx<xx<xxx<xxx<x<xx<xxxxxxxxx<xxx<xx<xxxx<xxxx<xxxx<xx<xx<xxxx<xxx<xx<xx<x<x<x<xxx<xxxx<xxx<xxxx<x<xxxxxxxxx<xxx<xx<xxx<xx<xxx<xxx<x<xxx<x<xxxxxxxxx<xxx<xx<xxxx<xxxx<xxxx<xx<xx<xxxx<xxx<xx<xx<x<x<x<xxx<xxxx<xx<xxx<x<x<x<xxxx<xxxxx<x<xx<xxxxxxxxxxxxxx<xxx<xx<xxxxxxxxxxxxxxxx<xxx<xxx<xxx<x<x<xxx<x<x<xx<xxxx<xx<xx<xxx<x<x<x<xxxx<xxxxx<x<xx<xxxxxxxxxxxxxx<xxx<x<xx<x<xxxxxxxxxxx<x<xxx<xxxxxxxxx<x<x<xxx<x<x<xx<xxxx<xx<xxx<x<x<x<xxxxxxxxx<xxx<xx<xxx<xx<xxx<xxx<x<x<x<xxxxxxxxx<xxx<xx<xxxx<xxxx<xxxx<xx<xx<xxxx<xxx<xx<xx<x<x<x<xxx<xxxx<xxx<x<x<x<xx<xxxxxxxxx<xxx<xx<xxx<xx<xxx<xxx<x<x<x<x<x<xxxxxxxxx<xxx<xx<xxxx<xxxx<xxxx<xx<xx<xxxx<xxx<xx<xx<x<x<x<xxx<xxxx<xx<xxx<x<x<x<xxxx<xxxxx<x<xx<xxxxxxxxxxxxxxxxxxxxxxxxxxxxxxxxxx<xxx<x<xxx<xxxxxxxxx<xxx<xx<xxx<xx<xxx<xxx<x<xxx<x<xxxxxxxxx<xxx<xx<xxxx<xxxx<xxxx<xx<xx<xxxx<xxx<xx<xx<x<x<x<xxx<xxxx<xx<xxx<x<x<x<xxxx<xxxxx<x<xx<xxxxxxxxxxxxxxxxxxxxxxxxxxxxxxxxxx<xxx<x<x<x<xxxxxxxxx<xxx<xx<xxx<xx<xxx<xxx<x<x<xxxxxxxxx<xxx<xx<xxxx<xxxx<xxxx<xx<xx<xxxx<xxx<xx<xx<x<x<x<xxx<xxxx<xx<xxx<x<x<x<xxxx<xxxxx<x<xx<xxxxxxxxxxxxxx<xxx<xxxxxxxxxxxxxxxxx<xx<xxxxxxxxx<x<x<xxx<x<x<xx<xxxx<xx<xx<xxx<x<x<x<xxxx<xxxxx<x<xx<xxxxxxxxxxxxxx<xxx<xxxx<xxxxxxxxxxxxx<xxxxx<xxxxx<x<x<xxx<x<x<xx<xxxx<xx<xxx<x<x<x<x<xxxxxxxxx<xxx<xx<xxx<xx<xxx<xxx<x<x<x<x<xxxxxxxxx<xxx<xx<xxxx<xxxx<xxxx<xx<xx<xxxx<xxx<xx<xx<x<x<x<xxx<xxxx<xxx<x<xx<xxxxxxxxx<xxx<xx<xxx<xx<xxx<xxx<x<x<xxxxxxxxx<xxx<xx<xxxx<xxxx<xxxx<xx<xx<xxxx<xxx<xx<xx<x<x<x<xxx<xxxx<xx<xxx<x<x<x<xxxx<xxxxx<x<xx<xxxxxxxxxxxxxx<xxx<x<xxxxxxxxxxxxxxx<xxx<xxx<xxx<x<x<xxx<x<x<xx<xxxx<xx<xx<xxx<x<x<x<xxxx<xxxxx<x<xx<xxxxxxxxxxxxx<xxx<xx<xxxxxxxxxxxxx<x<xxx<xxxxxxxxx<x<x<xxx<x<x<xx<xxxx<xx<xxx<x<xx<xxxxxxxxx<xxx<xx<xxx<xx<xxx<xxx<x<xx<xxxxxxxxx<xxx<xx<xxxx<xxxx<xxxx<xx<xx<xxxx<xxx<xx<xx<x<x<x<xxx<xxxx<xxx<x<x<xxxxxxxxx<xxx<xx<xxx<xx<xxx<xxx<x<x<x<xxxxxxxxx<xxx<xx<xxxx<xxxx<xxxx<xx<xx<xxxx<xxx<xx<xx<x<x<x<xxx<xxxx<xx<xxx<x<x<x<xxxx<xxxxx<x<xx<xxxxxxxxxxxxxxxxxxxxxxxxxxxxxxxxxx<xxx<x<x<xx<xxxxxxxxx<xxx<xx<xxx<xx<xxx<xxx<x<x<xx<x<xxxxxxxxx<xxx<xx<xxxx<xxxx<xxxx<xx<xx<xxxx<xx<xxx<x<x<x<xxxx<xxxxx<x<xx<xxxxxxxxxxxxxx<xxx<x<xxxxx<xxxxxxxxxxx<xx<xxxxxxxxx<x<x<xxx<x<x<xx<xxxx<xx<xx<xxx<x<x<x<xxxx<xxxxx<x<xx<xxxxxxxxxxxxxx<xxx<xxxxxxxxxxxxx<xxxxx<xxxxx<x<x<xxx<x<x<xx<xxxx<xx<xxx<x<xx<x<xxxxxxxxx<xxx<xx<xxx<xx<xxx<xxx<x<xx<x<xxxxxxxxx<xxx<xx<xxxx<xxxx<xxxx<xx<xx<xxxx<xxx<xx<xx<x<x<x<xxx<xxxx<xxx<x<x<xxxxxxxxx<xxx<xx<xxx<xx<xxx<xxx<x<x<x<xxxxxxxxx<xxx<xx<xxxx<xxxx<xxxx<xx<xx<xxxx<xxx<xx<xx<x<x<x<xxx<xxxx<xx<xxx<x<x<x<xxxx<xxxxx<x<xx<xxxxxxxxxxxxxx<xxx<xxx<xxxxxxxxxxxxx<xxx<xxx<xxx<x<x<xxx<x<x<xx<xxxx<xx<xx<xxx<x<x<x<xxxx<xxxxx<x<xx<xxxxxxxxxxxxxx<xxx<xxxxxxxxxxxx<x<xxx<xxxxxxxxx<x<x<xxx<x<x<xx<xxxx<xx<xxx<x<x<x<xxxxxxxxx<xxx<xx<xxx<xx<xxx<xxx<x<x<x<x<xxxxxxxxx<xxx<xx<xxxx<xxxx<xxxx<xx<xx<xxxx<xxx<xx<xx<x<x<x<xxx<xxxx<xxx<x<x<xxxxxxxxx<xxx<xx<xxx<xx<xxx<xxx<x<x<xxxxxxxxx<xxx<xx<xxxx<xxxx<xxxx<xx<xx<xxxx<xxx<xx<xx<x<x<x<xxx<xxxx<xx<xxx<x<x<x<xxxx<xxxxx<x<xx<xxxxxxxxxxxxxxxxxxxxxxxxxxxxxxxxxx<xxx<x<xx<xxxxxxxxx<xxx<xx<xxx<xx<xxx<xxx<x<xx<x<xxxxxxxxx<xxx<xx<xxxx<xxxx<xxxx<xx<xx<xxxx<xxx<xx<xx<x<x<x<xxx<xxxx<xx<xxx<x<x<x<xxxx<xxxxx<x<xx<xxxxxxxxxxxxx<xxxx<xxxxxxx<xxxxxxxxxxxxxxxxxxx<xxx<x<x<x<x<xxxxxxxxx<xxx<xx<xxx<xx<xxx<xxx<x<x<x<xxxxxxxxx<xxx<xx<xxxx<xxxx<xxxx<xx<xx<xxxx<xxx<xx<xx<x<x<x<xxx<xxxx<xx<xxx<x<x<x<xxxx<xxxxx<x<xx<xxxxxxxxxxxxxxxxxxxxxxxxxxxxxxxxxx<xxx<x<x<x<xxxxxxxxx<xxx<xx<xxx<xx<xxx<xxx<x<x<x<x<xxxxxxxxx<xxx<xx<xxxx<xxxx<xxxx<xx<xx<xxxx<xxx<xx<xx<x<x<x<xxx<xxxx<xx<xxx<x<x<x<xxxx<xxxxx<x<xx<xxxxxxxxxxxxxx<xxx<xx<xxxxxxxxxxxxx<xx<xxxxxxxxx<x<x<xxx<x<x<xx<xxxx<xx<xx<xxx<x<x<x<xxxx<xxxxx<x<xx<xxxxxxxxxxxxxx<xxx<xxxxxxxxxxxxxxxxxx<xxxxx<xxxxx<x<x<xxx<x<x<xx<xxxx<xx<xxx<x<x<xxx<xxxxxxxxx<xxx<xx<xxx<xx<xxx<xxx<x<x<xxx<xxxxxxxxx<xxx<xx<xxxx<xxxx<xxxx<xx<xx<xxxx<xxx<xx<xx<x<x<x<xxx<xxxx<xxx<x<x<x<xxxxxxxxx<xxx<xx<xxx<xx<xxx<xxx<x<x<x<x<xxxxxxxxx<xxx<xx<xxxx<xxxx<xxxx<xx<xx<xxxx<xxx<xx<xx<x<x<x<xxx<xxxx<xx<xxx<x<x<x<xxxx<xxxxx<x<xx<xxxxxxxxxxxxxx<xxx<xxxxxxxxxxxxx<xxx<xxx<xxx<x<x<xxx<x<x<xx<xxx<xx<xx<xxx<x<x<x<xxxx<xxxxx<x<xx<xxxxxxxxxxxxxx<xxx<xxx<x<xxxxxxxxxxxx<x<xxx<xxxxxxxxx<x<x<xxx<x<x<xx<xxxx<xx<xxx<x<x<x<xxxxxxxxx<xxx<xx<xxx<xx<xxx<xxx<x<x<x<xxxxxxxxx<xxx<xx<xxxx<xxxx<xxxx<xx<xx<xxxx<xxx<xx<xx<x<x<x<xxx<xxxx<xxx<x<x<xxx<xxxxxxxxx<xxx<xx<xxx<xx<xxx<xxx<x<x<xx<x<xxxxxxxxx<xxx<xx<xxxx<xxxx<xxxx<xx<xx<xxxx<xxx<xx<xx<x<x<x<xxx<xxxx<xx<xxx<x<x<x<xxxx<xxxxx<x<xx<xxxxxxxxxxxxxxxxxxxxxxxxxxxxxxxxxx<xxx<x<x<x<xxxxxxxxx<xxx<xx<xxx<xx<xxx<xxx<x<x<xx<xxxxxxxxx<xxx<xx<xxxx<xxxx<xxxx<xx<xx<xxxx<xxx<xx<xx<x<x<x<xxx<xxxx<xx<xxx<x<x<x<xxxx<xxxxx<x<xx<xxxxxxxxxxxxxx<xxx<x<xxxxxxxxxxxxxxxx<xx<xxxxxxxxx<x<x<xxx<x<x<xx<xxxx<xx<xx<xxx<x<x<x<xxxx<xxxxx<x<xx<xxxxxxxxxxxxxx<xxx<xxxxxxxxxxxxx<xxxxx<xxxxx<x<x<xxx<x<x<xx<xxxx<xx<xxx<x<x<x<xxxxxxxxx<xxx<xx<xxx<xx<xxx<xxx<x<x<xx<xxxxxxxxx<xxx<xx<xxxx<xxxx<xxxx<xx<xx<xxxx<xxx<xx<xx<x<x<x<xxx<xxxx<xxx<x<x<xx<xx<xxxxxxxxx<xxx<xx<xxx<xx<xxx<xxx<x<x<xx<xx<xxxxxxxxx<xxx<xx<xxxx<xxxx<xxxx<xx<xx<xxxx<xxx<xx<xx<x<x<x<xxx<xxxx<xx<xxx<x<x<x<xxxx<xxxxx<x<xx<xxxxxxxxxxxxxx<xxx<x<xxx<xxxxxxxxxxxxxx<xxx<xxx<xxx<x<x<xxx<x<x<xx<xxxx<xx<xx<xxx<x<x<x<xxxx<xxxxx<x<xx<xxxxxxxxxxxxxx<xxx<xxxxxxxxxxxxxx<x<xxx<xxxxxxxxx<x<x<xxx<x<x<xx<xxxx<xx<xxx<x<x<x<xx<xxxxxxxxx<xxx<xx<xxx<xx<xxx<xxx<x<x<x<x<xxxxxxxxx<xxx<xx<xxxx<xxxx<xxxx<xx<xx<xxxx<xxx<xx<xx<x<x<x<xxx<xxxx<xxx<x<x<x<xx<xxxxxxxxx<xxx<xx<xxx<xx<xxx<xxx<x<x<x<x<xxxxxxxxx<xxx<xx<xxxx<xxxx<xxxx<xx<xx<xxxx<xxx<xx<xx<x<x<x<xxx<xxxx<xx<xxx<x<x<x<xxxx<xxxxx<x<xx<xxxxxxxxxxxxxxxxxxxxxxxxxxxxxxxxxx<xxx<x<x<x<xxxxxxxxx<xxx<xx<xxx<xx<xxx<xxx<x<x<x<xxxxxxxxx<xxx<xx<xxxx<xxxx<xxxx<xx<xx<xxxx<xxx<xx<xx<x<x<x<xxx<xxxx<xx<xxx<x<x<x<xxxx<xxxxx<x<xx<xxxxxxxxxxxxxxxxxxxxxxxxxxxxxxxxxx<xxx<x<x<x<xxxxxxxxx<xxx<xx<xxx<xx<xxx<xxx<x<x<x<xxxxxxxxx<xxx<xx<xxxx<xxxx<xxxx<xx<xx<xxxx<xxx<xx<xx<x<x<x<xxx<xxxx<xx<xxx<x<x<x<xxxx<xxxxx<x<xx<xxxxxxxxxxxxxx<xxx<xxxx<xxxxxxxxxxx<xx<xxxxxxxxx<x<x<xxx<x<x<xx<xxxx<xx<xx<xxx<x<x<x<xxxx<xxxxx<x<xx<xxxxxxxxxxxxxx<xxx<x<xxxxxxxxxxxxxx<xxxxx<xxxxx<x<x<xxx<x<x<xx<xxxx<xx<xxx<x<xx<xxxxxxxxx<xxx<xx<xxx<xx<xxx<xxx<x<xx<x<xxxxxxxxx<xxx<xx<xxxx<xxxx<xxxx<xx<xx<xxxx<xxx<xx<xx<x<x<x<xxx<xxxx<xxx<x<x<x<xxxxxxxxx<xxx<xx<xxx<xx<xxx<xxx<x<x<x<xxxxxxxxx<xxx<xx<xxxx<xxxx<xxxx<xx<xx<xxxx<xxx<xx<xx<x<x<x<xxx<xxxx<xx<xxx<x<x<x<xxxx<xxxxx<x<xx<xxxxxxxxxxxxxx<xxx<xxxxxxxxxxxxxx<xxx<xxx<xxx<x<x<xxx<x<x<xx<xxxx<xx<xx<xxx<x<x<x<xxxx<xxxxx<x<xx<xxxxxxxxxxxxxx<xxx<xxxx<xx<xxxxxxxxxxx<x<xxx<xxxxxxxxx<x<x<xxx<x<x<xx<xxxx<xx<xxx<x<x<x<xxxxxxxxx<xxx<xx<xxx<xx<xxx<xxx<x<xx<x<xxxxxxxxx<xxx<xx<xxxx<xxxx<xxxx<xx<xx<xxxx<xxx<xx<xx<x<x<x<xxx<xxxx<xxx<x<x<xxxxxxxxx<xxx<xx<xxx<xx<xxx<xxx<x<x<xxxxxxxxx<xxx<xx<xxxx<xxxx<xxxx<xx<xx<xxxx<xxx<xx<xx<x<x<x<xxx<xxxx<xx<xxx<x<x<x<xxxx<xxxxx<x<xx<xxxxxxxxxxxxxxxxxxxxxxxxxxxxxxxxxx<xxx<x<x<x<x<xxxxxxxxx<xxx<xx<xxx<xx<xxx<xxx<x<x<x<x<xxxxxxxxx<xxx<xx<xxxx<xxxx<xxxx<xx<xx<xxxx<xxx<xx<xx<x<x<x<xxx<xxxx<xx<xxx<x<x<x<xxxx<xxxxx<x<xx<xxxxxxxxxxxxxxxxxxxxxxxxxxxxxxxxxxx<xxx<x<x<xxxxxxxxx<xxx<xx<xxx<xx<xxx<xxx<x<x<x<xxxxxxxxx<xxx<xx<xxxx<xxxx<xxxx<xx<xx<xxxx<xxx<xx<xx<x<x<x<xxx<xxxx<xx<xxx<x<x<x<xxxx<xxxxx<x<xx<xxxxxxxxxxxxxx<xxx<x<x<xxxxxxxxxxxx<xx<xxxxxxxxx<x<x<xxx<x<x<xx<xxxx<xx<xx<xxx<x<x<x<xxxx<xxxxx<x<xx<xxxxxxxxxxxxxx<xxx<xx<xxxxxxxxxxxxxx<xxxxx<xxxxx<x<x<xxx<x<x<xx<xxxx<xx<xxx<x<xx<xxxxxxxxx<xxx<xx<xxx<xx<xxx<xxx<x<xxx<xxxxxxxxx<xxx<xx<xxxx<xxxx<xxxx<xx<xx<xxxx<xxx<xx<xx<x<x<x<xxx<xxxx<xxx<x<x<xxxxxxxxx<xxx<xx<xxx<xx<xxx<xxx<x<x<xxxxxxxxx<xxx<xx<xxxx<xxxx<xxxx<xx<xx<xxxx<xxx<xx<xx<x<x<x<xxx<xxxx<xx<xxx<x<x<x<xxxx<xxxxx<x<xx<xxxxxxxxxxxxxx<xxx<xxx<x<xxxxxxxxxxxx<xxx<xxx<xxx<x<x<xxx<x<x<xx<xxxx<xx<xx<xxx<x<x<x<xxxx<xxxxx<x<xx<xxxxxxxxxxxxxx<xxx<xxxxxxxxxxxxxxx<x<xxx<xxxxxxxxx<x<x<xxx<x<x<xx<xxxx<xx<xxx<x<x<xxxxxxxxx<xxx<xx<xxx<xx<xxx<xxx<x<x<xxxxxxxxx<xxx<xx<xxxx<xxxx<xxxx<xx<xx<xxxx<xxx<xx<xx<x<x<x<xxx<xxxx<xxx<x<x<xx<xxxxxxxxx<xxx<xx<xxx<xx<xxx<xxx<x<x<x<xxxxxxxxx<xxx<xx<xxxx<xxxx<xxxx<xx<xx<xxxx<xxx<xx<xx<x<x<x<xxx<xxxx<xx<xxx<x<x<x<xxxx<xxxxx<x<xx<xxxxxxxxxxxxxxxxxxxxxxxxxxxxxxxxxx<xxx<x<xx<xx<xxxxxxxxx<xxx<xx<xxx<xx<xxx<xxx<x<xx<xx<xxxxxxxxx<xxx<xx<xxxx<xxxx<xxxx<xx<xx<xxxx<xxx<xx<xx<x<x<x<xxx<xxxx<xx<xxx<x<x<x<xxxx<xxxxx<x<xx<xxxxxxxxxxxxx<xxxx<xxxxxxx<xxxxxxxxxxxxxxxxxxx<xxx<x<x<xxxxxxxxx<xxx<xx<xxx<xx<xxx<xxx<x<x<xxxxxxxxx<xxx<xx<xxxx<xxxx<xxxx<xx<xx<xxxx<xxx<xx<xx<x<x<x<xxx<xxxx<xx<xxx<x<x<x<xxxx<xxxxx<x<xx<xxxxxxxxxxxxxx<xxx<xx<xxxxxxxxxxx<xx<xxxxxxxxx<x<x<xxx<x<x<xx<xxxx<xx<xx<xxx<x<x<x<xxxx<xxxxx<x<xx<xxxxxxxxxxxxxx<xxx<xx<xx<xxxxxxxxxxxxxx<xxxxx<xxxxx<x<x<xxx<x<x<xx<xxxx<xx<xxx<x<xx<x<xxxxxxxxx<xxx<xx<xxx<xx<xxx<xxx<x<xx<x<x<xxxxxxxxx<xxx<xx<xxxx<xxxx<xxxx<xx<xx<xxxx<xxx<xx<xx<x<x<x<xxx<xxxx<xxx<x<xxx<xxxxxxxxx<xxx<xx<xxx<xx<xxx<xxx<x<xxx<xxxxxxxxx<xxx<xx<xxxx<xxxx<xxxx<xx<xx<xxxx<xxx<xx<xx<x<x<x<xxx<xxxx<xx<xxx<x<x<x<xxxx<xxxxx<x<xx<xxxxxxxxxxxxxx<xxx<x<xxxxxxxxxxxxxxxxxxxxxxxx<x<xxxxxxxxxxxxx<xx<xx<x<xx<xxx<x<x<x<x<xx<xxxxxxxxx<xxx<xx<xxx<xx<xxx<xxx<x<x<x<x<xxxxxxxxx<xxx<xx<xxxx<xxxx<xxxx<xx<xx<xxxx<xxx<xx<xx<x<x<x<xxx<xxxx<xx<xxx<x<x<x<xxxx<xxxxx<x<xx<xxxxxxxxxxxxxxxxxxxxxxxxxxxxxxxxxx<xxx<x<x<xxxxxxxxx<xxx<xx<xxx<xx<xxx<xxx<x<xx<xxxxxxxxx<xxx<xx<xxxx<xxxx<xxxx<xx<xx<xxxx<xxx<xx<xx<x<x<x<xxx<xxxx<xx<xxx<x<x<x<xxxx<xxxxx<x<xx<xxxxxxxxxxxxxxxxxxxxxxxxxxxxxxxxxx<xxx<x<x<x<xxxxxxxxx<xxx<xx<xxx<xx<xxx<xxx<x<x<xxxxxxxxx<xxx<xx<xxxx<xxxx<xxxx<xx<xx<xxxx<xxx<xx<xx<x<x<x<xxx<xxxx<xx<xxx<x<x<x<xxxx<xxxxx<x<xx<xxxxxxxxxxxxxx<xxx<xx<xx<xxxxxxxxxxxxx<xx<xxxxxxxxx<x<x<xxx<x<x<xx<xxxx<xx<xx<xxx<x<x<x<xxxx<xxxxx<x<xx<xxxxxxxxxxxxxx<xxx<xx<x<xxxxxxxxxxxxxx<xxxxx<xxxxx<x<x<xxx<x<x<xx<xxxx<xx<xxx<x<xx<xxxxxxxxx<xxx<xx<xxx<xx<xxx<xxx<x<xx<xxxxxxxxx<xxx<xx<xxxx<xxxx<xxxx<xx<xx<xxxx<xxx<xx<xx<x<x<x<xxx<xxxx<xxx<x<xx<xxxxxxxxx<xxx<xx<xxx<xx<xxx<xxx<x<xxx<xxxxxxxxx<xxx<xx<xxxx<xxxx<xxxx<xx<xx<xxxx<xxx<xx<xx<x<x<x<xxx<xxxx<xx<xxx<x<x<x<xxxx<xxxxx<x<xx<xxxxxxxxxxxxxx<xxx<xxxx<xxxxxxxxxxxx<xxx<xxx<xxx<x<x<xxx<x<x<xx<xxxx<xx<xx<xxx<x<x<x<xxxx<xxxxx<x<xx<xxxxxxxxxxxxxx<xxx<xx<x<xxxxxxxxxxxx<x<xxx<xxxxxxxxx<x<x<xxx<x<x<xx<xxxx<xx<xxx<x<xx<x<xxxxxxxxx<xxx<xx<xxx<xx<xxx<xxx<x<xx<x<xxxxxxxxx<xxx<xx<xxxx<xxxx<xxxx<xx<xx<xxxx<xxx<xx<xx<x<x<x<xxx<xxxx<xxx<x<x<x<x<x<xxxxxxxxx<xxx<xx<xxx<xx<xxx<xxx<x<x<x<x<xxxxxxxxx<xxx<xx<xxxx<xxxx<xxxx<xx<xx<xxxx<xxx<xx<xx<x<x<x<xxx<xxxx<xx<xxx<x<x<x<xxxx<xxxxx<x<xx<xxxxxxxxxxxxxxxxxxxxxxxxxxxxxxx<xxxx<xxx<x<xx<xxxxxxxxx<xxx<xx<xxx<xx<xxx<xxx<x<xx<xxxxxxxxx<xxx<xx<xxxx<xxxx<xxxx<xx<xx<xxxx<xxx<xx<xx<x<x<x<xxx<xxxx<xx<xxx<x<x<x<xxxx<xxxxx<x<xx<xxxxxxxxxxxxxxxxxxxxxxxxxxxxxxxxxx<xxx<x<xxxx<xxxxxxxxx<xxx<xx<xxx<xx<xxx<xxx<x<xxx<x<xxxxxxxxx<xxx<xx<xxxx<xxxx<xxxx<xx<xx<xxxx<xxx<xx<xx<x<x<x<xxx<xxxx<xx<xxx<x<x<x<xxxx<xxxxx<x<xx<xxxxxxxxxxxxxxxxxxxxxxxxxxxxxxxxxx<xxx<x<x<xxxxxxxxx<xxx<xx<xxx<xx<xxx<xxx<x<x<x<xxxxxxxxx<xxx<xx<xxxx<xxxx<xxxx<xx<xx<xxxx<xxx<xx<xx<x<x<x<xxx<xxxx<xx<xxx<x<x<x<xxxx<xxxxx<x<xx<xxxxxxxxxxxxxx<xxx<x<x<x<xxxxxxxxxxx<xx<xxxxxxxxx<x<x<xxx<x<x<xx<xxxx<xx<xx<xxx<x<x<x<xxxx<xxxxx<x<xx<xxxxxxxxxxxxxx<xxx<xxxxxx<xxxxxxxxxxxx<xxxxx<xxxxx<x<x<xxx<x<x<xx<xxxx<xx<xxx<x<x<xxxxxxxxx<xxx<xx<xxx<xx<xxx<xxx<x<x<x<xxxxxxxxx<xxx<xx<xxxx<xxxx<xxxx<xx<xx<xxxx<xxx<xx<xx<x<x<x<xxx<xxxx<xxx<x<x<xxxxxxxxx<xxx<xx<xxx<xx<xxx<xxx<x<x<xxxxxxxxx<xxx<xx<xxxx<xxxx<xxxx<xx<xx<xxxx<xxx<xx<xx<x<x<x<xxx<xxxx<xx<xxx<x<x<x<xxxx<xxxxx<x<xx<xxxxxxxxxxxxxx<xxx<x<xx<xxxxxxxxxxxxx<xxx<xxx<xxx<x<x<xxx<x<x<xx<xxxx<xx<xx<xxx<x<x<x<xxxx<xxxxx<x<xx<xxxxxxxxxxxxxx<xxx<x<xxxxxxxxxxxxxxx<x<xxx<xxxxxxxxx<x<x<xxx<x<x<xx<xxxx<xx<xxx<x<xx<xxxxxxxxx<xxx<xx<xxx<xx<xxx<xxx<x<xx<xxxxxxxxx<xxx<xx<xxxx<xxxx<xxxx<xx<xx<xxxx<xxx<xx<xx<x<x<x<xxx<xxxx<xxx<x<x<xx<xxxxxxxxx<xxx<xx<xxx<xx<xxx<xxx<x<x<xxxxxxxxx<xxx<xx<xxxx<xxxx<xxxx<xx<xx<xxxx<xxx<xx<xx<x<x<x<xxx<xxxx<xx<xxx<x<x<x<xxxx<xxxxx<x<xx<xxxxxxxxxxxxxxxxxxxxxxxxxxxxxxxxxx<xxx<x<x<x<x<x<xxxxxxxxx<xxx<xx<xxx<xx<xxx<xxx<x<x<x<x<xx<xxxxxxxxx<xxx<xx<xxxx<xxxx<xxxx<xx<xx<xxxx<xxx<xx<xx<x<x<x<xxx<xxxx<xx<xxx<x<x<x<xxxx<xxxxx<x<xx<xxxxxxxxxxxxxx<xxx<xx<x<xxxxxxxxxxxx<xx<xxxxxxxxx<x<x<xxx<x<x<xx<xxxx<xx<xx<xxx<x<x<x<xxxx<xxxxx<x<xx<xxxxxxxxxxxxxx<xxx<xxxx<xxx<x<xxxxxxxxxxxx<xxxxx<xxxxx<x<x<xxx<x<x<xx<xxxx<xx<xxx<x<x<x<xxxxxxxxx<xxx<xx<xxx<xx<xxx<xxx<x<x<xxxxxxxxx<xxx<xx<xxxx<xxxx<xxxx<xx<xx<xxxx<xxx<xx<xx<x<x<x<xxx<xxxx<xxx<x<x<x<xxxxxxxxx<xxx<xx<xxx<xx<xxx<xxx<x<xx<xxxxxxxxx<xxx<xx<xxxx<xxxx<xxxx<xx<xx<xxxx<xxx<xx<xx<x<x<x<xxx<xxxx<xx<xxx<x<x<x<xxxx<xxxxx<x<xx<xxxxxxxxxxxxxx<xxx<x<xx<x<x<xxxxxxxxxxxxx<xxx<xxx<xxx<x<x<xxx<x<x<xx<xxxx<xx<xx<xxx<x<x<x<xxxx<xxxxx<x<xx<xxxxxxxxxxxxxx<xxx<xxxx<xxxxxxxxxxxxxx<x<xxx<xxxxxxxxx<x<x<xxx<x<x<xx<xxxx<xx<xxx<x<xx<xxxxxxxxx<xxx<xx<xxx<xx<xxx<xxx<x<xx<x<xxxxxxxxx<xxx<xx<xxxx<xxxx<xxxx<xx<xx<xxxx<xxx<xx<xx<x<x<x<xxx<xxxx<xxx<x<x<x<xxxxxxxxx<xxx<xx<xxx<xx<xxx<xxx<x<x<x<xxxxxxxxx<xxx<xx<xxxx<xxxx<xxxx<xx<xx<xxxx<xxx<xx<xx<x<x<x<xxx<xxxx<xx<xxx<x<x<x<xxxx<xxxxx<x<xx<xxxxxxxxxxxxxx<xxx<xx<xx<xxxxxxxxxxxxxxx<xxxxx<x<xxxxxxxxxxxxx<xx<xx<x<xx<xx<xxx<x<x<x<xxxx<xxxxx<x<xx<xxxxxxxxxxxxxx<xxx<xx<xx<xx<xxxxxxxxxxxxxxxxxx<xxxx<x<xxxxxxxxxxxxxx<xx<xx<x<xx<xxx<x<xxx<xxxxxxxxx<xxx<xx<xxx<xx<xxx<xxx<x<xx<x<xxxxxxxxx<xxx<xx<xxxx<xxxx<xxxx<xx<xx<xxxx<xxx<xx<xx<x<x<x<xxx<xxxx<xxx<x<xx<xxxxxxxxx<xxx<xx<xxx<xx<xxx<xxx<x<xx<xxxxxxxxx<xxx<xx<xxxx<xxxx<xxxx<xx<xx<xxxx<xxx<xx<xx<x<x<x<xxx<xxxx<xx<xxx<x<x<x<xxxx<xxxxx<x<xx<xxxxxxxxxxxxxxxxxxxxxxxxxxxxxxxxxx<xxx<x<xx<x<x<x<xxxxxxxxx<xxx<xx<xxx<xx<xxx<xxx<x<xx<x<x<x<xxxxxxxxx<xxx<xx<xxxx<xxxx<xxxx<xx<xx<xxxx<xxx<xx<xx<x<x<x<xxx<xxxx<xx<xxx<x<x<x<xxxx<xxxxx<x<xx<xxxxxxxxxxxxxxxxxxxxxxxxxxxxxxxxxx<xxx<x<xxx<xxxxxxxxx<xxx<xx<xxx<xx<xxx<xxx<x<xx<xxxxxxxxx<xxx<xx<xxxx<x<xx<xxx<x<x<x<xxxx<xxxxx<x<xx<xxxxxxxxxxxxxx<xxx<xx<x<xxxxxxxxxxxx<xx<xxxxxxxxx<x<x<xxx<x<x<xx<xxxx<xx<xx<xxx<x<x<x<xxxx<xxxxx<x<xx<xxxxxxxxxxxxxx<xxx<x<xx<xx<x<xxxxxxxxxxxx<xxxxx<xxxxx<x<x<xxx<x<x<xx<xxxx<xx<xx<xxx<x<x<x<xxxx<xxxxx<x<xx<xxxxxxxxxxxxx<xxxx<xxxxxxx<xxxxxxxxxxxxxxxxxxx<xxx<x<xxx<xx<xxxxxxxxx<xxx<xx<xxx<xx<xxx<xxx<x<xxx<xx<x<xxxxxxxxx<xxx<xx<xxxx<xxxx<xxxx<xx<xx<xxxx<xxx<xx<xx<x<x<x<xxx<xxxx<xxx<x<xxx<x<xxxxxxxxx<xxx<xx<xxx<xx<xxx<xxx<x<xxxx<xxxxxxxxx<xxx<xx<xxxx<xxxx<xxxx<xx<xx<xxxx<xxx<xx<xx<x<x<x<xxx<xxxx<xxx<x<xxxx<x<xxxxxxxxx<xxx<xx<xxx<xx<xxx<xxx<x<xxxx<x<xxxxxxxxx<xxx<xx<xxxx<xxxx<xxxx<xx<xx<xxxx<xxx<xx<xx<x<x<x<xxx<xxxx<xx<xxx<x<x<x<xxxx<xxxxx<x<xx<xxxxxxxxxxxxxx<xxx<x<xxxxxxxxxxxx<xxx<xxx<xxx<x<x<xxx<x<x<xx<xxxx<xx<xx<xxx<x<x<x<xxxx<xxxxx<x<xx<xxxxxxxxxxxxxx<xxx<xxx<xxxxxxxxxxxx<x<xxx<xxxxxxxxx<x<x<xxx<x<x<xx<xxxx<xx<xxx<x<xx<x<xxxxxxxxx<xxx<xx<xxx<xx<xxx<xxx<x<xx<x<x<xxxxxxxxx<xxx<xx<xxxx<xxxx<xxxx<xx<xx<xxxx<xxx<xx<xx<x<x<x<xxx<xxxx<xxx<x<xx<x<xxxxxxxxx<xxx<xx<xxx<xx<xxx<xxx<x<xx<x<xxxxxxxxx<xxx<xx<xxxx<xxxx<xxxx<xx<xx<xxxx<xxx<xx<xx<x<x<x<xxx<xxxx<xx<xxx<x<x<x<xxxx<xxxxx<x<xx<xxxxxxxxxxxxxxxxxxxxxxxxxxxxxxxxxx<xxx<x<xx<x<x<xxxxxxxxx<xxx<xx<xxx<xx<xxx<xxx<x<xx<x<x<xxxxxxxxx<xxx<xx<xxxx<xxxx<xxxx<xx<xx<xxxx<xxx<xx<xx<x<x<x<xxx<xxxx<xx<xxx<x<x<x<xxxx<xxxxx<x<xx<xxxxxxxxxxxxxx<xxxx<xxx<xxxxxxxxxxxxxx<xx<xx<x<xxx<xxxx<xxxxxxxxx<xxx<x<xx<x<x<xxxxxxxxx<xxx<xx<xxx<xxxxx<xxx<x<xx<x<x<xxxxxxxxx<xxx<xx<xxxx<xxxx<xxxx<xx<xx<xxxx<xxx<xx<xx<x<x<x<xxx<xxxx<xx<xxx<x<x<x<xxxx<xxxxx<x<xx<xxxxxxxxxxxxxxxxxxxxxxxxxxxxxxxxxx<xxx<x<xx<xxxxxxxxx<xxx<xx<xxx<xx<xxx<xxx<x<xx<xxxxxxxxx<xxx<xx<xxxx<xxxx<xxxx<xx<xx<xxxx<xxx<xx<xx<x<x<x<xxx<xxxx<xx<xxx<x<x<x<xxxx<xxxxx<x<xx<xxxxxxxxxxxxxx<xxx<xxxxxxxxxxxxxxxx<xx<xxxxxxxxx<x<x<xxx<x<x<xx<xxxx<xx<xx<xxx<x<x<x<xxxx<xxxxx<x<xx<xxxxxxxxxxxxxx<xxx<x<xxx<xxxxxxxxxxxxxx<xxxxx<xxxxx<x<x<xxx<x<x<xx<xxxx<xx<xxx<x<xxx<xxxxxxxxx<xxx<xx<xxx<xx<xxx<xxx<x<xx<xxxxxxxxx<xxx<xx<xxxx<xxxx<xxxx<xx<xx<xxxx<xxx<xx<xx<x<x<x<xxx<xxxx<xxx<x<xx<xx<x<xxxxxxxxx<xxx<xx<xxx<xx<xxx<xxx<x<xx<xx<xxxxxxxxx<xxx<xx<xxxx<xxxx<xxxx<xx<xx<xxxx<xxx<xx<xx<x<x<x<xxx<xxxx<xx<xxx<x<x<x<xxxx<xxxxx<x<xx<xxxxxxxxxxxxxx<xxx<x<xxxx<xxxxxxxxxxxxxx<xxx<xxx<xxx<x<x<xxx<x<x<xx<xxxx<xx<xx<xxx<x<x<x<xxxx<xxxxx<x<xx<xxxxxxxxxxxxxx<xxx<x<xxx<xx<xxxxxxxxxxx<x<xxx<xxxxxxxxx<x<x<xxx<x<x<xx<xxxx<xx<xxx<x<xxx<xxxxxxxxx<xxx<xx<xxx<xx<xxx<xxx<x<xx<x<xxxxxxxxx<xxx<xx<xxxx<xxxx<xxxx<xx<xx<xxxx<xxx<xx<xx<x<x<x<xxx<xxxx<xxx<x<xxxx<xxxxxxxxx<xxx<xx<xxx<xx<xxx<xxx<x<xxx<x<xxxxxxxxx<xxx<xx<xxxx<xxxx<xxxx<xx<xx<xxxx<xxx<xx<xx<x<x<x<xxx<xxxx<xx<xxx<x<x<x<xxxx<xxxxx<x<xx<xxxxxxxxxxxxxxxxxxxxxxxxxxxxxxxxx<xxx<x<xx<x<xxxxxxxxx<xxx<xx<xxx<xx<xxx<xxx<x<xx<x<xxxxxxxxx<xxx<xx<xxxx<xxxx<xxxx<xx<xx<xxxx<xxx<xx<xx<x<x<x<xxx<xxxx<xx<xxx<x<x<x<xxxx<xxxxx<x<xx<xxxxxxxxxxxxxxxxxxxxxxxxxxxxxxxxxx<xxx<x<xx<xxxxxxxxx<xxx<xx<xxx<xx<xxx<xxx<x<xx<xxxxxxxxx<xxx<xx<xxxx<xxxx<xxxx<xx<xx<xxxx<xxx<xx<xx<x<x<x<xxx<xxxx<xx<xxx<x<x<x<xxxx<xxxxx<x<xx<xxxxxxxxxxxxxx<xxx<x<xxxxxxxxxxxxx<xx<xxxxxxxxx<x<x<xxx<x<x<xx<xxxx<xx<xx<xxx<x<x<x<xxxx<xxxxx<x<xx<xxxxxxxxxxxxxx<xxx<xxxxxx<xxxxxxxxxxxxx<xxxxx<xxxxx<x<x<xxx<x<x<xx<xxxx<xx<xxx<x<x<xxx<x<xxxxxxxxx<xxx<xx<xxx<xx<xxx<xxx<x<x<xx<x<xxxxxxxxx<xxx<xx<xxxx<xxxx<xxxx<xx<xx<xxxx<xxx<xx<xx<x<x<x<xxx<xxxx<xxx<x<x<x<x<xxxxxxxxx<xxx<xx<xxx<xx<xxx<xxx<x<x<x<x<xxxxxxxxx<xxx<xx<xxxx<xxxx<xxxx<xx<xx<xxxx<xxx<xx<xx<x<x<x<xxx<xxxx<xx<xxx<x<x<x<xxxx<xxxxx<x<xx<xxxxxxxxxxxxxx<xxx<x<xxxxxxxxxxxxx<xxx<xxx<xxx<x<x<xxx<x<x<xx<xxxx<xx<xx<xxx<x<x<x<xxxx<xxxxx<x<xx<xxxxxxxxxxxxxx<xxx<xxxxxxxxxxxxxxxx<x<xxx<xxxxxxxxx<x<x<xxx<x<x<xx<xxxx<xx<xxx<x<x<xxxxxxxxx<xxx<xx<xxx<xx<xxx<xxx<x<x<xxxxxxxxx<xxx<xx<xxxx<xxxx<xxxx<xx<xx<xxxx<xxx<xx<xx<x<x<x<xxx<xxxx<xxx<x<x<xxxxxxxxx<xxx<xx<xxx<xx<xxx<xxx<x<x<xxxxxxxxx<xxx<xx<xxxx<xxxx<xxxx<xx<xx<xxxx<xxx<xx<xx<x<x<x<xxx<xxxx<xx<xxx<x<x<x<xxxx<xxxxx<x<xx<xxxxxxxxxxxxxxxxxxxxxxxxxxxxxxxxxx<xxx<x<x<x<xx<xxxxxxxxx<xxx<xx<xxx<xx<xxx<xxx<x<x<x<x<xxxxxxxxx<xxx<xx<xxxx<xxxx<xxxx<xx<xx<xxxx<xxx<xx<xx<x<x<x<xx<xxx<x<x<x<xxxx<xxxxx<x<xx<xxxxxxxxxxxxxxxxxxxxxxxxxxxxxxxxxx<xxx<x<x<x<xxxxxxxxx<xxx<xx<xxx<xx<xxx<xxx<x<x<xx<xxxxxxxxx<xxx<xx<xxxx<xxxx<xxxx<xx<xx<xxxx<xxx<xx<xx<x<x<x<xxx<xxxx<xx<xxx<x<x<x<xxxx<xxxxx<x<xx<xxxxxxxxxxxxxx<xxx<xxx<xxxxxxxxxxxx<xx<xxxxxxxxx<x<x<xxx<x<x<xx<xxxx<xx<xx<xxx<x<x<x<xxxx<xxxxx<x<xx<xxxxxxxxxxxxxx<xxx<x<xxxxxxxxxxxxxx<xxxxx<xxxxx<x<x<xxx<x<x<xx<xxxx<xx<xxx<x<xxx<xxxxxxxxx<xxx<xx<xxx<xx<xxx<xxx<x<xxx<xxxxxxxxx<xxx<xx<xxxx<xxxx<xxxx<xx<xx<xxxx<xxx<xx<xx<x<x<x<xxx<xxxx<xxx<x<xxx<x<xxxxxxxxx<xxx<xx<xxx<xx<xxx<xxx<x<xxx<x<xxxxxxxxx<xxx<xx<xxxx<xxxx<xxxx<xx<xx<xxxx<xxx<xx<xx<x<x<x<xxx<xxxx<xx<xxx<x<x<x<xxxx<xxxxx<x<xx<xxxxxxxxxxxxxx<xxx<x<x<xxxxxxxxxxxxx<xxx<xxx<xxx<x<x<xxx<x<x<xx<xxxx<xx<xx<xxx<x<x<x<xxxx<xxxxx<x<xx<xxxxxxxxxxxxxx<xxx<x<xxxxxxxxxxxxxxx<x<xxx<xxxxxxxxx<x<x<xxx<x<x<xx<xxxx<xx<xxx<x<x<xxxxxxxxx<xxx<xx<xxx<xx<xxx<xxx<x<x<xxxxxxxxx<xxx<xx<xxxx<xxxx<xxxx<xx<xx<xxxx<xxx<xx<xx<x<x<x<xxx<xxxx<xxx<x<x<xxxxxxxxx<xxx<xx<xxx<xx<xxx<xxx<x<x<x<xxxxxxxxx<xxx<xx<xxxx<xxxx<xxxx<xx<xx<xxxx<xxx<xx<xx<x<x<x<xxx<xxxx<xx<xxx<x<x<x<xxxx<xxxxx<x<xx<xxxxxxxxxxxxxxxxxxxxxxxxxxxxxxxxxx<xxx<x<x<xx<x<x<xxxxxxxxx<xxx<xx<xxx<xx<xxx<xxx<x<x<xx<x<x<xxxxxxxxx<xxx<xx<xxxx<xxxx<xxxx<xx<xx<xxxx<xxx<xx<xx<x<x<x<xxx<xxxx<xx<xxx<x<x<x<xxxx<xxxxx<x<xx<xxxxxxxxxxxxxxxx<xxxxx<xxxxxxxxxxxxxxxxxxx<xxx<x<xxx<xxxxxxxxx<xxx<xx<xxx<xx<xxx<xxx<x<xx<xxxxxxxxx<xxx<xx<xxxx<xxxx<xxxx<xx<xx<xxxx<xxx<xx<xx<x<x<x<xxx<xxxx<xx<xxx<x<x<x<xxxx<xxxxx<x<xx<xxxxxxxxxxxxxxxx<xxxxx<xxxxxxxxxxxxxxxxxxx<xx<xxx<x<x<x<xxxx<xxxxx<x<xx<xxxxxxxxxxxxxxxxxxxxxxxxxxxxxxxxxx<xxx<x<xx<xxxxxxxxx<xxx<xx<xxx<xx<xxx<xxx<x<xx<xxxxxxxxx<xxx<xx<xxxx<xxxx<xxxx<xx<xx<xxxx<xxx<xx<xx<x<x<x<xxx<xxxx<xxx<x<x<x<xxxxxxxxx<xxx<xx<xxx<xx<xxx<xxx<x<x<x<xxxxxxxxx<xxx<xx<xxxx<xxxx<xxxx<xx<xx<xxxx<xxx<xx<xx<x<x<x<xxx<xxxx<xx<xxx<x<x<x<xxxx<xxxxx<x<xx<xxxxxxxxxxxxxxxx<xxxxx<xxxxxxxxxxxxxxxxxxx<xxx<x<x<x<xxxxxxxxx<xxx<xx<xxx<xx<xxx<xxx<x<x<x<x<xxxxxxxxx<xxx<xx<xxxx<xxxx<xxxx<xx<xx<xxxx<xxx<xx<xx<x<x<x<xxx<xxxx<xx<xxx<x<x<x<xxxx<xxxxx<x<xx<xxxxxxxxxxxxxxxx<xxxxx<xxxxxxxxxxxxxxxxxxx<xx<xxx<x<x<x<xxxx<xxxxx<x<xx<xxxxxxxxxxxxxxxxxxxxxxxxxxxxxxxxxx<xxx<x<x<x<x<xxxxxxxxx<xxx<xx<xxx<xx<xxx<xxx<x<x<x<xxxxxxxxx<xxx<xx<xxxx<xxxx<xxxx<xx<xx<xxxx<xxx<xx<xx<x<x<x<xxx<xxxx<xxx<x<x<xxxx<xxxxxxxxx<xxx<xx<xxx<xx<xxx<xxx<x<x<xxx<xxxxxxxxx<xxx<xx<xxxx<xxxx<xxxx<xx<xx<xxxx<xxx<xx<xx<x<x<x<xxx<xxxx<xx<xxx<x<x<x<xxxx<xxxxx<x<xx<xxxxxxxxxxxxxx<xxx<xxx<xxxxxxxxxxxxxx<xx<xxxxxxxxx<x<x<xxx<x<x<xx<xxxx<xx<xx<xxx<x<x<x<xxxx<xxxxx<x<xx<xxxxxxxxxxxxxx<xxx<x<x<xxx<xx<xxxxxxxxxxxxx<xxxxx<xxxxx<x<x<xxx<x<x<xx<xxxx<xx<xxx<x<xx<xxxxxxxxx<xxx<xx<xxx<xx<xxx<xxx<x<xx<xxxxxxxxx<xxx<xx<xxxx<xxxx<xxxx<xx<xx<xxxx<xxx<xx<xx<x<x<x<xxx<xxxx<xxx<x<xx<xxxxxxxxx<xxx<xx<xxx<xx<xxx<xxx<x<xx<x<x<xxxxxxxxx<xxx<xx<xxxx<xxxx<xxxx<xx<xx<xxxx<xxx<xx<xx<x<x<x<xxx<xxxx<xx<xxx<x<x<x<xxxx<xxxxx<x<xx<xxxxxxxxxxxxxx<xxx<xx<xxxxxxxxxxxxxx<xxx<xxx<xxx<x<x<xxx<x<x<xx<xxxx<xx<xx<xxx<x<x<x<xxxx<xxxxx<x<xx<xxxxxxxxxxxxxx<xxx<x<xxx<xxxxxxxxxxxx<x<xxx<xxxxxxxxx<x<x<xxx<x<x<xx<xxxx<xx<xxx<x<xx<xxxxxxxxx<xxx<xx<xxx<xx<xxx<xxx<x<xx<xxxxxxxxx<xxx<xx<xxxx<xxxx<xxxx<xx<xx<xxxx<xxx<xx<xx<x<x<x<xxx<xxxx<xxx<x<x<x<xxxxxxxxx<xxx<xx<xxx<xx<xxx<xxx<x<x<x<xxxxxxxxx<xxx<xx<xxxx<xxxx<xxxx<xx<xx<xxxx<xxx<xx<xx<x<x<x<xxx<xxxx<xx<xxx<x<x<x<xxxx<xxxxx<x<xx<xxxxxxxxxxxxxxxx<xxxxx<xxxxxxxxxxxxxxxxx<xxxx<xx<xxx<x<x<x<xxxx<xxxxx<x<xx<xxxxxxxxxxxxxx<xxx<x<x<xx<xxxxxxxxxxxxxxxxxxx<xxx<xxxxxxxxxxxxxx<x<xx<x<x<xxxxxx<xx<xxx<x<x<x<xxxx<xxxxx<x<xx<xxxxxxxxxxxxxxxxx<xxxxx<x<xx<xxxxxxxxxxxxxxx<xxxxxxx<x<x<xx<xxxxxx<xx<xxx<x<x<x<xxxx<xxxxx<x<xx<xxxxxxxxxxxxxxxxxxxxxx<x<xxxx<xxx<xxxxxxxxxxxxxx<xx<x<x<x<xx<xxxxxx<xx<xxx<x<x<x<xxxx<xxxxx<x<xx<xxxxxxxxxxxxxxxxxxx<xx<x<xxxxxx<x<xxxxxxxxxxxxxxxxxx<x<x<x<x<xx<xxxxxx<xx<xxx<x<x<x<xxxx<xxxxx<x<xx<xxxxxxxxxxxxxxxxxxx<xx<x<xx<xxxxxxxxxxxxxxxxxxxx<xxx<x<xx<x<x<xxxxxx<xx<xxx<x<x<x<xxxx<xxxxx<x<xx<xxxxxxxxxxxxxxxxxxx<xx<x<xx<x<x<xxxxxxxxxxxxxxxxxx<xxx<x<x<xx<xxxxxx<xx<xxx<x<x<x<xxxx<xxxxx<x<xx<xxxxxxxxxxxxxxxxxxx<xx<x<xx<xxxxx<xxxxxxxxxxxxxxxxxxx<x<xxx<x<x<xxxxxxxx<xxx<x<x<x<xxxxxxxxx<xxx<xx<xxx<xx<xxx<xxx<x<x<x<xxxxxxxxx<xxx<xx<xxxx<xxxx<xxxx<xx<xx<xxxx<xxx<xx<xx<x<x<x<xxx<xxxx<xxx<x<x<xxxxxxxxx<xxx<xx<xxx<xx<xxx<xxx<x<x<xxxxxxxxx<xxx<xx<xxxx<xxxx<xxxx<xx<xx<xxxx<xxx<xx<xx<x<x<x<xxx<xxxx<xxx<x<x<xxxxxxxxx<xxx<xx<xxx<xx<xxxx<xxx<x<x<x<xxxxxxxxx<xxx<xx<xxxx<xxxx<xxxx<xx<xx<xxxxx<xxx<xx<xx<x<x<x<xxx<xxxx<xxx<x<x<x<xxxxxxxxx<xxx<xx<xxx<xx<xxxx<xxx<x<x<xxxxxxxxx<xxx<xx<xxxx<xxxx<xxxx<xx<xx<xxxxx<xxx<xx<xx<x<x<x<xxx<xxxx<xxx<x<x<xxxxxxxxx<xxx<xx<xxx<xx<xxxx<xxx<x<x<xxxxxxxxx<xxx<xx<xxxx<xxxx<xxxx<xx<xx<xxxxx<xxx<xx<xx<x<x<x<xxx<xxxx<xxx<x<xxxxx<xxxxxxxxx<xxx<xx<xxx<xx<xxxx<xxx<x<xx<xxxxxxxxx<xxx<xx<xxxx<xxxx<xxxx<xx<xx<xxxxx<xxx<xx<xx<x<x<x<xxx<xxxx<xxx<x<xxx<xxxxxxxxx<xxx<xx<xxx<xx<xxxx<xxx<x<xxxx<xxxxxxxxx<xxx<xx<xxxx<xxxx<xxxx<xx<xx<xxxxx<xxx<xx<xx<x<x<x<xxx<xxxx<xxx<x<xxx<xxxxxxxxx<xxx<xx<xxx<xx<xxxx<xxx<x<xxx<xxxxxxxxx<xxx<xx<xxxx<xxxx<xxxx<xx<xx<xxxxx<xxx<xx<xx<x<x<x<xxx<xxxx<xx<xxx<x<x<x<xxxx<xxxxx<x<xx<xxxxxxxxxxxxxx<xxx<x<xxx<x<xxxxxxxxxxxxxxxxxxxx<xxxxxxx<x<x<xx<xxxxxx<xx<xxx<x<x<x<xxxx<xxxxx<x<xx<xxxxxxxxxxxxx<xxxx<xxxxxxx<xxxxxxxxxxxxxxxxxxx<xxx<x<x<x<xxxxxxxxx<xxx<xx<xxx<xx<xxxx<xxx<x<xx<xxxxxxxxx<xxx<xx<xxxx<xxxx<xxxx<xx<xx<xxxxx<xxx<xx<xx<x<x<x<xxx<xxxx<xxx<x<x<xx<xxxxxxxxx<xxx<xx<xxx<xx<xxx<xxx<x<x<xx<xxxxxxxxx<xxx<xx<xxxx<xxxx<xxxx<xx<xx<xxxx<xxx<xx<xx<xx<xxx<x<x<x<xxxx<xxxxx<x<xx<xxxxxxxxxxxxxxxxx<xxxxx<x<xx<xxxxxxxxxxxxxxxxxxxx<xxxxxxx<x<x<xx<xxxxxx<xx<xxx<x<x<x<xxxx<xxxxx<x<xx<xxxxxxxxxxxxxxxxxxx<xx<x<xxx<x<xxxxxxxxxxxxxxxxxx<x<x<x<x<xx<xxxxxx<xx<xxx<x<x<x<xxxx<xxxxx<x<xx<xxxxxxxxxxxxxxxxxxx<xx<x<xx<x<xx<xxxxxxxxxxxxxxxxx<xxx<x<xx<x<x<xxxxxx<xx<xxx<x<x<x<xxxx<xxxxx<x<xx<xxxxxxxxxxxxxxxxxxx<xx<x<xxxxxxxxxxxxxxxxxxxxxxxx<xxx<x<x<xx<xxxxxx<xx<xxx<x<x<x<xxxx<xxxxx<x<xx<xxxxxxxxxxxxxxxxxxx<xx<x<xxx<xx<xxxxxxxxxxxxxxxxxx<x<xxx<x<x<xxxxxxxx<xx<xxx<x<x<x<xxxx<xxxxx<x<xx<xxxxxxxxxxxxxxxxxxxxxx<x<xxxx<xxxxxxxxxxxxxxx<xx<x<x<x<xx<xxxxxx<xx<xxx<x<x<x<xxxx<xxxxx<x<xx<xxxxxxxxxxxxxx<xxx<x<xxx<x<xx<xxxxxxxxxxxxxxx<xxxxxxx<x<x<xx<xxxxxx<xxx<x<x<x<x<x<xxxxxxxxx<xxx<xx<xxx<xx<xxxx<xxx<x<x<x<x<xxxxxxxxx<xxx<xx<xxxx<xxxx<xxxx<xx<xx<xxxxx<xxx<xx<xx<x<x<x<xxx<xxxx<xxx<x<x<x<xxxxxxxxx<xxx<xx<xxx<xx<xxxx<xxx<x<x<x<x<xxxxxxxxx<xxx<xx<xxxx<xxxx<xxxx<xx<xx<xxxxx<xxx<xx<xx<x<x<x<xxx<xxxx<xxx<x<xx<xxxxxxxxx<xxx<xx<xxx<xx<xxxx<xxx<x<xx<xxxxxxxxx<xxx<xx<xxxx<xxxx<xxxx<xx<xx<xxxxx<xxx<xx<xx<x<x<x<xxx<xxxx<xxx<x<x<x<x<xxxxxxxxx<xxx<xx<xxx<xx<xxxx<xxx<x<x<x<x<xxxxxxxxx<xxx<xx<xxxx<xxxx<xxxx<xx<xx<xxxxx<xxx<xx<xx<x<x<x<xxx<xxxx<xxx<x<x<x<xxxxxxxxx<xxx<xx<xxx<xx<xxxx<xxx<x<x<x<xxxxxxxxx<xxx<xx<xxxx<xxxx<xxxx<xx<xx<xxxxx<xxx<xx<xx<x<x<x<xxx<xxxx<xxx<x<x<x<xx<xxxxxxxxx<xxx<xx<xxx<xx<xxxx<xxx<x<x<x<xxx<xxxxxxxxx<xxx<xx<xxxx<xxxx<xxxx<xx<xx<xxxxx<xxx<xx<xx<x<xx<xxx<xxxx<xxx<x<x<x<xxxxxxxxx<xxx<xx<xxx<xx<xxxx<xxx<x<x<x<xxxxxxxxx<xxx<xx<xxxx<xxxx<xxxx<xx<xx<xxxxx<xxx<xx<xx<x<x<x<xxx<xxxx<xx<xxx<x<x<x<xxxx<xxxxx<x<xx<xxxxxxxxxxxxxxxx<xxxxx<xxxxxxxxxxxxxxxxx<xxxx<xxx<x<xx<xxxxxxxxx<xxx<xx<xxx<xx<xxx<xxx<x<xxx<xxxxxxxxx<xxx<xx<xxxx<xxxx<xxxx<xx<xx<xxxx<xxx<xx<xx<x<x<x<xxx<xxxx<xx<xxx<x<x<x<xxxx<xxxxx<x<xx<xxxxxxxxxxxxxxxx<xxxxx<xxxxxxxxxxxxxxxxx<xxxx<xxx<x<x<x<xxxxxxxxx<xxx<xx<xxx<xx<xxx<xxx<x<x<x<xxxxxxxxx<xxx<xx<xxxx<xxxx<xxxx<xx<xx<xxxx<xxx<xx<xx<x<x<x<xxx<xxxx<xx<xxx<x<x<x<xxxx<xxxxx<x<xx<xxxxxxxxxxxxxxxxxxxxxxxxxxxxxxxxxx<xxx<x<x<xx<xxxxxxxxx<xxx<xx<xxx<xx<xxx<xxx<x<x<xx<xxxxxxxxx<xxx<xx<xxxx<xxxx<xxxx<xx<xx<xxxx<xxx<xx<xx<x<x<x<xxx<xxxx<xx<xxx<x<x<x<xxxx<xxxxx<x<xx<xxxxxxxxxxxxxxxx<xxxxx<xxxxxxxxxxxxxxxxx<xxxx<xxx<x<xx<xxxxxxxxx<xxx<xx<xxx<xx<xxx<xxx<x<x<xxxxxxxxx<xxx<xx<xxxx<xxxx<xxxx<xx<xx<xxxx<xxx<xx<xx<x<x<x<xxx<xxxx<xx<xxx<x<x<x<xxxx<xxxxx<x<xx<xxxxxxxxxxxxxxxxxxxxxxxxxxxxxxxxxx<xxx<x<xx<xxxxxxxxx<xxx<xx<xxx<xx<xxx<xxx<x<x<xxxxxxxxx<xxx<xx<xxxx<xxxx<xxxx<xx<xx<xxxx<xxx<xx<xx<x<x<x<xxx<xxxx<xx<xxx<x<x<x<xxxx<xxxxx<x<xx<xxxxxxxxxxxxxx<xxx<xxxxxxxxxxxxxxxxxx<xx<xxxxxxxxx<x<x<xxx<x<x<xx<xxxx<xx<xx<xxx<x<x<x<xxxx<xxxxx<x<xx<xxxxxxxxxxxxx<xxx<x<xxx<xxxxxxxxxxxxxxx<xxxxx<xxxxx<x<x<xxx<x<x<xx<xxxx<xx<xxx<x<xx<x<xxxxxxxxx<xxx<xx<xxx<xx<xxx<xxx<x<xx<x<xxxxxxxxx<xxx<xx<xxxx<xxxx<xxxx<xx<xx<xxxx<xxx<xx<xx<x<x<x<xxx<xxxx<xxx<x<x<xxxxxxxxx<xxx<xx<xxx<xx<xxx<xxx<x<x<xxxxxxxxx<xxx<xx<xxxx<xxxx<xxxx<xx<xx<xxxx<xxx<xx<xx<x<x<x<xxx<xxxx<xx<xxx<x<x<x<xxxx<xxxxx<x<xx<xxxxxxxxxxxxxx<xxx<xxxxxx<xxxxxxxxxx<xxx<xxx<xxx<x<x<xxx<x<x<xx<xxxx<xx<xx<xxx<x<x<x<xxxx<xxxxx<x<xx<xxxxxxxxxxxxxx<xxx<xxxx<xxxxxxxxxxx<x<xxx<xxxxxxxxx<x<x<xxx<x<x<xx<xxxx<xx<xxx<x<x<xxxxxxxxx<xxx<xx<xxx<xx<xxx<xxx<x<x<xxxxxxxxx<xxx<xx<xxxx<xxxx<xxxx<xx<xx<xxxx<xxx<xx<xx<x<x<x<xxx<xxxx<xxx<x<xx<x<xxxxxxxxx<xxx<xx<xxx<xx<xxx<xxx<x<xx<xxxxxxxxx<xxx<xx<xxxx<xxxx<xxxx<xx<xx<xxxx<xxx<xx<xx<x<x<x<xxx<xxxx<xx<xxx<x<x<x<xxxx<xxxxx<x<xx<xxxxxxxxxxxxxxxxxxxxxxxxxxxxxxxxxx<xxx<x<xx<xxxxxxxxx<xxx<xx<xxx<xx<xxx<xxx<x<x<xxxxxxxxx<xxx<xx<xxxx<xxxx<xxxx<xx<xx<xxxx<xxx<xx<xx<x<x<x<xxx<xxxx<xx<xxx<x<x<x<xxxx<xxxxx<x<xx<xxxxxxxxxxxxxx<xxx<xxxxxxxxxxxxxxxx<xx<xxxxxxxxx<x<x<xxx<x<x<xx<xxxx<xx<xx<xxx<x<x<x<xxxx<xxxxx<x<xx<xxxxxxxxxxxxxx<xxx<x<xx<x<xxxxxxxxxxxxxxx<xxxxx<xxxxx<x<x<xxx<x<x<xx<xxxx<xx<xxx<x<x<x<xxxxxxxxx<xxx<xx<xxx<xx<xxx<xxx<x<x<x<xxxxxxxxx<xxx<xx<xxxx<xxxx<xxxx<xx<xx<xxxx<xxx<xx<xx<x<x<x<xxx<xxxx<xxx<x<xx<xxxxxxxxx<xxx<xx<xxx<xx<xxx<xxx<x<xxx<xxxxxxxxx<xxx<xx<xxxx<xxxx<xxxx<xx<xx<xxxx<xxx<xx<xx<x<x<x<xxx<xxxx<xx<xxx<x<x<x<xxxx<xxxxx<x<xx<xxxxxxxxxxxxxxxxxxxxxxxxxxxxxxxxxx<xx<xxx<x<x<x<xxxx<xxxxx<x<xx<xxxxxxxxxxxxxx<xxx<xxxxxxxxxxxxxxxxxxx<xxx<xxx<xxx<x<x<xxx<x<x<xx<xxxx<xx<xx<xxx<x<x<x<xxxx<xxxxx<x<xx<xxxxxxxxxxxxxx<xxx<xxx<xxx<xxxxxxxxxxxx<x<xxx<xxxxxxxxx<x<x<xxx<x<x<xx<xxxx<xx<xxx<x<x<x<xxxxxxxxx<xxx<xx<xxx<xx<xxx<xxx<x<x<x<xxxxxxxxx<xxx<xx<xxxx<xxxx<x<xxxxxxxxx<xxx<xx<xxx<xx<xxx<xxx<x<xx<xxxxxxxxx<xxx<xx<xxxx<xxxx<xxxx<xx<xx<xxxx<xxx<xx<xx<x<x<x<xxx<xxxx<xxx<x<xx<xxxxxxxxx<xxx<xx<xxx<xx<xxx<xxx<x<xx<xxxxxxxxx<xxx<xx<xxxx<xxxx<xxxx<xx<xx<xxxx<xxx<xx<xx<x<x<x<xxx<xxxx<xx<xxx<x<x<x<xxxx<xxxxx<x<xx<xxxxxxxxxxxxxxxxxxxxxxxxxxxxxxxxxx<xxx<x<x<x<xxxxxxxxx<xxx<xx<xxx<xx<xxx<xxx<x<x<xx<xxxxxxxxx<xxx<xx<xxxx<xxxx<xxxx<xx<xx<xxxx<xxx<xx<xx<x<x<x<xxx<xxxx<xx<xxx<x<x<x<xxxx<xxxxx<x<xx<xxxxxxxxxxxxxxxxxxxxxxxxxxxxxxxxxx<xxx<x<xx<xxxxxxxxx<xxx<xx<xxx<xx<xxx<xxx<x<x<xxxxxxxxx<xxx<xx<xxxx<xxxx<xxxx<xx<xx<xxxx<xxx<xx<xx<x<x<x<xxx<xxxx<xx<xxx<x<x<x<xxxx<xxxxx<x<xx<xxxxxxxxxxxxxx<xxx<xxxx<xxxxxxxxxxx<xx<xxxxxxxxx<x<x<xxx<x<x<xx<xxxx<xx<xx<xxx<x<x<x<xxxx<xxxxx<x<xx<xxxxxxxxxxxxxx<xxx<x<xxx<xxxxxxxxxxxx<xxxxx<xxxxx<x<x<xxx<x<x<xx<xxxx<xx<xxx<x<xx<x<x<xxxxxxxxx<xxx<xx<xxx<xx<xxx<xxx<x<xx<x<xxxxxxxxx<xxx<xx<xxxx<xxxx<xxxx<xx<xx<xxxx<xxx<xx<xx<x<x<x<xxx<xxxx<xxx<x<xxx<x<xxxxxxxxx<xxx<xx<xxx<xx<xxx<xxx<x<xxxx<xxxxxxxxx<xxx<xx<xxxx<xxxx<xxxx<xx<xx<xxxx<xxx<xx<xx<x<x<x<xxx<xxxx<xx<xxx<x<x<x<xxxx<xxxxx<x<xx<xxxxxxxxxxxxxx<xxx<xxx<xxxxxxxxxxxxx<xxx<xxx<xxx<x<x<xxx<x<x<xx<xxxx<xx<xx<xxx<x<x<x<xxxx<xxxxx<x<xx<xxxxxxxxxxxxxx<xxx<xxxx<xxxxxxxxxxxxxxx<x<xxx<xxxxxxxxx<x<x<xxx<x<x<xx<xxxx<xx<xxx<x<x<x<x<xx<xxxxxxxxx<xxx<xx<xxx<xx<xxx<xxx<x<x<x<x<xxxxxxxxx<xxx<xx<xxxx<xxxx<xxxx<xx<xx<xxxx<xxx<xx<xx<x<x<x<xxx<xxxx<xxx<x<x<xx<xxxxxxxxx<xxx<xx<xxx<xx<xxx<xxx<x<x<x<x<xxxxxxxxx<xxx<xx<xxxx<xxxx<xxxx<xx<xx<xxxx<xxx<xx<xx<x<x<x<xxx<xxxx<xx<xxx<x<x<x<xxxx<xxxxx<x<xx<xxxxxxxxxxxxxxxxxxxxxxxxxxxxxxxxxx<xxx<x<xx<x<xxxxxxxxx<xxx<xx<xxx<xx<xxx<xxx<x<xx<xxxxxxxxx<xxx<xx<xxxx<xxxx<xxxx<xx<xx<xxxx<xxx<xx<xx<x<x<x<xxx<xxxx<xx<xxx<x<x<x<xxxx<xxxxx<x<xx<xxxxxxxxxxxxxx<xxx<xx<x<xxxxxxxxxxxx<xx<xxxxxxxxx<x<x<xxx<x<x<xx<xxxx<xx<xx<xxx<x<x<x<xxxx<xxxxx<x<xx<xxxxxxxxxxxxxx<xxx<xx<xxx<xxxxxxxxxxxx<xxxxx<xxxxx<x<x<xxx<x<x<xx<xxxx<xx<xxx<x<xx<xxxxxxxxx<xxx<xx<xxx<xx<xxx<xxx<x<xx<xxxxxxxxx<xxx<xx<xxxx<xxxx<xxxx<xx<xx<xxxx<xxx<xx<xx<x<x<x<xxx<xxxx<xxx<x<x<x<x<xxxxxxxxx<xxx<xx<xxx<xx<xxx<xxx<x<x<x<x<xxxxxxxxx<xxx<xx<xxxx<xxxx<xxxx<xx<xx<xxxx<xxx<xx<xx<x<x<x<xxx<xxxx<xx<xxx<x<x<x<xxxx<xxxxx<x<xx<xxxxxxxxxxxxxx<xxx<xx<x<xxx<xxxxxxxxxxxx<xxx<xxx<xxx<x<x<xxx<x<x<xx<xxxx<xx<xx<xxx<x<x<x<xxxx<xxxxx<x<xx<xxxxxxxxxxxxxx<xxx<xxxxxxxxxxxxxx<x<xxx<xxxxxxxxx<x<x<xxx<x<x<xx<xxxx<xx<xxx<x<x<x<x<xxxxxxxxx<xxx<xx<xxx<xx<xxx<xxx<x<x<x<xxxxxxxxx<xxx<xx<xxxx<xxxx<xxxx<xx<xx<xxxx<xxx<xx<xx<x<x<x<xxx<xxxx<xxx<x<x<x<xxxxxxxxx<xxx<xx<xxx<xx<xxx<xxx<x<x<xx<xxxxxxxxx<xxx<xx<xxxx<xxxx<xxxx<xx<xx<xxxx<xxx<xx<xx<x<x<x<xxx<xxxx<xx<xxx<x<x<x<xxxx<xxxxx<x<xx<xxxxxxxxxxxxx<xxxx<xxxxxxx<xxxxxxxxxxxxxxxxxxx<xxx<x<x<x<xxxxxxxxx<xxx<xx<xxx<xx<xxx<xxx<x<x<x<x<xxxxxxxxx<xxx<xx<xxxx<xxxx<xxxx<xx<xx<xxxx<xxx<xx<xx<x<x<x<xxx<xxxx<xx<xxx<x<x<x<xxxx<xxxxx<x<xx<xxxxxxxxxxxxxxxxxxxxxxxxxxxxxxxxxx<xxx<x<x<xx<x<x<xxxxxxxxx<xxx<xx<xxx<xx<xxx<xxx<x<x<xx<x<x<xxxxxxxxx<xxx<xx<xxxx<xxxx<xxxx<xx<xx<xxxx<xxx<xx<xx<x<x<x<xxx<xxxx<xx<xxx<x<x<x<xxxx<xxxxx<x<xx<xxxxxxxxxxxxxx<xxx<xxx<xxxxxxxxxxxxx<xx<xxxxxxxxx<x<x<xxx<x<x<xx<xxxx<xx<xx<xxx<x<x<x<xxxx<xxxxx<x<xx<xxxxxxxxxxxxxx<xxx<xxxxxxxxxxxxxxxxxx<xxxxx<xxxxx<x<x<xxx<x<x<xx<xxxx<xx<xxx<x<x<xxxxxxxxx<xxx<xx<xxx<xx<xxx<xxx<x<x<xxxxxxxxx<xxx<xx<xxxx<xxxx<xxxx<xx<xx<xxxx<xxx<xx<xx<x<x<x<xxx<xxxx<xxx<x<xx<xxxxxxxxx<xxx<xx<xxx<xx<xxx<xxx<x<xxx<xxxxxxxxx<xxx<xx<xxxx<xxxx<xxxx<xx<xx<xxxx<xxx<xx<xx<x<x<x<xxx<xxxx<xx<xxx<x<x<x<xxxx<xxxxx<x<xx<xxxxxxxxxxxxxx<xxx<x<x<xxxxxxxxxxxxx<xxx<xxx<xxx<x<x<xxx<x<x<xx<xxxx<xx<xx<xxx<x<x<x<xxxx<xxxxx<x<xx<xxxxxxxxxxxxxx<xxx<xxxxxxxxxxxxxx<x<xxx<xxxxxxxxx<x<x<xxx<x<x<xx<xxxx<xx<xxx<x<xx<xxxxxxxxx<xxx<xx<xxx<xx<xxx<xxx<x<x<xxxxxxxxx<xxx<xx<xxxx<xxxx<xxxx<xx<xx<xxxx<xxx<xx<xx<x<x<x<xxx<xxxx<xxx<x<xx<xxxxxxxxx<xxx<xx<xxx<xx<xxx<xxx<x<x<xxxxxxxxx<xxx<xx<xxxx<xxxx<xxxx<xx<xx<xxxx<xxx<xx<xx<x<x<x<xxx<xxxx<xx<xxx<x<x<x<xxxx<xxxxx<x<xx<xxxxxxxxxxxxxxxxxxxxxxxxxxxxxxxxxx<xxx<x<xxxx<x<xxxxxxxxx<xxx<xx<xxx<xx<xxx<xxx<x<xxxx<xxxxxxxxx<xxx<xx<xxxx<xxxx<xxxx<xx<xx<xxxx<xxx<xx<xx<x<x<x<xxx<xxxx<xx<xxx<x<x<x<xxxx<xxxxx<x<xx<xxxxxxxxxxxxxxxxxxxxxxxxxxxxxxxxxx<xx<xxx<x<x<x<xxxx<xxxxx<x<xx<xxxxxxxxxxxxxx<xxx<x<x<xxxxxxxxxxxxxxxxxxxxx<x<xxxxxxxxxxxxx<xx<xx<x<xx<xxx<x<x<xxxxxxxxx<xxx<xx<xxx<xx<xxx<xxx<x<xx<xxxxxxxxx<xxx<xx<xxxx<xxxx<xxxx<xx<xx<xxxx<xxx<xx<xx<x<x<x<xxx<xxxx<xxx<x<xx<xxxxxxxxx<xxx<xx<xxx<xx<xxx<xxx<x<xxx<x<xxxxxxxxx<xxx<xx<xxxx<xxxx<xxxx<xx<xx<xxxx<xxx<xx<xx<x<x<x<xxx<xxxx<xx<xxx<x<x<x<xxxx<xxxxx<x<xx<xxxxxxxxxxxxxx<xxx<x<x<x<x<xxxxxxxxxxxxxx<x<xxx<x<xxxxxxxxxxxx<xx<xx<x<xx<xx<xxx<x<x<x<xxxx<xxxxx<x<xx<xxxxxxxxxxxxxx<xxx<x<x<xxxxxxxxxxxxxxxxxxx<x<xx<xxxxxxxxxx<xx<xx<x<xx<xxx<x<x<x<xxxxxxxxx<xxx<xx<xxx<xx<xxx<xxx<x<x<xxxxxxxxx<xxx<xx<xxxx<xxxx<xxxx<xx<xx<xxxx<xxx<xx<xx<x<x<x<xxx<xxxx<xxx<x<xx<xxxxxxxxx<xxx<xx<xxx<xx<xxx<xxx<x<xx<xxxxxxxxx<xxx<xx<xxxx<xxxx<xxxx<xx<xx<xxxx<xxx<xx<xx<x<x<x<xxx<xxxx<xx<xxx<x<x<x<xxxx<xxxxx<x<xx<xxxxxxxxxxxxxx<xxx<x<xxxxxxxxxxxxxxxxxx<xx<xxxxxxxxx<x<x<xxx<x<x<xx<xxxx<xx<xx<xxx<x<x<x<xxxx<xxxxx<x<xx<xxxxxxxxxxxxxx<xxx<xxxxxxxxxxxxxx<xxxxx<xxxxx<x<x<xxx<x<x<xx<xxxx<xx<xxx<x<x<xxxxxxxxx<xxx<xx<xxx<xx<xxx<xxx<x<x<xxxxxxxxx<xxx<xx<xxxx<xxxx<xxxx<xx<xx<xxxx<xxx<xx<xx<x<x<x<xxx<xxxx<xxx<x<xx<xxxxxxxxx<xxx<xx<xxx<xx<xxx<xxx<x<xx<x<xxxxxxxxx<xxx<xx<xxxx<xxxx<xxxx<xx<xx<xxxx<xxx<xx<xx<x<x<x<xxx<xxxx<xx<xxx<x<x<x<xxxx<xxxxx<x<xx<xxxxxxxxxxxxxx<xxx<xxxxxxxxxxxxxxxx<xxx<xxx<xxx<x<x<xxx<x<x<xx<xxxx<xx<xx<xxx<x<x<x<xxxx<xxxxx<x<xx<xxxxxxxxxxxxxx<xxx<x<xxxxxxxxxxxxxxx<x<xxx<xxxxxxxxx<x<x<xxx<x<x<xx<xxxx<xx<xxx<x<x<x<xxxxxxxxx<xxx<xx<xxx<xx<xxx<xxx<x<x<xxxxxxxxx<xxx<xx<xxxx<xxxx<xxxx<xx<xx<xxxx<xxx<xx<xx<x<x<x<xxx<xxxx<xxx<x<x<xx<xxxxxxxxx<xxx<xx<xxx<xx<xxx<xxx<x<x<xxx<xxxxxxxxx<xxx<xx<xxxx<xxxx<xxxx<xx<xx<xxxx<xxx<xx<xx<x<x<x<xxx<xxxx<xx<xxx<x<x<x<xxxx<xxxxx<x<xx<xxxxxxxxxxxxxxxxxxxxxxxxxxxxxxxxxx<xxx<x<xx<xxxxxxxxx<xxx<xx<xxx<xx<xxx<xxx<x<xx<x<xxxxxxxxx<xxx<xx<xxxx<xxxx<xxxx<xx<xx<xxxx<xxx<xx<xx<x<x<x<xxx<xxxx<xx<xxx<x<x<x<xxxx<xxxxx<x<xx<xxxxxxxxxxxxxx<xxx<xxx<xxxxxxxxxxxxxxxx<xx<xxxxxxxxx<x<x<xxx<x<x<xx<xxxx<xx<xx<xxx<x<x<x<xxxx<xxxxx<x<xx<xxxxxxxxxxxxxx<xxx<x<xxxxxxxxxxxxxxx<xxxxx<xxxxx<x<x<xxx<x<x<xx<xxxx<xx<xxx<x<xx<x<xxxxxxxxx<xxx<xx<xxx<xx<xxx<xxx<x<xx<xxxxxxxxx<xxx<xx<xxxx<xxxx<xxxx<xx<xx<xxxx<xxx<xx<xx<x<x<x<xxx<xxxx<xxx<x<xxx<xxxxxxxxx<xxx<xx<xxx<xx<xxx<xxx<x<xxx<xxxxxxxxx<xxx<xx<xxxxx<xxx<xxxx<xx<xxx<x<x<x<xxxx<xxxxx<x<xx<xxxxxxxxxxxxxx<xxx<x<xxx<xxxxxxxxxxxxxx<xxx<xxx<xxx<x<x<xxx<x<x<xx<xxxx<xx<xx<xxx<x<x<x<xxxx<xxxxx<x<xx<xxxxxxxxxxxxxx<xxx<xxxxxxxxxxx<x<xxx<xxxxxxxxx<x<x<xxx<x<x<xx<xxxx<xx<xxx<x<x<xx<xxxxxxxxx<xxx<xx<xxx<xx<xxx<xxx<x<x<xxx<xxxxxxxxx<xxx<xx<xxxx<xxxx<xxxx<xx<xx<xxxx<xxx<xx<xx<x<x<x<xxx<xxxx<xxx<x<x<x<xxxxxxxxx<xxx<xx<xxx<xx<xxx<xxx<x<x<x<xxxxxxxxx<xxx<xx<xxxx<xxxx<xxxx<xx<xx<xxxx<xxx<xx<xx<x<x<x<xxx<xxxx<xx<xxx<x<x<x<xxxx<xxxxx<x<xx<xxxxxxxxxxxxxxxxxxxxxxxxxxxxxxxxxx<xxx<x<x<xx<xxxxxxxxx<xxx<xx<xxx<xx<xxx<xxx<x<x<xx<xxxxxxxxx<xxx<xx<xxxx<xxxx<xxxx<xx<xx<xxxx<xxx<xx<xx<x<x<x<xxx<xxxx<xx<xxx<x<x<x<xxxx<xxxxx<x<xx<xxxxxxxxxxxxxxxxxxxxxxxxxxxxxxxxxx<xxx<x<x<x<x<xxxxxxxxx<xxx<xx<xxx<xx<xxx<xxx<x<x<x<xxxxxxxxx<xxx<xx<xxxx<xxxx<xxxx<xx<xx<xxxx<xxx<xx<xx<x<x<x<xxx<xxxx<xx<xxx<x<x<x<xxxx<xxxxx<x<xx<xxxxxxxxxxxxxx<xxx<xxx<xxxxxxxxxxxxx<xx<xxxxxxxxx<x<x<xxx<x<x<xx<xxxx<xx<xx<xxx<x<x<x<xxxx<xxxxx<x<xx<xxxxxxxxxxxxxx<xxx<x<x<x<xxxxxxxxxxxxx<xxxxx<xxxxx<x<x<xxx<x<x<xx<xxxx<xx<xxx<x<x<xx<x<xxxxxxxxx<xxx<xx<xxx<xx<xxx<xxx<x<x<xx<xxxxxxxxx<xxx<xx<xxxx<xxxx<xxxx<xx<xx<xxxx<xxx<xx<xx<x<x<x<xxx<xxxx<xxx<x<x<x<xx<xxxxxxxxx<xxx<xx<xxx<xx<xxx<xxx<x<x<x<xxx<xxxxxxxxx<xxx<xx<xxxx<xxxx<xxxx<xx<xx<xxxx<xxx<xx<xx<x<x<x<xxx<xxxx<xx<xxx<x<x<x<xxxx<xxxxx<x<xx<xxxxxxxxxxxxx<xxx<xxxxxxxxxxxxxxx<xx<xxx<x<x<x<xxxx<xxxxx<x<xx<xxxxxxxxxxxxxx<xxx<xx<xxxxxxxxxxxxxxx<xxx<xxx<xxx<x<x<xxx<x<x<xx<xxxx<xx<xx<xxx<x<x<x<xxxx<xxxxx<x<xx<xxxxxxxxxxxxxx<xxx<xxxxxxxxxxxxx<x<xxx<xxxxxxxxx<x<x<xxx<x<x<xx<xxxx<xx<xxx<x<x<x<xxxxxxxxx<xxx<xx<xxx<xx<xxx<xxx<x<x<xx<xxxxxxxxx<xxx<xx<xxxx<xxxx<xxxx<xx<xx<xxxx<xxx<xx<xx<x<x<x<xxx<xxxx<xxx<x<x<x<x<x<xxxxxxxxx<xxx<xx<xxx<xx<xxx<xxx<x<x<x<x<x<xxxxxxxxx<xxx<xx<xxxx<xxxx<xxxx<xx<xx<xxxx<xxx<xx<xx<x<x<x<xxx<xxxx<xxx<x<x<x<xxxxxxxxx<xxx<xx<xxx<xx<xxx<xxx<x<x<x<x<xxxxxxxxx<xxx<xx<xxxx<xxxx<xxxx<xx<xx<xxxx<xxx<xx<xx<x<x<x<xxx<xxxx<xx<xxx<x<x<x<xxxx<xxxxx<x<xx<xxxxxxxxxxxxxxxxxxxxxxxxxxxxxxxxxx<xxx<x<x<xx<xxxxxxxxx<xxx<xx<xxx<xx<xxx<xxx<x<x<xx<xxxxxxxxx<xxx<xx<xxxx<xxxx<xxxx<xx<xx<xxxx<xxx<xx<xx<x<x<x<xxx<xxxx<xx<xxx<x<x<x<xxxx<xxxxx<x<xx<xxxxxxxxxxxxxx<xxxx<xxx<xxxxxxxxxxxxxx<xx<xx<xxxxx<xxxx<xxxxxxxxx<xxx<x<x<x<x<xxxxxxxxx<xxx<xx<xxx<xx<xxx<xxx<x<x<x<x<xxxxxxxxx<xxx<xx<xxxx<xxxx<xxxx<xx<xx<xxxx<xxx<xx<xx<x<x<x<xxx<xxxx<xx<xxx<x<x<x<xxxx<xxxxx<x<xx<xxxxxxxxxxxxxxxxxxxxxxxxxxxxxxxxxx<xxx<x<x<x<x<xxxxxxxxx<xxx<xx<xxx<xx<xxx<xxx<x<x<x<x<xxxxxxxxx<xxx<xx<xxxx<xxxx<xxxx<xx<xx<xxxx<xxx<xx<xx<x<x<x<xxx<xxxx<xx<xxx<x<x<x<xxxx<xxxxx<x<xx<xxxxxxxxxxxxx<xxxx<xxxxxxx<xxxxxxxxxxxxxxxxxxx<xxx<x<x<x<xxxxxxxxx<xxx<xx<xxx<xx<xxx<xxx<x<x<x<xxxxxxxxx<xxx<xx<xxxx<xxxx<xxxx<xx<xx<xxxx<xxx<xx<xx<x<x<x<xxx<xxxx<xx<xxx<x<x<x<xxxx<xxxxx<x<xx<xxxxxxxxxxxxxx<xxx<xxxxx<xxx<xxxxxxxxxxx<xx<xxxxxxxxx<x<x<xxx<x<x<xx<xxxx<xx<xx<xxx<x<x<x<xxxx<xxxxx<x<xx<xxxxxxxxxxxxxx<xxx<xxxx<xxxxxxxxxxxxxxx<xxxxx<xxxxx<x<x<xxx<x<x<xx<xxxx<xx<xxx<x<x<x<x<xxxxxxxxx<xxx<xx<xxx<xx<xxx<xxx<x<x<x<xx<xxxxxxxxx<xxx<xx<xxxx<xxxx<xxxx<xx<xx<xxxx<xxx<xx<xx<x<x<x<xxx<xxxx<xxx<x<x<x<x<xxxxxxxxx<xxx<xx<xxx<xx<xxx<xxx<x<x<x<x<xxxxxxxxx<xxx<xx<xxxx<xxxx<xxxx<xx<xx<xxxx<xxx<xx<xx<x<x<x<xxx<xxxx<xx<xxx<x<x<x<xxxx<xxxxx<x<xx<xxxxxxxxxxxxxx<xxx<xxx<x<xxxxxxxxxxxxxxxx<xxx<xxx<xxx<x<x<xxx<x<x<xx<xxxx<xx<xx<xxx<x<x<x<xxxx<xxxxx<x<xx<xxxxxxxxxxxxxx<xxx<xxxxxxxxxxxxxx<x<xxx<xxxxxxxxx<x<x<xxx<x<x<xx<xxxx<xx<xxx<x<x<x<x<xxxxxxxxx<xxx<xx<xxx<xx<xxx<xxx<x<x<x<x<xxxxxxxxx<xxx<xx<xxxx<xxxx<xxxx<xx<xx<xxxx<xxx<xx<xx<x<x<x<xxx<xxxx<xxx<x<x<xx<x<xxxxxxxxx<xxx<xx<xxx<xx<xxx<xxx<x<x<xx<x<xxxxxxxxx<xxx<xx<xxxx<xxxx<xxxx<xx<xx<xxxx<xxx<xx<xx<x<x<x<xxx<xxxx<xx<xxx<x<x<x<xxxx<xxxxx<x<xx<xxxxxxxxxxxxxxxxxxxxxxxxxxxxxxxxxx<xxx<x<x<x<xxxxxxxxx<xxx<xx<xxx<xx<xxx<xxx<x<x<xxxxxxxxx<xxx<xx<xxxx<xxxx<xxxx<xx<xx<xxxx<xxx<xx<xx<x<x<x<xxx<xxxx<xx<xxx<x<x<x<xxxx<xxxxx<x<xx<xxxxxxxxxxxxxxxxxxxxxxxxxxxxxxxxxxxxxx<xxx<x<xx<xxxxxxxxx<xxx<xx<xxx<xx<xxx<xxx<x<x<xxxxxxxxx<xxx<xx<xxxx<xxxx<xxxx<xx<xx<xxxx<xxx<xx<xx<x<x<x<xxx<xxxx<xx<xxx<x<x<x<xxxx<xxxxx<x<xx<xxxxxxxxxxxxxx<xxx<xxxx<xx<x<xxxxxxxxxxx<xx<xxxxxxxxx<x<x<xxx<x<x<xx<xxxx<xx<xx<xxx<x<x<x<xxxx<xxxxx<x<xx<xxxxxxxxxxxxxx<xxx<x<x<x<xxxxxxxxxxxxxx<xxxxx<xxxxx<x<x<xxx<x<x<xx<xxxx<xx<xxx<x<xx<x<xxxxxxxxx<xxx<xx<xxx<xx<xxx<xxx<x<xx<xxxxxxxxx<xxx<xx<xxxx<xxxx<xxxx<xx<xx<xxxx<xxx<xx<xx<x<x<x<xxx<xxxx<xxx<x<xx<xxxxxxxxx<xxx<xx<xxx<xx<xxx<xxx<x<xx<xxxxxxxxx<xxx<xx<xxxx<xxxx<xxxx<xx<xx<xxxx<xxx<xx<xx<x<x<x<xxx<xxxx<xx<xxx<x<x<x<xxxx<xxxxx<x<xx<xxxxxxxxxxxxxx<xxx<xxxxx<xxxxxxxxxxxxx<xxx<xxx<xxx<x<x<xxx<x<x<xx<xxxx<xx<xx<xxx<x<x<x<xxxx<xxxxx<x<xx<xxxxxxxxxxxxxx<xxx<x<xx<xxxxxxxxxxx<x<xxx<xxxxxxxxx<x<x<xxx<x<x<xx<xxxx<xx<xxx<x<x<xx<x<xxxxxxxxx<xxx<xx<xxx<xx<xxx<xxx<x<x<xx<xxxxxxxxx<xxx<xx<xxxx<xxxx<xxxx<xx<xx<xxxx<xxx<xx<xx<x<x<x<xxx<xxxx<xxx<x<x<x<xx<xxxxxxxxx<xxx<xx<xxx<xx<xxx<xxx<x<x<x<xxx<xxxxxxxxx<xxx<xx<xxxx<xxxx<xxxx<xx<xx<xxxx<xxx<xx<xx<x<x<x<xxx<xxxx<xx<xxx<x<x<x<xxxx<xxxxx<x<xx<xxxxxxxxxxxxxxxxxxxxxxxxxxxxxxxxxx<xxx<x<x<x<xxxxxxxxx<xxx<xx<xxx<xx<xxx<xxx<x<x<x<xxxxxxxxx<xxx<xx<xxxx<xxxx<xxxx<xx<xx<xxxx<xxx<xx<xx<x<x<x<xxx<xxxx<xx<xxx<x<x<x<xxxx<xxxxx<x<xx<xxxxxxxxxxxxxxxxxxxxxxxxxxxxxxxxxxxx<xx<xxx<x<x<x<xxxx<xxxxx<x<xx<xxxxxxxxxxxxxx<xxx<x<xxxxxxxxxxxxxxxxx<xx<xxxxxxxxx<x<x<xxx<x<x<xx<xxxx<xx<xx<xxx<x<x<x<xxxx<xxxxx<x<xx<xxxxxxxxxxxxxx<xxx<x<x<x<xxxxxxxxxxxx<xxxxx<xxxxx<x<x<xxx<x<x<xx<xxxx<xx<xx<xxx<x<x<x<xxxx<xxxxx<x<xx<xxxxxxxxxxxxxxxxxxxxxxxxxxxxxxxxxx<xxx<x<xxx<xxxxxxxxx<xxx<xx<xxx<xx<xxx<xxx<x<xxxx<xxxxxxxxx<xxx<xx<xxxx<xxxx<xxxx<xx<xx<xxxx<xxx<xx<xx<x<x<x<xxx<xxxx<xxx<x<xx<xxxxxxxxx<xxx<xx<xxx<xx<xxx<xxx<x<xx<x<xxxxxxxxx<xxx<xx<xxxx<xxxx<xxxx<xx<xx<xxxx<xxx<xx<xx<x<x<x<xxx<xxxx<xxx<x<xxx<xxxxxxxxx<xxx<xx<xxx<xx<xxx<xxx<x<xxx<xxxxxxxxx<xxx<xx<xxxx<xxxx<xxxx<xx<xx<xxxx<xxx<xx<xx<x<x<x<xxx<xxxx<xxx<x<xx<xx<xxxxxxxxx<xxx<xx<xxx<xx<xxx<xxx<x<xx<x<x<xxxxxxxxx<xxx<xx<xxxx<xxxx<xxxx<xx<xx<xxxx<xxx<xx<xx<x<x<x<xxx<xxxx<xx<xxx<x<x<x<xxxx<xxxxx<x<xx<xxxxxxxxxxxxxx<xxx<xxxxxxxxxxxxxxxxxx<xxx<xxx<xxx<x<x<xxx<x<x<xx<xxxx<xx<xx<xxx<x<x<x<xxxx<xxxxx<x<xx<xxxxxxxxxxxxxx<xxx<x<x<xxxxxxxxxxx<x<xxx<xxxxxxxxx<x<x<xxx<x<x<xx<xxxx<xx<xxx<x<x<x<x<xxxxxxxxx<xxx<xx<xxx<xx<xxx<xxx<x<x<x<xxxxxxxxx<xxx<xx<xxxx<xxxx<xxxx<xx<xx<xxxx<xxx<xx<xx<x<x<x<xxx<xxxx<xxx<x<x<x<xxxxxxxxx<xxx<xx<xxx<xx<xxx<xxx<x<x<x<xxxxxxxxx<xxx<xx<xxxx<xxxx<xxxx<xx<xx<xxxx<xxx<xx<xx<x<x<x<xxx<xxxx<xxx<x<xxxxxx<xxx<xx<xx<xxx<x<x<x<xxxx<xxxxx<x<xx<xxxxxxxxxxxxxxxxxxxxxxxxxxxxxxxxxx<xxx<x<xx<xxxxxxxxx<xxx<xx<xxx<xx<xxx<xxx<x<xxxxxxx<xxx<xx<xxx<x<xxxxxxx<xxx<xx<xxx<x<xxxxxxx<xxx<xx<xxx<x<x<xx<xxxxxx<xxx<xx<xxx<x<x<xxxxxx<xxx<xx<xxx<x<xxxxxx<xxx<xx<xxx<x<x<xxxxxx<xxx<xx<xxx<x<xxxxxxx<xxx<xx<xxx<x<xxxxxxx<xxx<xx<xxx<x<x<xxxxxxx<xxx<xx<xxx<x<xxxxxxxx<xxx<xx<xxx<x<x<xxxxxx<xxx<xx<xxx<x<xxxxxxx<xxx<xx<xxx<x<xx<xxxxxx<xxx<xx<xxx<x<xxxxxx<xxx<xx<xxx<x<xxxxxxx<xxx<xx<xxx<x<x<x<x<x<xxxxxx<xxx<xx<xxx<x<x<x<xxxxxx<xxx<xx<xxx<x<x<xxxxxx<xxx<xx<xxx<x<xxxxxx<xxx<xx<xxx<x<xxxxxx<xxx<xx<xxx<x<x<xxxxxx<xxx<xx<xxx<x<xxxxxx<xxx<xx<xxx<x<xxxxxx<xxx<xx<xxx<x<xxxxxx<xxx<xx<xxx<x<xxxxxx<xxx<xx<xxx<x<x<xxxxxxx<xxx<xx<xxx<x<xxxxxxx<xxx<xx<xxx<x<xxxxxxx<xxx<xx<xxx<x<xx<xxxxxx<xxx<xx<xxx<x<xxxxxxxx<xxx<xx<xxx<x<xxxxxxx<xxx<xx<xxx<x<xxxxxxx<xxx<xx<xxx<x<xxxxxxx<xxx<xx<xxx<x<xxxxxxx<xxx<xx<xxx<x<xxxxxxxx<xxx<xx<xxx<x<xxxxxxx<xxx<xx<xxx<x<xxxxxxx<xxx<xx<xxx<x<xxxxxxx<xxx<xx<xxx<x<xxxxxxx<xxx<xx<xxx<x<xxxxxxx<xxx<xx<xxx<x<xx<xxxxxx<xxx<xx<xxx<x<xx<x<xxxxxx<xxx<xx<xxx<x<xx<x<xxxxxx<xxx<xx<xxx<x<xxxxxxx<xxx<xx<xxx<x<xx<xxxxxxx<xxx<xx<xxx<x<xx<x<xxxxxx<xxx<xx<xxx<x<xx<xxxxxxx<xxx<xx<xxx<x<xx<xxxxxx<xxx<xx<xxx<x<xxxxxxxx<xxx<xx<xxx<x<xxxxxxxx<xxx<xx<xxx<x<xx<xxxxxx<xxx<xx<xxx<x<xx<xxxxxx<xxx<xx<xxx<x<xxxxxxx<xxx<xx<xxx<x<xxxxxxx<xxx<xx<xxx<x<xx<xxxxxx<xxx<xx<xxx<x<xxxxxxxx<xxx<xx<xxx<x<xxxxxxxxx<xxx<xx<xxx<x<xxxxxxxx<xxx<xx<xxx<x<xxxxxx<xxx<xx<xxx<x<xxxxxx<xxx<xx<xxx<x<xxxxxx<xxx<xx<xxx<x<xxxxxx<xxx<xx<xx<xxx<x<x<x<xxxx<xxxxx<x<xx<xxxxxxxxxxxxxx<xxx<x<xxxxxxxxxxxxxxxx<xx<xxxxxxxxx<x<x<xxx<x<x<xx<xxxx<xx<xx<xxx<x<x<x<xxxx<xxxxx<x<xx<xxxxxxxxxxxxxx<xxx<x<xxx<xxxxxxxxxxxxxx<xxxxx<xxxxx<x<x<xxx<x<x<xx<xxxx<xx<xxx<x<xx<x<xxxxxxxxx<xxx<xx<xxx<xx<xxx<xxx<x<x<xxxxxxx<xxx<xx<xxx<x<x<x<xxxxxxxxx<xxx<xx<xxx<xx<xxx<xxx<x<x<xxxxxx<xxx<xx<xx<xxx<x<x<x<xxxx<xxxxx<x<xx<xxxxxxxxxxxxxx<xxx<x<x<x<xxxxxxxxxxxxxx<xxx<xx<xxx<x<x<xxx<x<x<xx<xxxx<xx<xx<xxx<x<x<x<xxxx<xxxxx<x<xx<xxxxxxxxxxxxxx<xxx<x<xxx<xx<xxxxxxxxxxxx<x<xxx<xxxxxxxxx<x<x<xxx<x<x<xx<xxxx<xx<xxx<x<xx<xxxxxxxxx<xxx<xx<xxx<xx<xxx<xxx<x<xxxxxxxx<xxx<xx<xxx<x<xx<xxxxxxxxx<xxx<xx<xxx<xx<xxx<xxx<x<xxxxxxx<xxx<xx<xx<xxx<x<x<x<xxxx<xxxxx<x<xx<xxxxxxxxxxxxxxxx<xxxxxxxxxxxxxxx<xxxxxx<xx<xxx<x<x<xxxxxxxx<xxx<xx<xxx<x<x<xx<xxxxxxxxx<xxx<xx<xxxxx<xx<xx<xxxxxx<xxxxxx<x<xxxxx<x<x<xxxx<xxx<x<x<xx<xxxxxxxxx<xxx<xx<xxx<xx<xxx<xxx<x<x<xxxxxxxxx<xxx<xx<xxx<xx<xxx<xx<xxx<x<x<x<xxxx<xxxxx<x<xx<xxxxxxxxxxxxxxxxxxxxxxxxxxxxxxxxxx<xxx<x<xx<xx<xxxxxxxxx<xxx<xx<xxx<xx<xxx<xxx<x<x<xxxxxx<xxx<xx<xx<xxx<x<x<x<xxxx<xxxxx<x<xx<xxxxxxxxxxxxxxxxxxxxxxxxxxxxxxxxxx<xx<xxx<x<x<x<xxxx<xxxxx<x<xx<xxxxxxxxxxxxx<xxxx<xxxxxxx<xxxxxxxxxxxxxxxxxxx<xxx<x<xxxx<xxxxxxxxx<xxx<xx<xxx<xx<xxx<xxx<x<x<x<xxxxxxxxx<xxx<xx<xxx<xx<xxx<xx<xxx<x<x<x<xxxx<xxxxx<x<xx<xxxxxxxxxxxxxx<xxx<xxx<xxxxxxxxxxxx<xx<xxxxxxxxx<x<x<xxx<x<x<xx<xxxx<xx<xx<xxx<x<x<x<xxxx<xxxxx<x<xx<xxxxxxxxxxxxxx<xxx<x<xx<xx<xxxxxxxxxxxxxxx<xxxxx<xxxxx<x<x<xxx<x<x<xx<xxxx<xx<xxx<x<xx<xxxxxxxxx<xxx<xx<xxx<xx<xxx<xxx<x<x<x<xxxxxxxxx<xxx<xx<xxx<xx<xxx<xx<xxx<x<x<x<xxxx<xxxxx<x<xx<xxxxxxxxxxxxxx<xxx<xx<xxxxxxxxxxxxxxx<xxx<xxx<xxx<x<x<xxx<x<x<xx<xxxx<xx<xx<xxx<x<x<x<xxxx<xxxxx<x<xx<xxxxxxxxxxxxxx<xxx<x<xx<xxx<x<xxxxxxxxxxx<x<xxx<xxxxxxxxx<x<x<xxx<x<x<xx<xxxx<xx<xxx<x<x<xxxxxxxxx<xxx<xx<xxx<xx<xxx<xxx<x<x<xx<xxxxxxxxx<xxx<xx<xxx<xx<xxx<xx<xxx<x<x<x<xxxx<xxxxx<x<xx<xxxxxxxxxxxxxxxxxxxxxxxxxxxxxxxxxx<xxx<x<xx<xxxxxxxxx<xxx<xx<xxx<xx<xxx<xx<xxx<x<x<x<xxxx<xxxxx<x<xx<xxxxxxxxxxxxxx<xxx<xxxxxxxxxxxxxx<xx<xxxxxxxxx<x<x<xxx<x<x<xx<xxxx<xx<xx<xxx<x<x<x<xxxx<xxxxx<x<xx<xxxxxxxxxxxxxx<xxx<xx<x<xxxxxxxxxxxx<xxxxx<xxxxx<x<x<xxx<x<x<xx<xxxx<xx<xxx<x<xx<xxxxxxxxx<xxx<xx<xxx<xx<xxx<xxx<x<xx<xx<xxxxxxxxx<xxx<xx<xxx<xx<xxx<xx<xxx<x<x<x<xxxx<xxxxx<x<xx<xxxxxxxxxxxxxxxxxxxxxxxxxxxxxxxxxx<xxx<x<xx<xxxxxxxxx<xxx<xx<xxx<xx<xxx<xx<xxx<x<x<x<xxxx<xxxxx<x<xx<xxxxxxxxxxxxxx<xxx<xxxxxxxxxxxxxxxx<xxx<xxx<xxx<x<x<xxx<x<x<xx<xxxx<xx<xx<xxx<x<x<x<xxxx<xxxxx<x<xx<xxxxxxxxxxxxxx<xxx<xxx<xxxxxxxxxxx<x<xxx<xxxxxxxxx<x<x<xxx<x<x<xx<xxxx<xx<xxx<x<x<x<x<x<xxxxxxxxx<xxx<xx<xxx<xx<xxx<xxx<x<x<x<xxxxxxxxx<xxx<xx<xxx<xx<xxx<xx<xxx<x<x<x<xxxx<xxxxx<x<xx<xxxxxxxxxxxxxxxxxxxxxxxxxxxxxxxxxx<xxx<x<x<xxxxxxxxx<xxx<xx<xxx<xx<xxx<xx<xxx<x<x<x<xxxx<xxxxx<x<xx<xxxxxxxxxxxxxx<xxx<x<xxx<xx<xxxxxxxxxxxx<xx<xxxxxxxxx<x<x<xxx<x<x<xx<xxxx<xx<xx<xxx<x<x<x<xxxx<xxxxx<x<xx<xxxxxxxxxxxxxx<xxx<x<xxxxxxxxxxxxx<xxxxx<xxxxx<x<x<xxx<x<x<xx<xxxx<xx<xxx<x<x<xxxxxxxxx<xxx<xx<xxx<xx<xxx<xxx<x<x<x<xxxxxxxxx<xxx<xx<xxx<xx<xxx<xx<xxx<x<x<x<xxxx<xxxxx<x<xx<xxxxxxxxxxxxxx<xxx<xxx<xxxxxxxxxxxxx<xxx<xxx<xxx<x<x<xxx<x<x<xx<xxxx<xx<xx<xxx<x<x<x<xxxx<xxxxx<x<xx<xxxxxxxxxxxxxx<xxxx<xxxxxxxxxxxx<x<xxx<xxxxxxxxx<x<x<xxx<x<x<xx<xxxx<xx<xxx<x<x<xxxxxxxxx<xxx<xx<xxx<xx<xxx<xxx<x<x<x<xxxxxxxxx<xxx<xx<xxx<xx<xxx<xx<xxx<x<x<x<xxxx<xxxxx<x<xx<xxxxxxxxxxxxxxxxxxxxxxxxxxxxxxxxxx<xxx<x<xx<xxxxxxxxx<xxx<xx<xxx<xx<xxx<xx<xxx<x<x<x<xxxx<xxxxx<x<xx<xxxxxxxxxxxxxxxxxxxxxxxxxxxxxxxxxx<xxx<x<xx<xx<xxxxxxxxx<xxx<xx<xxx<xx<xxx<xx<xxx<x<x<x<xxxx<xxxxx<x<xx<xxxxxxxxxxxxxx<xxx<xxxxxxxxxxxxxxxx<xx<xxxxxxxxx<x<x<xxx<x<x<xx<xxxx<xx<xx<xxx<x<x<x<xxxx<xxxxx<x<xx<xxxxxxxxxxxxxx<xxx<xx<xxxxxxxxxxxxx<xxxxx<xxxxx<x<x<xxx<x<x<xx<xxxx<xx<xxx<x<xxx<xxxxxxxxx<xxx<xx<xxx<xx<xxx<xxx<x<xxxx<xxxxxxxxx<xxx<xx<xxx<xx<xxx<xx<xxx<x<x<x<xxxx<xxxxx<x<xx<xxxxxxxxxxxxxx<xxx<xxxxxxxxxxxxxxxx<xxx<xxx<xxx<x<x<xxx<x<x<xx<xxxx<xx<xx<xxx<x<x<x<xxxx<xxxxx<x<xx<xxxxxxxxxxxxxx<xxx<x<xxxxxxxxxxxxx<x<xxx<xxxxxxxxx<x<x<xxx<x<x<xx<xxxx<xx<xxx<x<xx<x<xxxxxxxxx<xxx<xx<xxx<xx<xxx<xxx<x<xx<xxxxxxxxx<xxx<xx<xxx<xx<xxx<xx<xxx<x<x<x<xxxx<xxxxx<x<xx<xxxxxxxxxxxxxxxxxxxxxxxxxxxxxxxxxx<xxx<x<xx<x<x<xxxxxxxxx<xxx<xx<xxx<xx<xxx<xx<xxx<x<x<x<xxxx<xxxxx<x<xx<xxxxxxxxxxxxxxxxx<xx<x<xx<xxxxxxxxxxxxx<x<xx<x<x<xxxxxx<xx<xxx<x<x<x<xxxx<xxxxx<x<xx<xxxxxxxxxxxxxxxxx<xx<x<xxxxxxxxxxxxxxxx<x<x<xx<x<x<xxxxxx<xx<xxx<x<x<x<xxxx<xxxxx<x<xx<xxxxxxxxxxxxxxx<xxx<x<xx<xx<xxxxxxxxxxxxxxxx<xx<xxx<x<x<xx<xxxxxx<xx<xxx<x<x<x<xxxx<xxxxx<x<xx<xxxxxxxxxxxxxxxxxxx<xx<x<xxx<x<xxxxxxxxxxxxxxxxxxxx<xx<xx<x<x<xxxxxx<xx<xxx<x<x<x<xxxx<xxxxx<x<xx<xxxxxxxxxxxxxxxxxxx<xx<x<xx<x<xxxxxxxxxxxxxxxxxxxxxxx<xx<x<x<xx<xxxxxx<xx<xxx<x<x<x<xxxx<xxxxx<x<xx<xxxxxxxxxxxxxxxxxxx<xx<x<xx<xxx<xxxxxxxxxxxxxxxxxxx<xx<x<x<xxxxxxxx<xxx<x<xx<x<xx<x<xxxxxxxxx<xxx<xx<xxx<xx<xxxx<xxx<x<xx<x<x<xxxxxxxxx<xxx<xx<xxx<xx<xxxx<xxx<x<xx<x<x<xxxxxxxxx<xxx<xx<xxx<xx<xxxx<xxx<x<xx<x<xx<xxxxxxxxx<xxx<xx<xxx<xx<xxxx<xxx<x<xx<x<x<xx<xxxxxxxxx<xxx<xx<xxx<xx<xxxx<xxx<x<xx<x<x<x<xxxxxxxxx<xxx<xx<xxx<xx<xxxx<xx<xxx<x<x<x<xxxx<xxxxx<x<xx<xxxxxxxxxxxxxxx<xxx<x<xxx<x<xxxxxxxxxxxxxxx<xx<xxx<x<x<xx<xxxxxx<xx<xxx<x<x<x<xxxx<xxxxx<x<xx<xxxxxxxxxxxxxxx<xxx<x<xxx<xxxxxxxxxxxxxxxx<xx<xxx<x<x<xx<xxxxxx<xx<xxx<x<x<x<xxxx<xxxxx<x<xx<xxxxxxxxxxxxxxxxxxx<xx<x<xxxx<xxxxxxxxxxxxxxxxx<xx<xx<x<x<xxxxxx<xx<xxx<x<x<x<xxxx<xxxxx<x<xx<xxxxxxxxxxxxxxxxxxx<xx<x<xx<xx<xxxxxxxxxxxxxxxxxxxxxxx<xx<x<x<xx<xxxxxx<xx<xxx<x<x<x<xxxx<xxxxx<x<xx<xxxxxxxxxxxxxxxxxxx<xx<x<xxx<xxxxxxxxxxxxxxxxxx<xx<x<x<xxxxxxxx<xx<xxx<x<x<x<xxxx<xxxxx<x<xx<xxxxxxxxxxxxxxxxx<xx<x<xxxx<xxxxxxxxxxxxx<x<xx<x<x<xxxxxx<xx<xxx<x<x<x<xxxx<xxxxx<x<xx<xxxxxxxxxxxxxxxxx<xx<x<xxxxxxxxxxxxxxx<x<x<xx<x<x<xxxxxx<xx<xxx<x<x<x<xxxx<xxxxx<x<xx<xxxxxxxxxxxxxxxxx<xx<x<xxxxxxxxxxxxxxx<x<xx<x<x<xxxxxx<xx<xxx<x<x<x<xxxx<xxxxx<x<xx<xxxxxxxxxxxxxxxxx<xx<x<xxxxxxxxxxxxxxx<x<x<xx<x<x<xxxxxx<xxx<x<xx<xxxxxxxxx<xxx<xx<xxx<xx<xxxx<xxx<x<xx<x<xxxxxxxxx<xxx<xx<xxx<xx<xxxx<xxx<x<xxx<xxxxxxxxx<xxx<xx<xxx<xx<xxxx<xxx<x<xx<xxxxxxxxx<xxx<xx<xxx<xx<xxxx<xxx<x<xx<xxxxxxxxx<xxx<xx<xxx<xx<xxxx<xxx<x<xx<xxxxxxxxx<xxx<xx<xxx<xx<xxxx<xxx<x<xx<x<x<xxxxxxxxx<xxx<xx<xxx<xx<xxxx<xxx<x<xx<x<xxxxxxxxx<xxx<xx<xxx<xx<xxxx<xxx<x<xx<x<xxxxxxxxx<xxx<xx<xxx<xx<xxxx<xx<xxx<x<x<x<xxxx<xxxxx<x<xx<xxxxxxxxxxxxxx<xxx<xxxx<xxxxxxxxxxx<xx<xxxxxxxxx<x<x<xxx<x<x<xx<xxxx<xx<xx<xxx<x<x<x<xxxx<xxxxx<x<xx<xxxxxxxxxxxxxx<xxx<xxxx<xxxxxxxxxxxx<xxxxx<xxxxx<x<x<xxx<x<x<xx<xxxx<xx<xxx<x<xxxx<xxxxxxxxx<xxx<xx<xxx<xx<xxx<xxx<x<xx<x<xxxxxxxxx<xxx<xx<xxx<xx<xxx<xx<xxx<x<x<x<xxxx<xxxxx<x<xx<xxxxxxxxxxxxxxxxxxxxxxxxxxxxxxxxxx<xx<xxx<x<x<x<xxxx<xxxxx<x<xx<xxxxxxxxxxxxx<xxxx<xxxxxxx<xxxxxxxxxxxxxxxxxxx<xxx<x<xxx<x<xxxxxxxxx<xxx<xx<xxx<xx<xxx<xxx<x<xx<xx<xxxxxxxxx<xxx<xx<xxx<xx<xxx<xx<xxx<x<x<x<xxxx<xxxxx<x<xx<xxxxxxxxxxxxxx<xxx<x<xxxxxxxxxxxxxxxxx<xxx<xxx<xxx<x<x<xxx<x<x<xx<xxxx<xx<xx<xxx<x<x<x<xxxx<xxxxx<x<xx<xxxxxxxxxxxxxx<xxx<xxxxxxxxxxxxxx<x<xxx<xxxxxxxxx<x<x<xxx<x<x<xx<xxxx<xx<xxx<x<xx<x<xxxxxxxxx<xxx<xx<xxx<xx<xxx<xxx<x<xx<xxx<xxxxxxxxx<xxx<xx<xxx<xx<xxx<xx<xxx<x<x<x<xxxx<xxxxx<x<xx<xxxxxxxxxxxxxxx<xxx<x<xxxxxxxxxxxxxxxxxxxxxxx<xx<xxx<x<x<xx<xxxxxx<xx<xxx<x<x<x<xxxx<xxxxx<x<xx<x<xxxxxxxxxxxxxx<xxx<xxxxxx<xxxxxxxxxxxxxxxxxxxxxxxxxxxxxx<x<x<xx<x<x<xxxxxx<xx<xxx<x<x<x<xxxx<xxxxx<x<xx<xxxxxxxxxxxxxxxxx<xx<x<xxx<xxxx<x<xxxxxxxxxxxxx<x<xx<x<x<xxxxxx<xx<xxx<x<x<x<xxxx<xxxxx<x<xx<xxxxxxxxxxxxxxxxx<xx<x<xxx<xxx<xxxxxxxxxxxxxx<x<x<xx<x<x<xxxxxx<xx<xxx<x<x<x<xxxx<xxxxx<x<xx<x<xxxxxxxxxxxxxxxx<xx<xx<xxxxx<xxxxxxxxxxxxx<xxxxxxxxxx<xxxxx<xxx<xx<xxxxxx<xx<xxx<x<x<x<xxxx<xxxxx<x<xx<x<xxxxxxxxxxxxxxxx<xx<xxx<xxx<x<xxxxxxxxxxxxxxxx<xxxxxx<xxxxxxxx<xxx<xx<xxxxxx<xx<xxx<x<x<x<xxxx<xxxxx<x<xx<xxxxxxxxxxxxxxxxxxx<xx<x<xxxxxxxxxxxxxxxxxxxxxx<xx<xx<x<x<xxxxxx<xx<xxx<x<x<x<xxxx<xxxxx<x<xx<xxxxxxxxxxxxxxxxxxx<xx<x<xxx<xxxxxxxxxxxxxxxxxxxxx<xx<x<x<xx<xxxxxx<xxx<x<xxx<xx<x<xxxxxxxxx<xxx<xx<xxx<xx<xxxx<xxx<x<xxx<x<x<xxxxxxxxx<xxx<xx<xxx<xx<x<xxx<xxx<x<xxx<x<x<xxxxxxxxx<xxx<xx<xxx<xx<xxxx<xxx<x<xxx<x<xxxxxxxxx<xxx<xx<xxx<xx<xxxx<xxx<x<xxx<x<xxxxxxxxx<xxx<xx<xxx<xx<x<xxx<xxx<x<xxx<xxxxxxxxx<xxx<xx<xxx<xx<x<xxx<xxx<x<xxx<x<x<xxxxxxxxx<xxx<xx<xxxx<xxxx<xxxx<xx<xx<x<xxxx<xxx<xx<xx<x<x<x<xxx<xxxx<xxx<x<xxx<x<xxxxxxxxx<xxx<xx<xxx<xx<xxxx<xxx<x<xxx<xxxxxxxxx<xxx<xx<xxxx<xxxx<xxxx<xx<xx<xxxxx<xxx<xx<xx<x<x<x<xxx<xxxx<xxx<x<xxx<xx<xxxxxxxxx<xxx<xx<xxx<xx<xxxx<xxx<x<xxx<xx<xxxxxxxxx<xxx<xx<xxxx<xxxx<xxxx<xx<xx<xxxxx<xxx<xx<xx<x<x<x<xxx<xxxx<xx<xxx<x<x<x<xxxx<xxxxx<x<xx<xxxxxxxxxxxxxxxxxxxxxxxxxxxxxxxxxx<xxx<x<xx<xxxxxxxxx<xxx<xx<xxx<xx<xxx<xxx<x<x<xx<xxxxxxxxx<xxx<xx<xxxx<xxxx<xxxx<xx<xx<xxxx<xxx<xx<xx<x<x<x<xxx<xxxx<xx<xxx<x<x<x<xxxx<xxxxx<x<xx<xxxxxxxxxxxxxx<x<x<xx<x<xx<xxxxxxxxxxxxxx<xxxxx<xxx<xx<xxxx<x<x<xx<xxxxxx<xxxxxx<xxx<x<x<xxxx<xxxxxxxxx<xxx<xx<xxx<xx<xxx<xxx<x<x<xxx<xxxxxxxxx<xxx<xx<xxxx<xxxx<xxxx<xx<xx<xxxx<xxx<xx<xx<x<x<x<xxx<xxxx<xx<xxx<x<x<x<xxxx<xxxxx<x<xx<xxxxxxxxxxxxxx<xxx<x<xxxxxxxxxxxxx<xx<xxxxxxxxx<x<x<xxx<x<x<xx<xxxx<xx<xx<xxx<x<x<x<xxxx<xxxxx<x<xx<xxxxxxxxxxxxxx<xxx<xx<xxxxxxxxxxxxxx<xxxxx<xxxxx<x<x<xxx<x<x<xx<xxxx<xx<xx<xxx<x<x<x<xxxx<xxxxx<x<xx<xxxxxxxxxxxxxxxxxxxxxxxxxxxxxxxxxx<xxx<x<xx<xxxxxxxxx<xxx<xx<xxx<xx<xxx<xxx<x<xx<xxxxxxxxx<xxx<xx<xxxx<xxxx<xxxx<xx<xx<xxxx<xxx<xx<xx<x<x<x<xxx<xxxx<xxx<x<xx<x<xxxxxxxxx<xxx<xx<xxx<xx<xxx<xxx<x<xx<x<xxxxxxxxx<xxx<xx<xxxx<xxxx<xxxx<xx<xx<xxxx<xxx<xx<xx<x<x<x<xxx<xxxx<xxx<x<xxx<xxxxxxxxx<xxx<xx<xxx<xx<xxx<xxx<x<xx<xxxxxxxxx<xxx<xx<xxxx<xxxx<xxxx<xx<xx<xxxx<xxx<xx<xx<x<x<x<xxx<xxxx<xx<xxx<x<x<x<xxxx<xxxxx<x<xx<xxxxxxxxxxxxxx<xxx<xxx<xxxxxxxxxxxxxxxx<xxx<xxx<xxx<x<x<xxx<x<x<xx<xxxx<xx<xx<xxx<x<x<x<xxxx<xxxxx<x<xx<xxxxxxxxxxxxxx<xxx<x<xxxxxxxxxxxxxxxx<x<xxx<xxxxxxxxx<x<x<xxx<x<x<xx<xxxx<xx<xxx<x<x<x<xxxxxxxxx<xxx<xx<xxx<xx<xxx<xxx<x<x<x<x<xxxxxxxxx<xxx<xx<xxxx<xxxx<xxxx<xx<xx<xxxx<xxx<xx<xx<x<x<x<xxx<xxxx<xxx<x<x<x<xxxxxxxxx<xxx<xx<xxx<xx<xxx<xxx<x<x<x<xxxxxxxxx<xxx<xx<xxxx<xxxx<xxxx<xx<xx<xxxx<xxx<xx<xx<x<x<x<xxx<xxxx<xx<xxx<x<x<x<xxxx<xxxxx<x<xx<xxxxxxxxxxxxxxxxxxxxxxxxxxxxxxxxxx<xxx<x<x<xx<xxxxxxxxx<xxx<xx<xxx<xx<xxx<xxx<x<x<xxx<xxxxxxxxx<xxx<xx<xxxx<xxxx<xxxx<xx<xx<xxxx<xxx<xx<xx<x<x<x<xxx<xxxx<xx<xxx<x<x<x<xxxx<xxxxx<x<xx<xxxxxxxxxxxxxx<xxx<xxxxxxxxxxxxxx<xx<xxxxxxxxx<x<x<xxx<x<x<xx<xxxx<xx<xx<xxx<x<x<x<xxxx<xxxxx<x<xx<xxxxxxxxxxxxxx<xxx<xxxxxxxxxxxxxxxx<xxxxx<xxxxx<x<x<xxx<x<x<xx<xxxx<xx<xx<xxx<x<x<x<xxxx<xxxxx<x<xx<xxxxxxxxxxxxx<xxxx<xxxxxxx<xxxxx<xxxx<xx<xxx<x<x<x<xxxx<xxxxx<x<xx<xxxxxxxxxxxxxxxxxxxxxxxxxxxxxxxxxx<xxx<x<xx<x<xxxxxxxxx<xxx<xx<xxx<xx<xxx<xxx<x<xx<xxxxxxxxx<xxx<xx<xxxx<xxxx<xxxx<xx<xx<xxxx<xxx<xx<xx<x<x<x<xxx<xxxx<xxx<x<xx<x<xxxxxxxxx<xxx<xx<xxx<xx<xxx<xxx<x<x<xxxxxxxxx<xxx<xx<xxxx<xxxx<xxxx<xx<xx<xxxx<xxx<xx<xx<x<x<x<xxx<xxxx<xxx<x<x<xxxxxxxxx<xxx<xx<xxx<xx<xxx<xxx<x<x<xxxxxxxxx<xxx<xx<xxxx<xxxx<xxxx<xx<xx<xxxx<xxx<xx<xx<x<x<x<xxx<xxxx<xxx<x<x<x<xxxxxxxxx<xxx<xx<xxx<xx<xxx<xxx<x<x<x<xxxxxxxxx<xxx<xx<xxxx<xxxx<xxxx<xx<xx<xxxx<xxx<xx<xx<x<x<x<xxx<xxxx<xx<xxx<x<x<x<xxxx<xxxxx<x<xx<xxxxxxxxxxxxxx<xxx<xx<xxxxxxxxxxxxx<xxx<xxx<xxx<x<x<xxx<x<x<xx<xxxx<xx<xx<xxx<x<x<x<xxxx<xxxxx<x<xx<xxxxxxxxxxxxxx<xxx<xxx<x<xxxxxxxxxxxx<x<xxx<xxxxxxxxx<x<x<xxx<x<x<xx<xxxx<xx<xxx<x<x<x<xxxxxxxxx<xxx<xx<xxx<xx<xxx<xxx<x<x<x<xxxxxxxxx<xxx<xx<xxxx<xxxx<xxxx<xx<xx<xxxx<xxx<xx<xx<x<x<x<xxx<xxxx<xxx<x<x<x<xxxxxxxxx<xxx<xx<xxx<xx<xxx<xxx<x<x<x<xxxxxxxxx<xxx<xx<xxxx<xxxx<xxxx<xx<xx<xxxx<xxx<xx<xx<x<x<x<xxx<xxxx<xx<xxx<x<x<x<xxxx<xxxxx<x<xx<xxxxxxxxxxxxx<xxxx<xxxxxxx<xxxxx<xxxx<xxx<x<x<xxxxxxxxx<xxx<xx<xxx<xx<xxx<xxx<x<x<xxxxxxxxx<xxx<xx<xxxx<xxxx<xxxx<xx<xx<xxxx<xxx<xx<xx<x<x<x<xxx<xxxx<xx<xxx<x<x<x<xxxx<xxxxx<x<xx<xxxxxxxxxxxxxxxxxxxxxxxxxxxxxxxxx<xxx<x<x<x<xxxxxxxxx<xxx<xx<xxx<xx<xxx<xxx<x<x<xxxxxxxxx<xxx<xx<xxxx<xxxx<xxxx<xx<xx<xxxx<xxx<xx<xx<x<x<x<xxx<xxxx<xx<xxx<x<x<x<xxxx<xxxxx<x<xx<xxxxxxxxxxxxxxxxxxxxxxxxxxxxxxxxxx<xxx<x<x<x<xxxxxxxxx<xxx<xx<xxx<xx<xxx<xxx<x<x<x<xxxxxxxxx<xxx<xx<xxxx<xxxx<xxxx<xx<xx<xxxx<xxx<xx<xx<x<x<x<xxx<xxxx<xx<xxx<x<x<x<xxxx<xxxxx<x<xx<xxxxxxxxxxxxxx<xxx<xxxxxxxxxxxxxx<xxx<xxx<xxx<x<x<xxx<x<x<xx<xxxx<xx<xx<xxx<x<x<x<xxxx<xxxxx<x<xx<xxxxxxxxxxxxxx<xxx<xx<xxx<xxxxxxxxxxxxxx<x<xxx<xxxxxxxxx<x<x<xxx<x<x<xx<xxxx<xx<xxx<x<x<xxxxxxxxx<xxx<xx<xxx<xx<xxx<xxx<x<x<xxxxxxxxx<xxx<xx<xxxx<xxxx<xxxx<xx<xx<xxxx<xxx<xx<xx<x<x<x<xxx<xxxx<xxx<x<x<xxxxxxxxx<xxx<xx<xxx<xx<xxx<xxx<x<xx<xxxxxxxxx<xxx<xx<xxxx<xxxx<xxxx<xx<xx<xxxx<xxx<xx<xx<x<x<x<xxx<xxxx<xx<xxx<x<x<x<xxxx<xxxxx<x<xx<xxxxxxxxxxxxxx<xxxx<xxx<xxxxxxxxxxxxxx<xx<xx<x<xxxxxx<xxxx<xxxxxxxxx<xxx<x<x<x<xxxxxxxxx<xxx<xx<xxx<xx<xxx<xxx<x<x<x<xxxxxxxxx<xxx<xx<xxxx<xxxx<xxxx<xx<xx<xxxx<xxx<xx<xx<x<x<x<xxx<xxxx<xx<xxx<x<x<x<xxxx<xxxxx<x<xx<xxxxxxxxxxxxxxxxxxxxxxxxxxxxxxxxxx<xxx<x<x<x<xxxxxxxxx<xxx<xx<xxx<xx<xxx<xxx<x<x<xx<xxxxxxxxx<xxx<xx<xxxx<xxxx<xxxx<xx<xx<xxxx<xxx<xx<xx<x<x<x<xxx<xxxx<xx<xxx<x<x<x<xxxx<xxxxx<x<xx<xxxxxxxxxxxxxx<xxx<xxx<xxxxxxxxxxxxxx<xx<xxxxxxxxx<x<x<xxx<x<x<xx<xxxx<xx<xx<xxx<x<x<x<xxxx<xxxxx<x<xx<xxxxxxxxxxxxxx<xxx<xxxxxxxxxxxxxxxxx<xxxxx<xxxxx<x<x<xxx<x<x<xx<xxxx<xx<xxx<x<xx<xxxxxxxxx<xxx<xx<xxx<xx<xxx<xxx<x<xx<x<x<xxxxxxxxx<xxx<xx<xxxx<xxxx<xxxx<xx<xx<xxxx<xxx<xx<xx<x<x<x<xxx<xxxx<xxx<x<xxxx<xxxxxxxxx<xxx<xx<xxx<xx<xxx<xxx<x<xxxx<xxxxxxxxx<xxx<xx<xxxx<xxxx<xxxx<xx<xx<xxxx<xxx<xx<xx<x<x<x<xxx<xxxx<xx<xxx<x<x<x<xxxx<xxxxx<x<xx<xxxxxxxxxxxxxxxxxxxxxxxxxxxxxxxxxx<xxx<x<xx<xxxxxxxxx<xxx<xx<xxx<xx<xxx<xxx<x<xx<x<xxxxxxxxx<xxx<xx<xxxx<xxxx<xxxx<xx<xx<xxxx<xxx<xx<xx<x<x<x<xxx<xxxx<xx<xxx<x<x<x<xxxx<xxxxx<x<xx<xxxxxxxxxxxxxx<xxx<xxxx<x<xxxxxxxxxxxx<xxx<xxx<xxx<x<x<xxx<x<x<xx<xxxx<xx<xx<xxx<x<x<x<xxxx<xxxxx<x<xx<xxxxxxxxxxxxxx<xxx<xxxxxxxxxxxxxxxxxx<x<xxx<xxxxxxxxx<x<x<xxx<x<x<xx<xxxx<xx<xxx<x<x<x<xx<xxxxxxxxx<xxx<xx<xxx<xx<xxx<xxx<x<x<x<xxxxxxxxx<xxx<xx<xxxx<xxxx<xxxx<xx<xx<xxxx<xxx<xx<xx<x<x<x<xxx<xxxx<xxx<x<x<x<xxxxxxxxx<xxx<xx<xxx<xx<xxx<xxx<x<x<x<xxxxxxxxx<xxx<xx<xxxx<xxxx<xxxx<xx<xx<xxxx<xxx<xx<xx<x<x<x<xxx<xxxx<xx<xxx<x<x<x<xxxx<xxxxx<x<xx<xxxxxxxxxxxxx<xxxx<xxxxxxx<xxxxxxxxxxxxxxxxxxx<xxx<x<xx<x<xxxxxxxxx<xxx<xx<xxx<xx<xxx<xxx<x<xx<x<xxxxxxxxx<xxx<xx<xxxx<xxxx<xxxx<xx<xx<xxxx<xxx<xx<xx<x<x<x<xxx<xxxx<xx<xxx<x<x<x<xxxx<xxxxx<x<xx<xxxxxxxxxxxxxxxxxxxxxxxxxxxxxxxxxx<xxx<x<x<xx<x<xxxxxxxxx<xxx<xx<xxx<xx<xxx<xxx<x<x<xx<xx<xxxxxxxxx<xxx<xx<xxxx<xxxx<xxxx<xx<xx<xxxx<xxx<xx<xx<x<x<x<xxx<xxxx<xx<xxx<x<x<x<xxxx<xxxxx<x<xx<xxxxxxxxxxxxxx<xxx<xxxxxxxxxxxx<xx<xxxxxxxxx<x<x<xxx<x<x<xx<xxxx<xx<xx<xxx<x<x<x<xxxx<xxxxx<x<xx<xxxxxxxxxxxxxx<xxx<xxx<x<xxxxxxxxxxxx<xxxxx<xxxxx<x<x<xxx<x<x<xx<xxxx<xx<xxx<x<x<x<xxxxxxxxx<xxx<xx<xxx<xx<xxx<xxx<x<x<xxxxxxxxx<xxx<xx<xxxx<xxxx<xxxx<xx<xx<xxxx<xxx<xx<xx<x<x<x<xxx<xxxx<xxx<x<xx<x<xxxxxxxxx<xxx<xx<xxx<xx<xxx<xxx<x<xx<xx<xxxxxxxxx<xxx<xx<xxxx<xxxx<xxxx<xx<xx<xxxx<xxx<xx<xx<x<x<x<xxx<xxxx<xx<xxx<x<x<x<xxxx<xxxxx<x<xx<xxxxxxxxxxxxxx<xxx<x<xx<x<xxxxxxxxxxxxx<xxx<xxx<xxx<x<x<xxx<x<x<xx<xxxx<xx<xx<xxx<x<x<x<xxxx<xxxxx<x<xx<xxxxxxxxxxxxxx<xxx<xx<x<xxxxxxxxxxxx<x<xxx<xxxxxxxxx<x<x<xxx<x<x<xx<xxxx<xx<xxx<x<x<x<xxxxxxxxx<xxx<xx<xxx<xx<xxx<xxx<x<xx<xxxxxxxxx<xxx<xx<xxxx<xxxx<xxxx<xx<xx<xxxx<xxx<xx<xx<x<x<x<xxx<xxxx<xxx<x<x<x<xxxxxxxxx<xxx<xx<xxx<xx<xxx<xxx<x<x<x<xxxxxxxxx<xxx<xx<xxxx<xxxx<xxxx<xx<xx<xxxx<xxx<xx<xx<x<x<x<xxx<xxxx<xx<xxx<x<x<x<xxxx<xxxxx<x<xx<xxxxxxxxxxxxxxxxxxxxxxxxxxxxxxxxxx<xxx<x<xx<xxxxxxxxx<xxx<xx<xxx<xx<xxx<xxx<x<xxxx<xxxxxxxxx<xxx<xx<xxxx<xxxx<xxxx<xx<xx<xxxx<xxx<xx<xx<x<x<x<xxx<xxxx<xx<xxx<x<x<x<xxxx<xxxxx<x<xx<xxxxxxxxxxxxxxxxxxxxxxxxxxxxxxxxxx<xxx<x<x<x<x<xxxxxxxxx<xxx<xx<xxx<xx<xxx<xxx<x<x<x<xxxxxxxxx<xxx<xx<xxxx<xxxx<xxxx<xx<xx<xxxx<xxx<xx<xx<x<x<x<xxx<xxxx<xx<xxx<x<x<x<xxxx<xxxxx<x<xx<xxxxxxxxxxxxxx<xxx<x<xxxx<xxxxxxxxxxxx<xx<xxxxxxxxx<x<x<xxx<x<x<xx<xxxx<xx<xx<xxx<x<x<x<xxxx<xxxxx<x<xx<xxxxxxxxxxxxxx<xxx<xxx<xxxxxxxxxxxxxx<xxxxx<xxxxx<x<x<xxx<x<x<xx<xxxx<xx<xxx<x<x<xxxxxxxxx<xxx<xx<xxx<xx<xxx<xxx<x<x<xxxxxxxxx<xxx<xx<xxxx<xxxx<xxxx<xx<xx<xxxx<xxx<xx<xx<x<x<x<xxx<xxxx<xxx<x<x<x<xxxxxxxxx<xxx<xx<xxx<xx<xxx<xxx<x<x<xxxxxxxxx<xxx<xx<xxxx<xxxx<xxxx<xx<xx<xxxx<xxx<xx<xx<x<x<x<xxx<xxxx<xx<xxx<x<x<x<xxxx<xxxxx<x<xx<xxxxxxxxxxxxxxxxxxxxxxxxxxxxxxxxxx<xx<xxx<x<x<x<xxxx<xxxxx<x<xx<xxxxxxxxxxxxxx<xxx<x<xx<xxxxxxxxxxxxxxxx<xxx<xxx<xxx<x<x<xxx<x<x<xx<xxxx<xx<xx<xxx<x<x<x<xxxx<xxxxx<x<xx<xxxxxxxxxxxxxx<xxx<x<x<xx<xxxxxxxxxxxx<x<xxx<xxxxxxxxx<x<x<xxx<x<x<xx<xxxx<xx<xxx<x<x<xxxxxxxxx<xxx<xx<xxx<xx<xxx<xxx<x<x<xxxxxxxxx<xxx<xx<xxxx<xxxx<xxxx<xx<xx<xxxx<xxx<xx<xx<x<x<x<xxx<xxxx<xxx<x<x<xxxxxxxxx<xxx<xx<xxx<xx<xxx<xxx<x<x<xxxxxxxxx<xxx<xx<xxxx<xxxx<xxxx<xx<xx<xxxx<xxx<xx<xx<x<x<x<xxx<xxxx<xxx<x<xx<xxxxxxxxx<xxx<xx<xxx<xx<xxx<xxx<x<x<xxxxxxxxx<xxx<xx<xxxx<xxxx<xxxx<xx<xx<xxxx<xxx<xx<xx<x<x<x<xxx<xxxx<xx<xxx<x<x<x<xxxx<xxxxx<x<xx<xxxxxxxxxxxxxxxxxxxxxxxxxxxxxxxxxx<xxx<x<x<xx<xxxxxxxxx<xxx<xx<xxx<xx<xxx<xxx<x<x<x<xxxxxxxxx<xxx<xx<xxxx<xxxx<xxxx<xx<xx<xxxx<xxx<xx<xx<x<x<x<xxx<xxxx<xx<xxx<x<x<x<xxxx<xxxxx<x<xx<xxxxxxxxxxxxxx<xxx<x<x<xxxxxxxxxxxxx<xx<xxxxxxxxx<x<x<xxx<x<x<xx<xxxx<xx<xx<xxx<x<x<x<xxxx<xxxxx<x<xx<xxxxxxxxxxxxxx<xxx<x<xxxxx<xxxxxxxxxxxxx<xxxxx<xxxxx<x<x<xxx<x<x<xx<xxxx<xx<xxx<x<x<x<xxxxxxxxx<xxx<xx<xxx<xx<xxx<xxx<x<x<xxxxxxxxx<xxx<xx<xxxx<xxxx<xxxx<xx<xx<xxxx<xxx<xx<xx<x<x<x<xxx<xxxx<xxx<x<xx<xxxxxxxxx<xxx<xx<xxx<xx<xxx<xxx<x<xx<x<xxxxxxxxx<xxx<xx<xxxx<xxxx<xxxx<xx<xx<xxxx<xxx<xx<xx<x<x<x<xxx<xxxx<xx<xxx<x<x<x<xxxx<xxxxx<x<xx<xxxxxxxxxxxxxx<xxx<x<xxxxxxxxxxxxxx<xxx<xxx<xxx<x<x<xxx<x<x<xx<xxxx<xx<xx<xxx<x<x<x<xxxx<xxxxx<x<xx<xxxxxxxxxxxxxx<xxx<x<xxx<xxxxxxxxxxxx<x<xxx<xxxxxxxxx<x<x<xxx<x<x<xx<xxxx<xx<xxx<x<x<x<xxxxxxxxx<xxx<xx<xxx<xx<xxx<xxx<x<x<x<x<xxxxxxxxx<xxx<xx<xxxx<xxxx<xxxx<xx<xx<xxxx<xxx<xx<xx<x<x<x<xxx<xxxx<xxx<x<x<xxxxxxxxx<xxx<xx<xxx<xx<xxx<xxx<x<x<x<xxxxxxxxx<xxx<xx<xxxx<xxxx<xxxx<xx<xx<xxxx<xxx<xx<xx<x<x<x<xxx<xxxx<xx<xxx<x<x<x<xxxx<xxxxx<x<xx<xxxxxxxxxxxxxxxxxxxxxxxxxxxxxxxxxx<xxx<x<xxx<xxxxxxxxx<xxx<xx<xxx<xx<xxx<xxx<x<xxx<xxxxxxxxx<xxx<xx<xxxx<xxxx<xxxx<xx<xx<xxxx<xxx<xx<xx<x<x<x<xxx<xxxx<xx<xxx<x<x<x<xxxx<xxxxx<x<xx<xxxxxxxxxxxxxxxxxxxxxxxxxxxxxxxxxx<xxx<x<x<x<x<xxxxxxxxx<xxx<xx<xxx<xx<xxx<xxx<x<x<xxxxxxxxx<xxx<xx<xxxx<xxxx<xxxx<xx<xx<xxxx<xxx<xx<xx<x<x<x<xxx<xxxx<xx<xxx<x<x<x<xxxx<xxxxx<x<xx<xxxxxxxxxxxxxx<xxx<xxxx<x<xxxxxxxxxxx<xx<xxxxxxxxx<x<x<xxx<x<x<xx<xxxx<xx<xx<xxx<x<x<x<xxxx<xxxxx<x<xx<xxxxxxxxxxxxxx<xxx<xxxx<xxxxxxxxxxxx<xxxxx<xxxxx<x<x<xxx<x<x<xx<xxxx<xx<xxx<x<xx<x<xxxxxxxxx<xxx<xx<xxx<xx<xxx<xxx<x<xx<x<xxxxxxxxx<xxx<xx<xxxx<xxxx<xxxx<xx<xx<xxxx<xxx<xx<xx<x<x<x<xxx<xxxx<xxx<x<xx<xxxxxxxxx<xxx<xx<xxx<xx<xxx<xxx<x<xxx<xxxxxxxxx<xxx<xx<xxxx<xxxx<xxxx<xx<xx<xxxx<xxx<xx<xx<x<x<x<xxx<xxxx<xx<xxx<x<x<x<xxxx<xxxxx<x<xx<xxxxxxxxxxxxxx<xxx<x<xx<xxxxxxxxxxxx<xxx<xxx<xxx<x<x<xxx<x<x<xx<xxxx<xx<xx<xxx<x<x<x<xxxx<xxxxx<x<xx<xxxxxxxxxxxxxx<xxx<x<xxx<xxxxxxxxxxx<x<xxx<xxxxxxxxx<x<x<xxx<x<x<xx<xxxx<xx<xxx<x<x<x<xx<xxxxxxxxx<xxx<xx<xxx<xx<xxx<xxx<x<x<x<x<x<xxxxxxxxx<xxx<xx<xxxx<xxxx<xxxx<xx<xx<xxxx<xxx<xx<xx<x<x<x<xxx<xxxx<xxx<x<x<xx<xxxxxxxxx<xxx<xx<xxx<xx<xxx<xxx<x<x<xx<xxxxxxxxx<xxx<xx<xxxx<xxxx<xxxx<xx<xx<xxxx<xxx<xx<xx<x<x<x<xxx<xxx[u2eth] RX itf=w0 tot_len=60 ff ff ff ff ff ff 50 14 79 d6 67 b3 08 06 00 01 08 00 06 04 00 01 50 14 79 d6 67 b3 c0 a8 00 e0 ff ff ff ff ff ff c0 a8 00 01 00 00 00 00 00 00 00 00 00 00 00 00 00 00 00 00 00 00
05-04 14:53:04.022: [u2eth] RX itf=w0 tot_len=60 ff ff ff ff ff ff 00 0c 29 2c bb f0 08 06 00 01 08 00 06 04 00 01 00 0c 29 2c bb f0 c0 a8 00 01 00 00 00 00 00 00 c0 a8 00 d6 00 00 00 00 00 00 00 00 00 00 00 00 00 00 00 00 00 00
05-04 14:53:04.022: [u2m] 340410759 net sock0 MACRAW rx len=60
05-04 14:53:04.023: [u2m] 340410770 net sock0 MACRAW rx no-room offered=60 accepted=0 free=30 ring=4096
05-04 14:53:04.023: [u2m] 340426406 net sock0 MACRAW rx len=60
05-04 14:53:04.023: [u2m] 340426413 net sock0 MACRAW rx no-room offered=60 accepted=0 free=30 ring=4096
05-04 14:53:05.173: [u2eth] RX itf=w0 tot_len=60 ff ff ff ff ff ff 00 0c 29 2c bb f0 08 06 00 01 08 00 06 04 00 01 00 0c 29 2c bb f0 c0 a8 00 01 00 00 00 00 00 00 c0 a8 00 d6 00 00 00 00 00 00 00 00 00 00 00 00 00 00 00 00 00 00
05-04 14:53:05.225: [u2m] 341617332 net sock0 MACRAW rx len=60
05-04 14:53:05.225: [u2m] 341617342 net sock0 MACRAW rx no-room offered=60 accepted=0 free=30 ring=4096
05-04 14:53:05.800: [u2eth] RX itf=w0 tot_len=60 ff ff ff ff ff ff 08 36 c9 84 36 9b 08 06 00 01 08 00 06 04 00 01 08 36 c9 84 36 9b c0 a8 00 cd 00 00 00 00 00 00 c0 a8 00 01 00 00 00 00 00 00 00 00 00 00 00 00 00 00 00 00 00 00
05-04 14:53:05.851: [u2eth] RX itf=w0 tot_len=60 ff ff ff ff ff ff 08 36 c9 84 36 9b 08 06 00 01 08 00 06 04 00 01 08 36 c9 84 36 9b c0 a8 00 cd 00 00 00 00 00 00 c0 a8 00 f0 00 00 00 00 00 00 00 00 00 00 00 00 00 00 00 00 00 00
05-04 14:53:05.852: [u2eth] RX itf=w0 tot_len=60 ff ff ff ff ff ff 08 36 c9 84 36 9b 08 06 00 01 08 00 06 04 00 01 08 36 c9 84 36 9b c0 a8 00 cd 00 00 00 00 00 00 c0 a8 00 eb 00 00 00 00 00 00 00 00 00 00 00 00 00 00 00 00 00 00
05-04 14:53:05.902: [u2eth] RX itf=w0 tot_len=60 ff ff ff ff ff ff 08 36 c9 84 36 9b 08 06 00 01 08 00 06 04 00 01 08 36 c9 84 36 9b c0 a8 00 cd 00 00 00 00 00 00 c0 a8 00 e0 00 00 00 00 00 00 00 00 00 00 00 00 00 00 00 00 00 00
05-04 14:53:05.903: [u2eth] RX itf=w0 tot_len=60 ff ff ff ff ff ff 08 36 c9 84 36 9b 08 06 00 01 08 00 06 04 00 01 08 36 c9 84 36 9b c0 a8 00 cd 00 00 00 00 00 00 c0 a8 00 db 00 00 00 00 00 00 00 00 00 00 00 00 00 00 00 00 00 00
05-04 14:53:05.904: [u2m] 342244388 net sock0 MACRAW rx len=60
05-04 14:53:05.904: [u2m] 342244398 net sock0 MACRAW rx no-room offered=60 accepted=0 free=30 ring=4096
05-04 14:53:05.953: [u2m] 342260050 net sock0 MACRAW rx len=60
05-04 14:53:05.953: [u2m] 342260057 net sock0 MACRAW rx no-room offered=60 accepted=0 free=30 ring=4096
05-04 14:53:05.954: [u2m] 342278256 net sock0 MACRAW rx len=60
05-04 14:53:05.954: [u2m] 342278262 net sock0 MACRAW rx no-room offered=60 accepted=0 free=30 ring=4096
05-04 14:53:05.955: [u2m] 342296474 net sock0 MACRAW rx len=60
05-04 14:53:05.955: [u2m] 342296480 net sock0 MACRAW rx no-room offered=60 accepted=0 free=30 ring=4096
05-04 14:53:05.956: [u2m] 342314699 net sock0 MACRAW rx len=60
05-04 14:53:05.956: [u2m] 342314706 net sock0 MACRAW rx no-room offered=60 accepted=0 free=30 ring=4096
05-04 14:53:06.095: [u2eth] RX itf=w0 tot_len=60 ff ff ff ff ff ff 08 36 c9 84 36 9b 08 06 00 01 08 00 06 04 00 01 08 36 c9 84 36 9b c0 a8 00 cd 00 00 00 00 00 00 c0 a8 00 01 00 00 00 00 00 00 00 00 00 00 00 00 00 00 00 00 00 00
05-04 14:53:06.146: [u2eth] RX itf=w0 tot_len=60 ff ff ff ff ff ff 08 36 c9 84 36 9b 08 06 00 01 08 00 06 04 00 01 08 36 c9 84 36 9b c0 a8 00 cd 00 00 00 00 00 00 c0 a8 00 f0 00 00 00 00 00 00 00 00 00 00 00 00 00 00 00 00 00 00
05-04 14:53:06.147: [u2eth] RX itf=w0 tot_len=60 ff ff ff ff ff ff 08 36 c9 84 36 9b 08 06 00 01 08 00 06 04 00 01 08 36 c9 84 36 9b c0 a8 00 cd 00 00 00 00 00 00 c0 a8 00 eb 00 00 00 00 00 00 00 00 00 00 00 00 00 00 00 00 00 00
05-04 14:53:06.196: [u2eth] RX itf=w0 tot_len=60 ff ff ff ff ff ff 08 36 c9 84 36 9b 08 06 00 01 08 00 06 04 00 01 08 36 c9 84 36 9b c0 a8 00 cd 00 00 00 00 00 00 c0 a8 00 e0 00 00 00 00 00 00 00 00 00 00 00 00 00 00 00 00 00 00
05-04 14:53:06.197: [u2eth] RX itf=w0 tot_len=60 ff ff ff ff ff ff 08 36 c9 84 36 9b 08 06 00 01 08 00 06 04 00 01 08 36 c9 84 36 9b c0 a8 00 cd 00 00 00 00 00 00 c0 a8 00 db 00 00 00 00 00 00 00 00 00 00 00 00 00 00 00 00 00 00
05-04 14:53:06.198: [u2m] 342539052 net sock0 MACRAW rx len=60
05-04 14:53:06.198: [u2m] 342539062 net sock0 MACRAW rx no-room offered=60 accepted=0 free=30 ring=4096
05-04 14:53:06.247: [u2m] 342554702 net sock0 MACRAW rx len=60
05-04 14:53:06.247: [u2m] 342554709 net sock0 MACRAW rx no-room offered=60 accepted=0 free=30 ring=4096
05-04 14:53:06.248: [u2m] 342572907 net sock0 MACRAW rx len=60
05-04 14:53:06.248: [u2m] 342572912 net sock0 MACRAW rx no-room offered=60 accepted=0 free=30 ring=4096
05-04 14:53:06.249: [u2m] 342591132 net sock0 MACRAW rx len=60
05-04 14:53:06.249: [u2m] 342591137 net sock0 MACRAW rx no-room offered=60 accepted=0 free=30 ring=4096
05-04 14:53:06.249: [u2m] 342609356 net sock0 MACRAW rx len=60
05-04 14:53:06.249: [u2m] 342609363 net sock0 MACRAW rx no-room offered=60 accepted=0 free=30 ring=4096
05-04 14:53:06.389: [u2eth] RX itf=w0 tot_len=63 ff ff ff ff ff ff 00 11 32 39 c1 2a 08 00 45 00 00 31 66 d4 40 00 40 11 51 8e c0 a8 00 0a c0 a8 00 ff b9 4b 7e 9c 00 1d cf 33 4d 2d 53 45 41 52 43 48 20 2a 20 48 54 54 50 2f 31 2e 31 0d 0a
05-04 14:53:06.441: [u2eth] RX itf=w0 tot_len=63 ff ff ff ff ff ff 00 11 32 39 c1 2a 08 00 45 00 00 31 fa 0b 40 00 40 11 be 55 c0 a8 00 0b c0 a8 00 ff 82 a3 7e 9c 00 1d 05 db 4d 2d 53 45 41 52 43 48 20 2a 20 48 54 54 50 2f 31 2e 31 0d 0a
05-04 14:53:06.441: [u2m] 342833678 net sock0 MACRAW rx len=63
05-04 14:53:06.442: [u2m] 342833685 net sock0 MACRAW rx no-room offered=63 accepted=0 free=30 ring=4096
05-04 14:53:06.442: [u2m] 342850100 net sock0 MACRAW rx len=63
05-04 14:53:06.442: [u2m] 342850105 net sock0 MACRAW rx no-room offered=63 accepted=0 free=30 ring=4096
05-04 14:53:06.697: [u2eth] RX itf=w0 tot_len=60 ff ff ff ff ff ff 08 36 c9 84 36 9b 08 06 00 01 08 00 06 04 00 01 08 36 c9 84 36 9b c0 a8 00 cd 00 00 00 00 00 00 c0 a8 00 01 00 00 00 00 00 00 00 00 00 00 00 00 00 00 00 00 00 00
05-04 14:53:06.749: [u2eth] RX itf=w0 tot_len=60 ff ff ff ff ff ff 08 36 c9 84 36 9b 08 06 00 01 08 00 06 04 00 01 08 36 c9 84 36 9b c0 a8 00 cd 00 00 00 00 00 00 c0 a8 00 f0 00 00 00 00 00 00 00 00 00 00 00 00 00 00 00 00 00 00
05-04 14:53:06.751: [u2eth] RX itf=w0 tot_len=60 ff ff ff ff ff ff 08 36 c9 84 36 9b 08 06 00 01 08 00 06 04 00 01 08 36 c9 84 36 9b c0 a8 00 cd 00 00 00 00 00 00 c0 a8 00 eb 00 00 00 00 00 00 00 00 00 00 00 00 00 00 00 00 00 00
05-04 14:53:06.799: [u2eth] RX itf=w0 tot_len=60 ff ff ff ff ff ff 08 36 c9 84 36 9b 08 06 00 01 08 00 06 04 00 01 08 36 c9 84 36 9b c0 a8 00 cd 00 00 00 00 00 00 c0 a8 00 e0 00 00 00 00 00 00 00 00 00 00 00 00 00 00 00 00 00 00
05-04 14:53:06.801: [u2eth] RX itf=w0 tot_len=60 ff ff ff ff ff ff 08 36 c9 84 36 9b 08 06 00 01 08 00 06 04 00 01 08 36 c9 84 36 9b c0 a8 00 cd 00 00 00 00 00 00 c0 a8 00 db 00 00 00 00 00 00 00 00 00 00 00 00 00 00 00 00 00 00
05-04 14:53:06.801: [u2eth] RX itf=w0 tot_len=60 ff ff ff ff ff ff 00 0c 29 2c bb f0 08 06 00 01 08 00 06 04 00 01 00 0c 29 2c bb f0 c0 a8 00 01 00 00 00 00 00 00 c0 a8 00 d6 00 00 00 00 00 00 00 00 00 00 00 00 00 00 00 00 00 00
05-04 14:53:06.849: [u2m] 343141650 net sock0 MACRAW rx len=60
05-04 14:53:06.850: [u2m] 343141661 net sock0 MACRAW rx no-room offered=60 accepted=0 free=30 ring=4096
05-04 14:53:06.851: [u2m] 343157302 net sock0 MACRAW rx len=60
05-04 14:53:06.851: [u2m] 343157309 net sock0 MACRAW rx no-room offered=60 accepted=0 free=30 ring=4096
05-04 14:53:06.852: [u2m] 343175510 net sock0 MACRAW rx len=60
05-04 14:53:06.852: [u2m] 343175516 net sock0 MACRAW rx no-room offered=60 accepted=0 free=30 ring=4096
05-04 14:53:06.852: [u2m] 343193727 net sock0 MACRAW rx len=60
05-04 14:53:06.852: [u2m] 343193732 net sock0 MACRAW rx no-room offered=60 accepted=0 free=30 ring=4096
05-04 14:53:06.853: [u2m] 343211951 net sock0 MACRAW rx len=60
05-04 14:53:06.900: [u2m] 343211958 net sock0 MACRAW rx no-room offered=60 accepted=0 free=30 ring=4096
05-04 14:53:06.900: [u2m] 343230181 net sock0 MACRAW rx len=60
05-04 14:53:06.901: [u2m] 343230187 net sock0 MACRAW rx no-room offered=60 accepted=0 free=30 ring=4096
05-04 14:53:07.021: [u2eth] RX itf=w0 tot_len=63 ff ff ff ff ff ff 00 11 32 39 c1 2a 08 00 45 00 00 31 68 8a 40 00 40 11 4f d8 c0 a8 00 0a c0 a8 00 ff 88 2d 7e 9e 00 1d 00 50 4d 2d 53 45 41 52 43 48 20 2a 20 48 54 54 50 2f 31 2e 31 0d 0a
05-04 14:53:07.074: [u2eth] RX itf=w0 tot_len=63 ff ff ff ff ff ff 00 11 32 39 c1 2a 08 00 45 00 00 31 fb b4 40 00 40 11 bc ac c0 a8 00 0b c0 a8 00 ff b8 d9 7e 9e 00 1d cf a2 4d 2d 53 45 41 52 43 48 20 2a 20 48 54 54 50 2f 31 2e 31 0d 0a
05-04 14:53:07.075: [u2m] 343465707 net sock0 MACRAW rx len=63
05-04 14:53:07.075: [u2m] 343465715 net sock0 MACRAW rx no-room offered=63 accepted=0 free=30 ring=4096
05-04 14:53:07.076: [u2m] 343482133 net sock0 MACRAW rx len=63
05-04 14:53:07.076: [u2m] 343482141 net sock0 MACRAW rx no-room offered=63 accepted=0 free=30 ring=4096
05-04 14:53:08.679: [u2m] 345102022 sock0 RECV
05-04 14:53:08.680: [u2m] 345105395 sock0 RECV
05-04 14:53:08.680: [u2m] 345108754 sock0 RECV
05-04 14:53:08.731: [u2m] 345112495 sock0 RECV
05-04 14:53:08.731: [u2m] 345116062 sock0 RECV
05-04 14:53:08.731: [u2m] 345119629 sock0 RECV
05-04 14:53:08.731: [u2m] 345123178 sock0 RECV
05-04 14:53:08.732: [u2m] 345126537 sock0 RECV
05-04 14:53:08.732: [u2m] 345130104 sock0 RECV
05-04 14:53:08.732: [u2m] 345133654 sock0 RECV
05-04 14:53:08.732: [u2m] 345137013 sock0 RECV
05-04 14:53:08.732: [u2m] 345140580 sock0 RECV
05-04 14:53:08.732: [u2m] 345144130 sock0 RECV
05-04 14:53:08.733: [u2m] 345147489 sock0 RECV
05-04 14:53:08.733: [u2m] 345151095 sock0 RECV
05-04 14:53:08.733: [u2m] 345154640 sock0 RECV
05-04 14:53:08.733: [u2m] 345158207 sock0 RECV
05-04 14:53:08.733: [u2m] 345161756 sock0 RECV
05-04 14:53:08.781: [u2m] 345165099 sock0 RECV
05-04 14:53:08.781: [u2m] 345168458 sock0 RECV
05-04 14:53:08.781: [u2m] 345172025 sock0 RECV
05-04 14:53:08.782: [u2m] 345175592 sock0 RECV
05-04 14:53:08.782: [u2m] 345179159 sock0 RECV
05-04 14:53:08.831: [u2m] 345182708 sock0 RECV
05-04 14:53:08.832: [u2m] 345186238 sock0 RECV
05-04 14:53:08.832: [u2m] 345189974 sock0 RECV
05-04 14:53:08.832: [u2m] 345193709 sock0 RECV
05-04 14:53:08.832: [u2m] 345197443 sock0 RECV
05-04 14:53:08.832: [u2m] 345201178 sock0 RECV
05-04 14:53:08.832: [u2m] 345204913 sock0 RECV
05-04 14:53:08.833: [u2m] 345208648 sock0 RECV
05-04 14:53:08.833: [u2m] 345212382 sock0 RECV
05-04 14:53:08.833: [u2m] 345216118 sock0 RECV
05-04 14:53:08.833: [u2m] 345219852 sock0 RECV
05-04 14:53:08.833: [u2m] 345223587 sock0 RECV
05-04 14:53:08.833: [u2m] 345227323 sock0 RECV
05-04 14:53:08.833: [u2m] 345231058 sock0 RECV
05-04 14:53:08.833: [u2m] 345234794 sock0 RECV
05-04 14:53:08.834: [u2m] 345238528 sock0 RECV
05-04 14:53:08.834: [u2m] 345242094 sock0 RECV
05-04 14:53:08.834: [u2m] 345245662 sock0 RECV
05-04 14:53:08.834: [u2m] 345249211 sock0 RECV
05-04 14:53:08.834: [u2m] 345252554 sock0 RECV
05-04 14:53:08.834: [u2m] 345255913 sock0 RECV
05-04 14:53:08.835: [u2m] 345259480 sock0 RECV
05-04 14:53:08.882: [u2m] 345263214 sock0 RECV
05-04 14:53:08.882: [u2m] 345267720 sock0 RECV
05-04 14:53:08.882: [u2m] 345271455 sock0 RECV
05-04 14:53:08.882: [u2m] 345275189 sock0 RECV
05-04 14:53:08.882: [u2m] 345279694 sock0 RECV
05-04 14:53:09.495: [u2eth] RX itf=w0 tot_len=60 ff ff ff ff ff ff 00 0c 29 2c bb f0 08 06 00 01 08 00 06 04 00 01 00 0c 29 2c bb f0 c0 a8 00 01 00 00 00 00 00 00 c0 a8 00 d6 00 00 00 00 00 00 00 00 00 00 00 00 00 00 00 00 00 00
05-04 14:53:09.548: [u2m] 345940139 net sock0 MACRAW rx len=60
05-04 14:53:09.548: [u2m] 345945067 sock0 RECV
05-04 14:53:10.215: [u2eth] TX itf=w0 tot_len=42 ff ff ff ff ff ff 88 a2 9e 48 22 7a 08 06 00 01 08 00 06 04 00 01 00 08 dc a2 a2 a2 c0 a8 00 f5 00 00 00 00 00 00 c0 a8 00 9a
05-04 14:53:10.268: [u2m] 346624557 sock0 SEND
05-04 14:53:10.268: [u2m] 346624572 net sock0 MACRAW ptrs len=42 rd=0x09A4 wr=0x09CE rdm=0xA4 wrm=0xCE
05-04 14:53:10.269: [u2m] 346624584 net sock0 MACRAW tx len=42
05-04 14:53:10.269: [u2m] 346673054 net sock0 MACRAW tx len=42
05-04 14:53:10.993: [u2eth] RX itf=w0 tot_len=754 ff ff ff ff ff ff b8 e9 37 de f1 32 08 00 45 00 02 e4 00 00 40 00 40 11 76 8e c0 a8 00 d3 ff ff ff ff 80 c6 07 6c 02 d0 01 c7 4e 4f 54 49 46 59 20 2a 20 48 54 54 50 2f 31 2e 31 0d 0a 48 4f 53 ...
05-04 14:53:11.045: [u2m] 347440788 net sock0 MACRAW rx len=754
05-04 14:53:11.318: [u2eth] RX itf=w0 tot_len=870 ff ff ff ff ff ff b8 e9 37 de f1 32 08 00 45 00 03 58 00 00 40 00 40 11 76 1a c0 a8 00 d3 ff ff ff ff 80 c6 07 6c 03 44 6a ce 4e 4f 54 49 46 59 20 2a 20 48 54 54 50 2f 31 2e 31 0d 0a 48 4f 53 ...
05-04 14:53:11.369: [u2m] 347762160 net sock0 MACRAW rx len=870
05-04 14:53:11.639: [u2eth] RX itf=w0 tot_len=757 ff ff ff ff ff ff b8 e9 37 de f1 32 08 00 45 00 02 e7 00 00 40 00 40 11 76 8b c0 a8 00 d3 ff ff ff ff 80 c6 07 6c 02 d3 79 43 4e 4f 54 49 46 59 20 2a 20 48 54 54 50 2f 31 2e 31 0d 0a 48 4f 53 ...
05-04 14:53:11.689: [u2eth] RX itf=w0 tot_len=63 ff ff ff ff ff ff 00 11 32 39 c1 2a 08 00 45 00 00 31 78 db 40 00 40 11 3f 87 c0 a8 00 0a c0 a8 00 ff b9 4b 7e 9c 00 1d cf 33 4d 2d 53 45 41 52 43 48 20 2a 20 48 54 54 50 2f 31 2e 31 0d 0a
05-04 14:53:11.690: [u2eth] RX itf=w0 tot_len=63 ff ff ff ff ff ff 00 11 32 39 c1 2a 08 00 45 00 00 31 fd 79 40 00 40 11 ba e7 c0 a8 00 0b c0 a8 00 ff 82 a3 7e 9c 00 1d 05 db 4d 2d 53 45 41 52 43 48 20 2a 20 48 54 54 50 2f 31 2e 31 0d 0a
05-04 14:53:11.739: [u2m] 348083532 net sock0 MACRAW rx len=757
05-04 14:53:11.739: [u2m] 348100709 net sock0 MACRAW rx len=63
05-04 14:53:11.740: [u2m] 348119706 net sock0 MACRAW rx len=63
05-04 14:53:11.956: [u2eth] RX itf=w0 tot_len=63 ff ff ff ff ff ff 00 11 32 39 c1 2a 08 00 45 00 00 31 78 f1 40 00 40 11 3f 71 c0 a8 00 0a c0 a8 00 ff 88 2d 7e 9e 00 1d 00 50 4d 2d 53 45 41 52 43 48 20 2a 20 48 54 54 50 2f 31 2e 31 0d 0a
05-04 14:53:12.008: [u2eth] RX itf=w0 tot_len=63 ff ff ff ff ff ff 00 11 32 39 c1 2a 08 00 45 00 00 31 fe 02 40 00 40 11 ba 5e c0 a8 00 0b c0 a8 00 ff b8 d9 7e 9e 00 1d cf a2 4d 2d 53 45 41 52 43 48 20 2a 20 48 54 54 50 2f 31 2e 31 0d 0a
05-04 14:53:12.009: [u2m] 348400377 net sock0 MACRAW rx len=63
05-04 14:53:12.009: [u2m] 348416794 net sock0 MACRAW rx len=63
05-04 14:53:12.550: [u2eth] RX itf=w0 tot_len=60 ff ff ff ff ff ff 00 0c 29 2c bb f0 08 06 00 01 08 00 06 04 00 01 00 0c 29 2c bb f0 c0 a8 00 01 00 00 00 00 00 00 c0 a8 00 d6 00 00 00 00 00 00 00 00 00 00 00 00 00 00 00 00 00 00
05-04 14:53:12.601: [u2m] 348993618 net sock0 MACRAW rx len=60
05-04 14:53:14.370: [u2eth] RX itf=w0 tot_len=60 ff ff ff ff ff ff 00 0c 29 2c bb f0 08 06 00 01 08 00 06 04 00 01 00 0c 29 2c bb f0 c0 a8 00 01 00 00 00 00 00 00 c0 a8 00 d6 00 00 00 00 00 00 00 00 00 00 00 00 00 00 00 00 00 00
05-04 14:53:14.422: [u2m] 350813503 net sock0 MACRAW rx len=60
05-04 14:53:16.539: [u2eth] RX itf=w0 tot_len=63 ff ff ff ff ff ff 00 11 32 39 c1 2a 08 00 45 00 00 31 8a 86 40 00 40 11 2d dc c0 a8 00 0a c0 a8 00 ff b9 4b 7e 9c 00 1d cf 33 4d 2d 53 45 41 52 43 48 20 2a 20 48 54 54 50 2f 31 2e 31 0d 0a
05-04 14:53:16.591: [u2eth] RX itf=w0 tot_len=63 ff ff ff ff ff ff 00 11 32 39 c1 2a 08 00 45 00 00 31 01 95 40 00 40 11 b6 cc c0 a8 00 0b c0 a8 00 ff 82 a3 7e 9c 00 1d 05 db 4d 2d 53 45 41 52 43 48 20 2a 20 48 54 54 50 2f 31 2e 31 0d 0a
05-04 14:53:16.592: [u2m] 352983434 net sock0 MACRAW rx len=63
05-04 14:53:16.593: [u2m] 352999866 net sock0 MACRAW rx len=63
05-04 14:53:17.132: [u2eth] RX itf=w0 tot_len=63 ff ff ff ff ff ff 00 11 32 39 c1 2a 08 00 45 00 00 31 8c 06 40 00 40 11 2c 5c c0 a8 00 0a c0 a8 00 ff 88 2d 7e 9e 00 1d 00 50 4d 2d 53 45 41 52 43 48 20 2a 20 48 54 54 50 2f 31 2e 31 0d 0a
05-04 14:53:17.184: [u2eth] RX itf=w0 tot_len=63 ff ff ff ff ff ff 00 11 32 39 c1 2a 08 00 45 00 00 31 03 44 40 00 40 11 b5 1d c0 a8 00 0b c0 a8 00 ff b8 d9 7e 9e 00 1d cf a2 4d 2d 53 45 41 52 43 48 20 2a 20 48 54 54 50 2f 31 2e 31 0d 0a
05-04 14:53:17.185: [u2eth] RX itf=w0 tot_len=60 ff ff ff ff ff ff 00 0c 29 2c bb f0 08 06 00 01 08 00 06 04 00 01 00 0c 29 2c bb f0 c0 a8 00 01 00 00 00 00 00 00 c0 a8 00 d6 00 00 00 00 00 00 00 00 00 00 00 00 00 00 00 00 00 00
05-04 14:53:17.233: [u2m] 353576710 net sock0 MACRAW rx len=63
05-04 14:53:17.234: [u2m] 353593144 net sock0 MACRAW rx len=63
05-04 14:53:17.234: [u2m] 353612131 net sock0 MACRAW rx len=60
05-04 14:53:18.047: [u2eth] RX itf=w0 tot_len=60 ff ff ff ff ff ff 00 50 56 b6 20 cd 08 06 00 01 08 00 06 04 00 01 00 50 56 b6 20 cd c0 a8 00 05 00 00 00 00 00 00 c0 a8 00 01 00 00 00 00 00 00 00 00 00 00 00 00 00 00 00 00 00 00
05-04 14:53:18.100: [u2m] 354492085 net sock0 MACRAW rx len=60
05-04 14:53:24.240: [u2] init
05-04 14:53:24.241: [u2m] U2 activity monitor on (UART 115200); bus+socket+net events; ring=256 flush<=128/call
05-04 14:53:24.241: [u2] ip65 debug: U2_IP65_CHECKPOINT=0 (0=off; 1..5=bisect; cmake -DU2_IP65_CHECKPOINT=n)

05-04 14:53:24.241: Megaflash DEBUG Firmware Version 33 (V1.2.1-eo)
05-04 14:53:24.242: Firmware build: 2026-05-03 03:55:51 UTC  (1777780551 Unix s)
05-04 14:53:24.242: CPU Clock Speed =150MHz
05-04 14:53:24.291: clk_peri =150MHz
05-04 14:53:24.291: SPI Speed = 75MHz
05-04 14:53:24.291: WIFI Supported = Yes
05-04 14:53:24.291: Total heap = 148412
05-04 14:53:24.291: Free heap  = 147296
05-04 14:53:27.596: Version: 7.95.49 (2271bb6 CY) CRC: b7a28ef3 Date: Mon 2021-11-29 22:50:27 PST Ucode Ver: 1043.2162 FWID 01-c51d9400
05-04 14:53:27.797: cyw43 loaded ok, mac 88:a2:9e:48:22:7a
05-04 14:53:27.798: [u2m] 14967 reset
05-04 14:53:27.798: GetNetworkTime()
05-04 14:53:27.849: NETPUMP: begin op=1 label=NTP taskid=0
05-04 14:53:27.899: API: 12.2
05-04 14:53:27.900: Data: RaspberryPi.PicoW
05-04 14:53:27.900: Compiler: 1.29.4
05-04 14:53:27.901: ClmImport: 1.47.1
05-04 14:53:27.901: Customization: v5 22/06/24
05-04 14:53:27.901: Creation: 2022-06-24 06:55:08

05-04 14:53:28.017: SSID=OIS-new

05-04 14:53:28.018: Connecting to Wifi Attempt:#1
05-04 14:53:28.067: connect status: 1
05-04 14:53:31.136: connect status: 2
05-04 14:53:32.997: connect status: 3
05-04 14:53:32.998: link_status=3
05-04 14:53:32.998: WIFI connected
05-04 14:53:32.998: IP address: 192.168.0.238
05-04 14:53:33.049: Gateway: 192.168.0.1
05-04 14:53:33.049: Netmask: 255.255.255.0
05-04 14:53:33.049: DNS Server: 192.168.0.1
05-04 14:53:33.050: CreateUdpPcb() pcb = 0x200115b8
05-04 14:53:33.050: NTP: EvtStart()
05-04 14:53:33.050: DNSLooup(): waiting for callback
05-04 14:53:33.099: NTP: EvtDNSResult dnserr=0
05-04 14:53:33.100: EvtDNSResult(): IP Addr = 23.150.41.122
05-04 14:53:33.100: Sending NTP Request Attempt: #1
05-04 14:53:33.149: NTP: EvtUDPReceived len=48 port=123
05-04 14:53:33.150: NTP: Valid response: mode=0x04 stratum=2
05-04 14:53:33.151: NTP: unix epoch = 1777920813
05-04 14:53:33.151: NETPUMP: end op=1 label=NTP taskid=0
05-04 14:53:33.151: GetNTP err=11 (11=NETERR_NONE)
05-04 14:53:34.633: [u2eth] RX itf=w0 tot_len=60 ff ff ff ff ff ff 00 0c 29 2c bb f0 08 06 00 01 08 00 06 04 00 01 00 0c 29 2c bb f0 c0 a8 00 01 00 00 00 00 00 00 c0 a8 00 d6 00 00 00 00 00 00 00 00 00 00 00 00 00 00 00 00 00 00
05-04 14:53:36.200: [u2eth] RX itf=w0 tot_len=60 ff ff ff ff ff ff 00 0c 29 2c bb f0 08 06 00 01 08 00 06 04 00 01 00 0c 29 2c bb f0 c0 a8 00 01 00 00 00 00 00 00 c0 a8 00 d6 00 00 00 00 00 00 00 00 00 00 00 00 00 00 00 00 00 00
05-04 14:53:36.520: [u2eth] RX itf=w0 tot_len=63 ff ff ff ff ff ff 00 11 32 39 c1 2a 08 00 45 00 00 31 b5 dc 40 00 40 11 02 86 c0 a8 00 0a c0 a8 00 ff b9 4b 7e 9c 00 1d cf 33 4d 2d 53 45 41 52 43 48 20 2a 20 48 54 54 50 2f 31 2e 31 0d 0a
05-04 14:53:36.571: [u2eth] RX itf=w0 tot_len=63 ff ff ff ff ff ff 00 11 32 39 c1 2a 08 00 45 00 00 31 24 c6 40 00 40 11 93 9b c0 a8 00 0b c0 a8 00 ff 82 a3 7e 9c 00 1d 05 db 4d 2d 53 45 41 52 43 48 20 2a 20 48 54 54 50 2f 31 2e 31 0d 0a
05-04 14:53:37.105: [u2eth] RX itf=w0 tot_len=63 ff ff ff ff ff ff 00 11 32 39 c1 2a 08 00 45 00 00 31 b6 d9 40 00 40 11 01 89 c0 a8 00 0a c0 a8 00 ff 88 2d 7e 9e 00 1d 00 50 4d 2d 53 45 41 52 43 48 20 2a 20 48 54 54 50 2f 31 2e 31 0d 0a
05-04 14:53:37.157: [u2eth] RX itf=w0 tot_len=63 ff ff ff ff ff ff 00 11 32 39 c1 2a 08 00 45 00 00 31 26 6e 40 00 40 11 91 f3 c0 a8 00 0b c0 a8 00 ff b8 d9 7e 9e 00 1d cf a2 4d 2d 53 45 41 52 43 48 20 2a 20 48 54 54 50 2f 31 2e 31 0d 0a
05-04 14:53:37.158: [u2eth] RX itf=w0 tot_len=60 ff ff ff ff ff ff 00 0c 29 2c bb f0 08 06 00 01 08 00 06 04 00 01 00 0c 29 2c bb f0 c0 a8 00 01 00 00 00 00 00 00 c0 a8 00 d6 00 00 00 00 00 00 00 00 00 00 00 00 00 00 00 00 00 00
05-04 14:53:38.960: [u2eth] RX itf=w0 tot_len=117 ff ff ff ff ff ff 48 a9 8a 19 46 12 08 00 45 00 00 67 15 23 00 00 ff 11 e5 b7 c0 a8 00 03 ff ff ff ff 16 2e 16 2e 00 53 1e b0 0b 23 01 00 00 01 00 06 48 a9 8a 19 46 12 00 05 00 08 4d 69 6b 72 ...
05-04 14:53:39.275: [u2eth] RX itf=w0 tot_len=60 ff ff ff ff ff ff 00 0c 29 2c bb f0 08 06 00 01 08 00 06 04 00 01 00 0c 29 2c bb f0 c0 a8 00 01 00 00 00 00 00 00 c0 a8 00 d6 00 00 00 00 00 00 00 00 00 00 00 00 00 00 00 00 00 00
05-04 14:53:40.493: [u2eth] RX itf=w0 tot_len=60 ff ff ff ff ff ff 00 0c 29 2c bb f0 08 06 00 01 08 00 06 04 00 01 00 0c 29 2c bb f0 c0 a8 00 01 00 00 00 00 00 00 c0 a8 00 d6 00 00 00 00 00 00 00 00 00 00 00 00 00 00 00 00 00 00
05-04 14:53:41.409: [u2eth] RX itf=w0 tot_len=63 ff ff ff ff ff ff 00 11 32 39 c1 2a 08 00 45 00 00 31 c5 05 40 00 40 11 f3 5c c0 a8 00 0a c0 a8 00 ff b9 4b 7e 9c 00 1d cf 33 4d 2d 53 45 41 52 43 48 20 2a 20 48 54 54 50 2f 31 2e 31 0d 0a
05-04 14:53:41.462: [u2eth] RX itf=w0 tot_len=63 ff ff ff ff ff ff 00 11 32 39 c1 2a 08 00 45 00 00 31 2d 95 40 00 40 11 8a cc c0 a8 00 0b c0 a8 00 ff 82 a3 7e 9c 00 1d 05 db 4d 2d 53 45 41 52 43 48 20 2a 20 48 54 54 50 2f 31 2e 31 0d 0a
05-04 14:53:42.045: [u2eth] RX itf=w0 tot_len=63 ff ff ff ff ff ff 00 11 32 39 c1 2a 08 00 45 00 00 31 c6 46 40 00 40 11 f2 1b c0 a8 00 0a c0 a8 00 ff 88 2d 7e 9e 00 1d 00 50 4d 2d 53 45 41 52 43 48 20 2a 20 48 54 54 50 2f 31 2e 31 0d 0a
05-04 14:53:42.097: [u2eth] RX itf=w0 tot_len=63 ff ff ff ff ff ff 00 11 32 39 c1 2a 08 00 45 00 00 31 2e 09 40 00 40 11 8a 58 c0 a8 00 0b c0 a8 00 ff b8 d9 7e 9e 00 1d cf a2 4d 2d 53 45 41 52 43 48 20 2a 20 48 54 54 50 2f 31 2e 31 0d 0a
05-04 14:53:45.132: [u2eth] RX itf=w0 tot_len=60 ff ff ff ff ff ff 00 0c 29 2c bb f0 08 06 00 01 08 00 06 04 00 01 00 0c 29 2c bb f0 c0 a8 00 01 00 00 00 00 00 00 c0 a8 00 d6 00 00 00 00 00 00 00 00 00 00 00 00 00 00 00 00 00 00
05-04 14:53:46.047: [u2eth] RX itf=w0 tot_len=60 ff ff ff ff ff ff 50 14 79 d6 67 b3 08 06 00 01 08 00 06 04 00 01 50 14 79 d6 67 b3 c0 a8 00 e0 ff ff ff ff ff ff c0 a8 00 01 00 00 00 00 00 00 00 00 00 00 00 00 00 00 00 00 00 00
05-04 14:53:46.663: [u2eth] RX itf=w0 tot_len=63 ff ff ff ff ff ff 00 11 32 39 c1 2a 08 00 45 00 00 31 c6 c1 40 00 40 11 f1 a0 c0 a8 00 0a c0 a8 00 ff b9 4b 7e 9c 00 1d cf 33 4d 2d 53 45 41 52 43 48 20 2a 20 48 54 54 50 2f 31 2e 31 0d 0a
05-04 14:53:46.715: [u2eth] RX itf=w0 tot_len=63 ff ff ff ff ff ff 00 11 32 39 c1 2a 08 00 45 00 00 31 3d 55 40 00 40 11 7b 0c c0 a8 00 0b c0 a8 00 ff 82 a3 7e 9c 00 1d 05 db 4d 2d 53 45 41 52 43 48 20 2a 20 48 54 54 50 2f 31 2e 31 0d 0a
05-04 14:53:46.949: [u2eth] RX itf=w0 tot_len=60 ff ff ff ff ff ff 00 50 56 9a 7f 3a 08 06 00 01 08 00 06 04 00 01 00 50 56 9a 7f 3a c0 a8 00 04 00 00 00 00 00 00 c0 a8 00 05 00 00 00 00 00 00 00 00 00 00 00 00 00 00 00 00 00 00
05-04 14:53:47.001: [u2eth] RX itf=w0 tot_len=60 ff ff ff ff ff ff 00 50 56 b6 20 cd 08 06 00 01 08 00 06 04 00 01 00 50 56 b6 20 cd c0 a8 00 05 00 00 00 00 00 00 c0 a8 00 04 00 00 00 00 00 00 00 00 00 00 00 00 00 00 00 00 00 00
05-04 14:53:47.002: [u2eth] RX itf=w0 tot_len=63 ff ff ff ff ff ff 00 11 32 39 c1 2a 08 00 45 00 00 31 c7 db 40 00 40 11 f0 86 c0 a8 00 0a c0 a8 00 ff 88 2d 7e 9e 00 1d 00 50 4d 2d 53 45 41 52 43 48 20 2a 20 48 54 54 50 2f 31 2e 31 0d 0a
05-04 14:53:47.051: [u2eth] RX itf=w0 tot_len=63 ff ff ff ff ff ff 00 11 32 39 c1 2a 08 00 45 00 00 31 3e ef 40 00 40 11 79 72 c0 a8 00 0b c0 a8 00 ff b8 d9 7e 9e 00 1d cf a2 4d 2d 53 45 41 52 43 48 20 2a 20 48 54 54 50 2f 31 2e 31 0d 0a
05-04 14:53:48.171: [u2eth] RX itf=w0 tot_len=60 ff ff ff ff ff ff 00 0c 29 2c bb f0 08 06 00 01 08 00 06 04 00 01 00 0c 29 2c bb f0 c0 a8 00 01 00 00 00 00 00 00 c0 a8 00 d6 00 00 00 00 00 00 00 00 00 00 00 00 00 00 00 00 00 00
05-04 14:53:48.485: [u2tap] drain len=292 ff ff ff ff ff ff 00 08 dc a2 a2 a2 08 00 45 00 01 15 34 12 40 00 40 11 05 c7 00 00 00 00 ff ff ff ff 00 44 00 43 01 01 c4 59 01 01 06 00 01 02 03 04 00 00 80 00 00 00 00 00 00 00 00 00 00 00 ...
05-04 14:53:48.537: [u2tap] core0-pre len=292 ff ff ff ff ff ff 00 08 dc a2 a2 a2 08 00 45 00 01 15 34 12 40 00 40 11 05 c7 00 00 00 00 ff ff ff ff 00 44 00 43 01 01 c4 59 01 01 06 00 01 02 03 04 00 00 80 00 00 00 00 00 00 00 00 00 00 00 ...
05-04 14:53:48.538: [u2tap] core0-post len=292 ff ff ff ff ff ff 88 a2 9e 48 22 7a 08 00 45 00 01 15 34 12 40 00 40 11 05 c7 00 00 00 00 ff ff ff ff 00 44 00 43 01 01 c4 59 01 01 06 00 01 02 03 04 00 00 80 00 00 00 00 00 00 00 00 00 00 00 ...
05-04 14:53:48.588: [u2eth] TX itf=w0 tot_len=292 ff ff ff ff ff ff 88 a2 9e 48 22 7a 08 00 45 00 01 15 34 12 40 00 40 11 05 c7 00 00 00 00 ff ff ff ff 00 44 00 43 01 01 c4 59 01 01 06 00 01 02 03 04 00 00 80 00 00 00 00 00 00 00 00 00 00 00 ...
05-04 14:53:48.589: [u2m] 24227619 sock0 OPEN mr=0x44 port=0 ok
05-04 14:53:48.590: [u2m] 24233791 sock0 SEND
05-04 14:53:48.590: [u2m] 24233809 net sock0 MACRAW ptrs len=292 rd=0x0000 wr=0x0124 rdm=0x00 wrm=0x24
05-04 14:53:48.590: [u2m] 24233840 net sock0 MACRAW tx len=292
05-04 14:53:48.590: [u2m] 24303604 sock0 SEND
05-04 14:53:48.590: [u2m] 24303610 net sock0 MACRAW ptrs len=292 rd=0x0124 wr=0x0248 rdm=0x24 wrm=0x48
05-04 14:53:48.638: [u2m] 24303635 net sock0 MACRAW tx len=292
05-04 14:53:48.638: [u2m] 24347044 net sock0 MACRAW tx len=292
05-04 14:53:48.687: [u2tap] drain len=292 ff ff ff ff ff ff 00 08 dc a2 a2 a2 08 00 45 00 01 15 34 12 40 00 40 11 05 c7 00 00 00 00 ff ff ff ff 00 44 00 43 01 01 c4 59 01 01 06 00 01 02 03 04 00 00 80 00 00 00 00 00 00 00 00 00 00 00 ...
05-04 14:53:48.689: [u2tap] core0-pre len=292 ff ff ff ff ff ff 00 08 dc a2 a2 a2 08 00 45 00 01 15 34 12 40 00 40 11 05 c7 00 00 00 00 ff ff ff ff 00 44 00 43 01 01 c4 59 01 01 06 00 01 02 03 04 00 00 80 00 00 00 00 00 00 00 00 00 00 00 ...
05-04 14:53:48.690: [u2tap] core0-post len=292 ff ff ff ff ff ff 88 a2 9e 48 22 7a 08 00 45 00 01 15 34 12 40 00 40 11 05 c7 00 00 00 00 ff ff ff ff 00 44 00 43 01 01 c4 59 01 01 06 00 01 02 03 04 00 00 80 00 00 00 00 00 00 00 00 00 00 00 ...
05-04 14:53:48.740: [u2eth] TX itf=w0 tot_len=292 ff ff ff ff ff ff 88 a2 9e 48 22 7a 08 00 45 00 01 15 34 12 40 00 40 11 05 c7 00 00 00 00 ff ff ff ff 00 44 00 43 01 01 c4 59 01 01 06 00 01 02 03 04 00 00 80 00 00 00 00 00 00 00 00 00 00 00 ...
05-04 14:53:48.741: [u2m] 24438246 sock0 SEND
05-04 14:53:48.741: [u2m] 24438258 net sock0 MACRAW ptrs len=292 rd=0x0248 wr=0x036C rdm=0x48 wrm=0x6C
05-04 14:53:48.741: [u2m] 24438287 net sock0 MACRAW tx len=292
05-04 14:53:48.741: [u2m] 24506383 net sock0 MACRAW tx len=292
05-04 14:53:48.789: [u2tap] drain len=292 ff ff ff ff ff ff 00 08 dc a2 a2 a2 08 00 45 00 01 15 34 12 40 00 40 11 05 c7 00 00 00 00 ff ff ff ff 00 44 00 43 01 01 c4 59 01 01 06 00 01 02 03 04 00 00 80 00 00 00 00 00 00 00 00 00 00 00 ...
05-04 14:53:48.840: [u2tap] core0-pre len=292 ff ff ff ff ff ff 00 08 dc a2 a2 a2 08 00 45 00 01 15 34 12 40 00 40 11 05 c7 00 00 00 00 ff ff ff ff 00 44 00 43 01 01 c4 59 01 01 06 00 01 02 03 04 00 00 80 00 00 00 00 00 00 00 00 00 00 00 ...
05-04 14:53:48.842: [u2tap] core0-post len=292 ff ff ff ff ff ff 88 a2 9e 48 22 7a 08 00 45 00 01 15 34 12 40 00 40 11 05 c7 00 00 00 00 ff ff ff ff 00 44 00 43 01 01 c4 59 01 01 06 00 01 02 03 04 00 00 80 00 00 00 00 00 00 00 00 00 00 00 ...
05-04 14:53:48.890: [u2eth] TX itf=w0 tot_len=292 ff ff ff ff ff ff 88 a2 9e 48 22 7a 08 00 45 00 01 15 34 12 40 00 40 11 05 c7 00 00 00 00 ff ff ff ff 00 44 00 43 01 01 c4 59 01 01 06 00 01 02 03 04 00 00 80 00 00 00 00 00 00 00 00 00 00 00 ...
05-04 14:53:48.891: [u2eth] RX itf=w0 tot_len=342 ff ff ff ff ff ff 00 0c 29 2c bb f0 08 00 45 10 01 48 00 00 00 00 80 11 78 ec c0 a8 00 01 ff ff ff ff 00 43 00 44 01 34 ad 34 02 01 06 00 01 02 03 04 00 00 80 00 00 00 00 00 c0 a8 00 f5 00 00 ...
05-04 14:53:48.892: [u2eth] RX itf=w0 tot_len=342 ff ff ff ff ff ff 00 0c 29 2c bb f0 08 00 45 10 01 48 00 00 00 00 80 11 78 ec c0 a8 00 01 ff ff ff ff 00 43 00 44 01 34 ad 34 02 01 06 00 01 02 03 04 00 00 80 00 00 00 00 00 c0 a8 00 f5 00 00 ...
05-04 14:53:48.941: [u2eth] RX itf=w0 tot_len=342 ff ff ff ff ff ff 00 0c 29 2c bb f0 08 00 45 10 01 48 00 00 00 00 80 11 78 ec c0 a8 00 01 ff ff ff ff 00 43 00 44 01 34 ad 34 02 01 06 00 01 02 03 04 00 00 80 00 00 00 00 00 c0 a8 00 f5 00 00 ...
05-04 14:53:48.942: [u2eth] RX itf=w0 tot_len=342 ff ff ff ff ff ff 00 0c 29 2c bb f0 08 00 45 10 01 48 00 00 00 00 80 11 78 ec c0 a8 00 01 ff ff ff ff 00 43 00 44 01 34 ad 34 02 01 06 00 01 02 03 04 00 00 80 00 00 00 00 00 c0 a8 00 f5 00 00 ...
05-04 14:53:48.990: [u2eth] RX itf=w0 tot_len=342 ff ff ff ff ff ff 00 0c 29 2c bb f0 08 00 45 10 01 48 00 00 00 00 80 11 78 ec c0 a8 00 01 ff ff ff ff 00 43 00 44 01 34 ad 34 02 01 06 00 01 02 03 04 00 00 80 00 00 00 00 00 c0 a8 00 f5 00 00 ...
05-04 14:53:48.992: [u2eth] RX itf=w0 tot_len=342 ff ff ff ff ff ff 00 0c 29 2c bb f0 08 00 45 10 01 48 00 00 00 00 80 11 78 ec c0 a8 00 01 ff ff ff ff 00 43 00 44 01 34 ad 34 02 01 06 00 01 02 03 04 00 00 80 00 00 00 00 00 c0 a8 00 f5 00 00 ...
05-04 14:53:48.993: [u2eth] RX itf=w0 tot_len=342 ff ff ff ff ff ff 00 0c 29 2c bb f0 08 00 45 10 01 48 00 00 00 00 80 11 78 ec c0 a8 00 01 ff ff ff ff 00 43 00 44 01 34 ad 34 02 01 06 00 01 02 03 04 00 00 80 00 00 00 00 00 c0 a8 00 f5 00 00 ...
05-04 14:53:49.041: [u2eth] RX itf=w0 tot_len=342 ff ff ff ff ff ff 00 0c 29 2c bb f0 08 00 45 10 01 48 00 00 00 00 80 11 78 ec c0 a8 00 01 ff ff ff ff 00 43 00 44 01 34 ad 34 02 01 06 00 01 02 03 04 00 00 80 00 00 00 00 00 c0 a8 00 f5 00 00 ...
05-04 14:53:49.043: [u2m] 24629722 sock0 SEND
05-04 14:53:49.043: [u2m] 24629729 net sock0 MACRAW ptrs len=292 rd=0x036C wr=0x0490 rdm=0x6C wrm=0x90
05-04 14:53:49.043: [u2m] 24629760 net sock0 MACRAW tx len=292
05-04 14:53:49.044: [u2m] 24648366 net sock0 MACRAW tx len=292
05-04 14:53:49.044: [u2m] 24648601 net sock0 MACRAW rx len=342
05-04 14:53:49.091: [u2m] 24656244 sock0 RECV
05-04 14:53:49.091: [u2m] 24661764 sock0 SEND
05-04 14:53:49.091: [u2m] 24661767 net sock0 MACRAW ptrs len=298 rd=0x0490 wr=0x05BA rdm=0x90 wrm=0xBA
05-04 14:53:49.092: [u2m] 24661796 net sock0 MACRAW tx len=298
05-04 14:53:49.092: [u2m] 24668166 net sock0 MACRAW rx len=342
05-04 14:53:49.092: [u2m] 24680135 sock0 RECV
05-04 14:53:49.092: [u2m] 24687802 net sock0 MACRAW rx len=342
05-04 14:53:49.093: [u2m] 24701054 sock0 SEND
05-04 14:53:49.093: [u2m] 24701058 net sock0 MACRAW ptrs len=42 rd=0x05BA wr=0x05E4 rdm=0xBA wrm=0xE4
05-04 14:53:49.093: [u2m] 24701064 net sock0 MACRAW tx len=42
05-04 14:53:49.093: [u2m] 24707495 net sock0 MACRAW rx len=342
05-04 14:53:49.093: [u2m] 24711284 sock0 RECV
05-04 14:53:49.094: [u2m] 24716036 sock0 RECV
05-04 14:53:49.094: [u2m] 24727190 net sock0 MACRAW rx len=342
05-04 14:53:49.142: [u2m] 24746882 net sock0 MACRAW rx len=342
05-04 14:53:49.142: [u2m] 24766583 net sock0 MACRAW rx len=342
05-04 14:53:49.143: [u2m] 24786286 net sock0 MACRAW rx len=342
05-04 14:53:49.191: [u2eth] TX itf=w0 tot_len=42 ff ff ff ff ff ff 88 a2 9e 48 22 7a 08 06 00 01 08 00 06 04 00 01 00 08 dc a2 a2 a2 c0 a8 00 f5 00 00 00 00 00 00 c0 a8 00 9a
05-04 14:53:49.193: [u2eth] RX itf=w0 tot_len=60 ff ff ff ff ff ff 00 50 56 6b 80 56 08 06 00 01 08 00 06 04 00 01 00 50 56 6b 80 56 c0 a8 00 1c 00 00 00 00 00 00 c0 a8 00 0e 00 00 00 00 00 00 00 00 00 00 00 00 00 00 00 00 00 00
05-04 14:53:49.194: [u2eth] RX itf=w0 tot_len=342 ff ff ff ff ff ff 00 0c 29 2c bb f0 08 00 45 10 01 48 00 00 00 00 80 11 78 ec c0 a8 00 01 ff ff ff ff 00 43 00 44 01 34 ad 34 02 01 06 00 01 02 03 04 00 00 80 00 00 00 00 00 c0 a8 00 f5 00 00 ...
05-04 14:53:49.243: [u2eth] RX itf=w0 tot_len=342 ff ff ff ff ff ff 00 0c 29 2c bb f0 08 00 45 10 01 48 00 00 00 00 80 11 78 ec c0 a8 00 01 ff ff ff ff 00 43 00 44 01 34 ad 34 02 01 06 00 01 02 03 04 00 00 80 00 00 00 00 00 c0 a8 00 f5 00 00 ...
05-04 14:53:49.244: [u2eth] RX itf=w0 tot_len=342 ff ff ff ff ff ff 00 0c 29 2c bb f0 08 00 45 10 01 48 00 00 00 00 80 11 78 ec c0 a8 00 01 ff ff ff ff 00 43 00 44 01 34 ad 34 02 01 06 00 01 02 03 04 00 00 80 00 00 00 00 00 c0 a8 00 f5 00 00 ...
05-04 14:53:49.245: [u2eth] RX itf=w0 tot_len=342 ff ff ff ff ff ff 00 0c 29 2c bb f0 08 00 45 10 01 48 00 00 00 00 80 11 78 ec c0 a8 00 01 ff ff ff ff 00 43 00 44 01 34 ad 34 02 01 06 00 01 02 03 04 00 00 80 00 00 00 00 00 c0 a8 00 f5 00 00 ...
05-04 14:53:49.294: [u2m] 24950724 net sock0 MACRAW tx len=42
05-04 14:53:49.294: [u2m] 24950889 net sock0 MACRAW rx len=60
05-04 14:53:49.295: [u2m] 24969018 net sock0 MACRAW rx len=342
05-04 14:53:49.295: [u2m] 24988719 net sock0 MACRAW rx len=342
05-04 14:53:49.295: [u2m] 25008396 net sock0 MACRAW rx len=342
05-04 14:53:49.343: [u2m] 25028092 net sock0 MACRAW rx len=342
05-04 14:53:49.393: [u2eth] RX itf=w0 tot_len=60 ff ff ff ff ff ff 00 0c 29 2c bb f0 08 06 00 01 08 00 06 04 00 01 00 0c 29 2c bb f0 c0 a8 00 01 00 00 00 00 00 00 c0 a8 00 d6 00 00 00 00 00 00 00 00 00 00 00 00 00 00 00 00 00 00
05-04 14:53:49.444: [u2m] 25170677 net sock0 MACRAW rx len=60
05-04 14:53:50.305: [u2eth] RX itf=w0 tot_len=60 ff ff ff ff ff ff 00 0c 29 2c bb f0 08 06 00 01 08 00 06 04 00 01 00 0c 29 2c bb f0 c0 a8 00 01 00 00 00 00 00 00 c0 a8 00 d6 00 00 00 00 00 00 00 00 00 00 00 00 00 00 00 00 00 00
05-04 14:53:50.358: [u2m] 26090310 net sock0 MACRAW rx len=60
05-04 14:53:51.575: [u2eth] RX itf=w0 tot_len=63 ff ff ff ff ff ff 00 11 32 39 c1 2a 08 00 45 00 00 31 cc c7 40 00 40 11 eb 9a c0 a8 00 0a c0 a8 00 ff b9 4b 7e 9c 00 1d cf 33 4d 2d 53 45 41 52 43 48 20 2a 20 48 54 54 50 2f 31 2e 31 0d 0a
05-04 14:53:51.626: [u2eth] RX itf=w0 tot_len=63 ff ff ff ff ff ff 00 11 32 39 c1 2a 08 00 45 00 00 31 50 99 40 00 40 11 67 c8 c0 a8 00 0b c0 a8 00 ff 82 a3 7e 9c 00 1d 05 db 4d 2d 53 45 41 52 43 48 20 2a 20 48 54 54 50 2f 31 2e 31 0d 0a
05-04 14:53:51.626: [u2m] 27360005 net sock0 MACRAW rx len=63
05-04 14:53:51.627: [u2m] 27376438 net sock0 MACRAW rx len=63
05-04 14:53:52.168: [u2eth] RX itf=w0 tot_len=63 ff ff ff ff ff ff 00 11 32 39 c1 2a 08 00 45 00 00 31 cc db 40 00 40 11 eb 86 c0 a8 00 0a c0 a8 00 ff 88 2d 7e 9e 00 1d 00 50 4d 2d 53 45 41 52 43 48 20 2a 20 48 54 54 50 2f 31 2e 31 0d 0a
05-04 14:53:52.221: [u2eth] RX itf=w0 tot_len=63 ff ff ff ff ff ff 00 11 32 39 c1 2a 08 00 45 00 00 31 52 07 40 00 40 11 66 5a c0 a8 00 0b c0 a8 00 ff b8 d9 7e 9e 00 1d cf a2 4d 2d 53 45 41 52 43 48 20 2a 20 48 54 54 50 2f 31 2e 31 0d 0a
05-04 14:53:52.222: [u2m] 27953080 net sock0 MACRAW rx len=63
05-04 14:53:52.222: [u2m] 27969503 net sock0 MACRAW rx len=63
05-04 14:53:54.011: [u2eth] RX itf=w0 tot_len=60 ff ff ff ff ff ff 00 0c 29 2c bb f0 08 06 00 01 08 00 06 04 00 01 00 0c 29 2c bb f0 c0 a8 00 01 00 00 00 00 00 00 c0 a8 00 6f 00 00 00 00 00 00 00 00 00 00 00 00 00 00 00 00 00 00
05-04 14:53:54.063: [u2m] 29796386 net sock0 MACRAW rx len=60
05-04 14:53:54.330: [u2eth] RX itf=w0 tot_len=60 ff ff ff ff ff ff 00 0c 29 2c bb f0 08 06 00 01 08 00 06 04 00 01 00 0c 29 2c bb f0 c0 a8 00 01 00 00 00 00 00 00 c0 a8 00 d6 00 00 00 00 00 00 00 00 00 00 00 00 00 00 00 00 00 00
05-04 14:53:54.383: [u2m] 30115916 net sock0 MACRAW rx len=60
05-04 14:53:55.250: [u2eth] RX itf=w0 tot_len=60 ff ff ff ff ff ff 00 0c 29 2c bb f0 08 06 00 01 08 00 06 04 00 01 00 0c 29 2c bb f0 c0 a8 00 01 00 00 00 00 00 00 c0 a8 00 d6 00 00 00 00 00 00 00 00 00 00 00 00 00 00 00 00 00 00
05-04 14:53:55.303: [u2m] 31035519 net sock0 MACRAW rx len=60
05-04 14:53:56.220: [u2m] 31983277 sock0 RECV
05-04 14:53:56.221: [u2m] 31988623 sock0 RECV
05-04 14:53:56.221: [u2m] 31993800 sock0 RECV
05-04 14:53:56.272: [u2m] 31998976 sock0 RECV
05-04 14:53:56.272: [u2m] 32002518 sock0 RECV
05-04 14:53:56.272: [u2m] 32007512 sock0 RECV
05-04 14:53:56.272: [u2m] 32012687 sock0 RECV
05-04 14:53:56.272: [u2m] 32017860 sock0 RECV
05-04 14:53:56.321: [u2m] 32023078 sock0 RECV
05-04 14:53:56.322: [u2m] 32026618 sock0 RECV
05-04 14:53:56.322: [u2m] 32029961 sock0 RECV
05-04 14:53:56.322: [u2m] 32033321 sock0 RECV
05-04 14:53:56.323: [u2m] 32036915 sock0 RECV
05-04 14:53:56.323: [u2m] 32040482 sock0 RECV
05-04 14:53:56.323: [u2m] 32044049 sock0 RECV
05-04 14:53:56.323: [u2m] 32047598 sock0 RECV
05-04 14:53:56.323: [u2m] 32050941 sock0 RECV
05-04 14:53:56.324: [u2m] 32054283 sock0 RECV
05-04 14:53:56.457: [u2eth] RX itf=w0 tot_len=63 ff ff ff ff ff ff 00 11 32 39 c1 2a 08 00 45 00 00 31 d0 52 40 00 40 11 e8 0f c0 a8 00 0a c0 a8 00 ff b9 4b 7e 9c 00 1d cf 33 4d 2d 53 45 41 52 43 48 20 2a 20 48 54 54 50 2f 31 2e 31 0d 0a
05-04 14:53:56.509: [u2eth] RX itf=w0 tot_len=63 ff ff ff ff ff ff 00 11 32 39 c1 2a 08 00 45 00 00 31 5c 44 40 00 40 11 5c 1d c0 a8 00 0b c0 a8 00 ff 82 a3 7e 9c 00 1d 05 db 4d 2d 53 45 41 52 43 48 20 2a 20 48 54 54 50 2f 31 2e 31 0d 0a
05-04 14:53:56.511: [u2m] 32241930 net sock0 MACRAW rx len=63
05-04 14:53:56.511: [u2m] 32246623 sock0 RECV
05-04 14:53:56.511: [u2m] 32258369 net sock0 MACRAW rx len=63
05-04 14:53:56.511: [u2m] 32264491 sock0 RECV
05-04 14:53:57.105: [u2eth] RX itf=w0 tot_len=63 ff ff ff ff ff ff 00 11 32 39 c1 2a 08 00 45 00 00 31 d2 11 40 00 40 11 e6 50 c0 a8 00 0a c0 a8 00 ff 88 2d 7e 9e 00 1d 00 50 4d 2d 53 45 41 52 43 48 20 2a 20 48 54 54 50 2f 31 2e 31 0d 0a
05-04 14:53:57.157: [u2eth] RX itf=w0 tot_len=63 ff ff ff ff ff ff 00 11 32 39 c1 2a 08 00 45 00 00 31 5d 44 40 00 40 11 5b 1d c0 a8 00 0b c0 a8 00 ff b8 d9 7e 9e 00 1d cf a2 4d 2d 53 45 41 52 43 48 20 2a 20 48 54 54 50 2f 31 2e 31 0d 0a
05-04 14:53:57.159: [u2m] 32889699 net sock0 MACRAW rx len=63
05-04 14:53:57.159: [u2m] 32895522 sock0 RECV
05-04 14:53:57.159: [u2m] 32906138 net sock0 MACRAW rx len=63
05-04 14:53:57.159: [u2m] 32910735 sock0 RECV
05-04 14:53:59.553: [u2eth] RX itf=w0 tot_len=60 ff ff ff ff ff ff 00 0c 29 2c bb f0 08 06 00 01 08 00 06 04 00 01 00 0c 29 2c bb f0 c0 a8 00 01 00 00 00 00 00 00 c0 a8 00 d6 00 00 00 00 00 00 00 00 00 00 00 00 00 00 00 00 00 00
05-04 14:53:59.606: [u2m] 35337825 net sock0 MACRAW rx len=60
05-04 14:54:01.672: [u2eth] RX itf=w0 tot_len=63 ff ff ff ff ff ff 00 11 32 39 c1 2a 08 00 45 00 00 31 d4 77 40 00 40 11 e3 ea c0 a8 00 0a c0 a8 00 ff b9 4b 7e 9c 00 1d cf 33 4d 2d 53 45 41 52 43 48 20 2a 20 48 54 54 50 2f 31 2e 31 0d 0a
05-04 14:54:01.725: [u2eth] RX itf=w0 tot_len=63 ff ff ff ff ff ff 00 11 32 39 c1 2a 08 00 45 00 00 31 61 4a 40 00 40 11 57 17 c0 a8 00 0b c0 a8 00 ff 82 a3 7e 9c 00 1d 05 db 4d 2d 53 45 41 52 43 48 20 2a 20 48 54 54 50 2f 31 2e 31 0d 0a
05-04 14:54:01.726: [u2m] 37457677 net sock0 MACRAW rx len=63
05-04 14:54:01.726: [u2m] 37474112 net sock0 MACRAW rx len=63
05-04 14:54:02.013: [u2eth] RX itf=w0 tot_len=63 ff ff ff ff ff ff 00 11 32 39 c1 2a 08 00 45 00 00 31 d6 11 40 00 40 11 e2 50 c0 a8 00 0a c0 a8 00 ff 88 2d 7e 9e 00 1d 00 50 4d 2d 53 45 41 52 43 48 20 2a 20 48 54 54 50 2f 31 2e 31 0d 0a
05-04 14:54:02.065: [u2eth] RX itf=w0 tot_len=63 ff ff ff ff ff ff 00 11 32 39 c1 2a 08 00 45 00 00 31 62 51 40 00 40 11 56 10 c0 a8 00 0b c0 a8 00 ff b8 d9 7e 9e 00 1d cf a2 4d 2d 53 45 41 52 43 48 20 2a 20 48 54 54 50 2f 31 2e 31 0d 0a
05-04 14:54:02.066: [u2m] 37800712 net sock0 MACRAW rx len=63
05-04 14:54:02.115: [u2m] 37817144 net sock0 MACRAW rx len=63
05-04 14:54:02.210: [u2m] 37955014 sock0 RECV
05-04 14:54:03.554: [u2eth] RX itf=w0 tot_len=60 ff ff ff ff ff ff 00 0c 29 2c bb f0 08 06 00 01 08 00 06 04 00 01 00 0c 29 2c bb f0 c0 a8 00 01 00 00 00 00 00 00 c0 a8 00 d6 00 00 00 00 00 00 00 00 00 00 00 00 00 00 00 00 00 00
05-04 14:54:03.607: [u2m] 39344149 net sock0 MACRAW rx len=60
05-04 14:54:06.278: [u2eth] RX itf=w0 tot_len=60 ff ff ff ff ff ff 00 0c 29 2c bb f0 08 06 00 01 08 00 06 04 00 01 00 0c 29 2c bb f0 c0 a8 00 01 00 00 00 00 00 00 c0 a8 00 d6 00 00 00 00 00 00 00 00 00 00 00 00 00 00 00 00 00 00
05-04 14:54:06.329: [u2m] 42064191 net sock0 MACRAW rx len=60
05-04 14:54:06.598: [u2eth] RX itf=w0 tot_len=63 ff ff ff ff ff ff 00 11 32 39 c1 2a 08 00 45 00 00 31 e6 5a 40 00 40 11 d2 07 c0 a8 00 0a c0 a8 00 ff b9 4b 7e 9c 00 1d cf 33 4d 2d 53 45 41 52 43 48 20 2a 20 48 54 54 50 2f 31 2e 31 0d 0a
05-04 14:54:06.651: [u2eth] RX itf=w0 tot_len=63 ff ff ff ff ff ff 00 11 32 39 c1 2a 08 00 45 00 00 31 6a 39 40 00 40 11 4e 28 c0 a8 00 0b c0 a8 00 ff 82 a3 7e 9c 00 1d 05 db 4d 2d 53 45 41 52 43 48 20 2a 20 48 54 54 50 2f 31 2e 31 0d 0a
05-04 14:54:06.652: [u2m] 42383684 net sock0 MACRAW rx len=63
05-04 14:54:06.652: [u2m] 42400110 net sock0 MACRAW rx len=63
05-04 14:54:06.891: [u2eth] RX itf=w0 tot_len=63 ff ff ff ff ff ff 00 11 32 39 c1 2a 08 00 45 00 00 31 e8 0e 40 00 40 11 d0 53 c0 a8 00 0a c0 a8 00 ff 88 2d 7e 9e 00 1d 00 50 4d 2d 53 45 41 52 43 48 20 2a 20 48 54 54 50 2f 31 2e 31 0d 0a
05-04 14:54:06.942: [u2eth] RX itf=w0 tot_len=63 ff ff ff ff ff ff 00 11 32 39 c1 2a 08 00 45 00 00 31 6b d3 40 00 40 11 4c 8e c0 a8 00 0b c0 a8 00 ff b8 d9 7e 9e 00 1d cf a2 4d 2d 53 45 41 52 43 48 20 2a 20 48 54 54 50 2f 31 2e 31 0d 0a
05-04 14:54:06.944: [u2eth] RX itf=w0 tot_len=60 ff ff ff ff ff ff 50 14 79 d6 67 b3 08 06 00 01 08 00 06 04 00 01 50 14 79 d6 67 b3 c0 a8 00 e0 ff ff ff ff ff ff c0 a8 00 01 00 00 00 00 00 00 00 00 00 00 00 00 00 00 00 00 00 00
05-04 14:54:06.992: [u2m] 42676707 net sock0 MACRAW rx len=63
05-04 14:54:06.992: [u2m] 42693137 net sock0 MACRAW rx len=63
05-04 14:54:06.992: [u2m] 42712125 net sock0 MACRAW rx len=60
05-04 14:54:09.653: [u2eth] RX itf=w0 tot_len=60 ff ff ff ff ff ff 00 0c 29 2c bb f0 08 06 00 01 08 00 06 04 00 01 00 0c 29 2c bb f0 c0 a8 00 01 00 00 00 00 00 00 c0 a8 00 d6 00 00 00 00 00 00 00 00 00 00 00 00 00 00 00 00 00 00
05-04 14:54:09.705: [u2m] 45442220 net sock0 MACRAW rx len=60
05-04 14:54:11.524: [u2eth] RX itf=w0 tot_len=63 ff ff ff ff ff ff 00 11 32 39 c1 2a 08 00 45 00 00 31 f3 57 40 00 40 11 c5 0a c0 a8 00 0a c0 a8 00 ff b9 4b 7e 9c 00 1d cf 33 4d 2d 53 45 41 52 43 48 20 2a 20 48 54 54 50 2f 31 2e 31 0d 0a
05-04 14:54:11.577: [u2eth] RX itf=w0 tot_len=63 ff ff ff ff ff ff 00 11 32 39 c1 2a 08 00 45 00 00 31 78 b0 40 00 40 11 3f b1 c0 a8 00 0b c0 a8 00 ff 82 a3 7e 9c 00 1d 05 db 4d 2d 53 45 41 52 43 48 20 2a 20 48 54 54 50 2f 31 2e 31 0d 0a
05-04 14:54:11.578: [u2m] 47312027 net sock0 MACRAW rx len=63
05-04 14:54:11.627: [u2m] 47328466 net sock0 MACRAW rx len=63
05-04 14:54:12.120: [u2eth] RX itf=w0 tot_len=63 ff ff ff ff ff ff 00 11 32 39 c1 2a 08 00 45 00 00 31 f4 0c 40 00 40 11 c4 55 c0 a8 00 0a c0 a8 00 ff 88 2d 7e 9e 00 1d 00 50 4d 2d 53 45 41 52 43 48 20 2a 20 48 54 54 50 2f 31 2e 31 0d 0a
05-04 14:54:12.172: [u2eth] RX itf=w0 tot_len=63 ff ff ff ff ff ff 00 11 32 39 c1 2a 08 00 45 00 00 31 7a 75 40 00 40 11 3d ec c0 a8 00 0b c0 a8 00 ff b8 d9 7e 9e 00 1d cf a2 4d 2d 53 45 41 52 43 48 20 2a 20 48 54 54 50 2f 31 2e 31 0d 0a
05-04 14:54:12.174: [u2m] 47905097 net sock0 MACRAW rx len=63
05-04 14:54:12.174: [u2m] 47921532 net sock0 MACRAW rx len=63
05-04 14:54:12.763: [u2eth] RX itf=w0 tot_len=60 ff ff ff ff ff ff 00 0c 29 2c bb f0 08 06 00 01 08 00 06 04 00 01 00 0c 29 2c bb f0 c0 a8 00 01 00 00 00 00 00 00 c0 a8 00 d6 00 00 00 00 00 00 00 00 00 00 00 00 00 00 00 00 00 00
05-04 14:54:12.815: [u2m] 48548211 net sock0 MACRAW rx len=60
05-04 14:54:15.530: [u2eth] RX itf=w0 tot_len=60 ff ff ff ff ff ff 00 0c 29 2c bb f0 08 06 00 01 08 00 06 04 00 01 00 0c 29 2c bb f0 c0 a8 00 01 00 00 00 00 00 00 c0 a8 00 d6 00 00 00 00 00 00 00 00 00 00 00 00 00 00 00 00 00 00
05-04 14:54:15.583: [u2m] 51318252 net sock0 MACRAW rx len=60
05-04 14:54:16.453: [u2eth] RX itf=w0 tot_len=63 ff ff ff ff ff ff 00 11 32 39 c1 2a 08 00 45 00 00 31 f8 1c 40 00 40 11 c0 45 c0 a8 00 0a c0 a8 00 ff b9 4b 7e 9c 00 1d cf 33 4d 2d 53 45 41 52 43 48 20 2a 20 48 54 54 50 2f 31 2e 31 0d 0a
05-04 14:54:16.504: [u2eth] RX itf=w0 tot_len=63 ff ff ff ff ff ff 00 11 32 39 c1 2a 08 00 45 00 00 31 7e a7 40 00 40 11 39 ba c0 a8 00 0b c0 a8 00 ff 82 a3 7e 9c 00 1d 05 db 4d 2d 53 45 41 52 43 48 20 2a 20 48 54 54 50 2f 31 2e 31 0d 0a
05-04 14:54:16.505: [u2m] 52237905 net sock0 MACRAW rx len=63
05-04 14:54:16.505: [u2m] 52254341 net sock0 MACRAW rx len=63
05-04 14:54:17.047: [u2eth] RX itf=w0 tot_len=63 ff ff ff ff ff ff 00 11 32 39 c1 2a 08 00 45 00 00 31 f8 7a 40 00 40 11 bf e7 c0 a8 00 0a c0 a8 00 ff 88 2d 7e 9e 00 1d 00 50 4d 2d 53 45 41 52 43 48 20 2a 20 48 54 54 50 2f 31 2e 31 0d 0a
05-04 14:54:17.099: [u2eth] RX itf=w0 tot_len=63 ff ff ff ff ff ff 00 11 32 39 c1 2a 08 00 45 00 00 31 80 08 40 00 40 11 38 59 c0 a8 00 0b c0 a8 00 ff b8 d9 7e 9e 00 1d cf a2 4d 2d 53 45 41 52 43 48 20 2a 20 48 54 54 50 2f 31 2e 31 0d 0a
05-04 14:54:17.100: [u2m] 52830981 net sock0 MACRAW rx len=63
05-04 14:54:17.100: [u2m] 52847400 net sock0 MACRAW rx len=63
05-04 14:54:19.189: [u2eth] RX itf=w0 tot_len=60 ff ff ff ff ff ff 00 0c 29 2c bb f0 08 06 00 01 08 00 06 04 00 01 00 0c 29 2c bb f0 c0 a8 00 01 00 00 00 00 00 00 c0 a8 00 d6 00 00 00 00 00 00 00 00 00 00 00 00 00 00 00 00 00 00
05-04 14:54:19.241: [u2m] 54974345 net sock0 MACRAW rx len=60
05-04 14:54:19.509: [u2eth] RX itf=w0 tot_len=60 ff ff ff ff ff ff 00 50 56 b6 20 cd 08 06 00 01 08 00 06 04 00 01 00 50 56 b6 20 cd c0 a8 00 05 00 00 00 00 00 00 c0 a8 00 01 00 00 00 00 00 00 00 00 00 00 00 00 00 00 00 00 00 00
05-04 14:54:19.561: [u2m] 55293875 net sock0 MACRAW rx len=60
05-04 14:54:20.428: [u2eth] RX itf=w0 tot_len=60 ff ff ff ff ff ff 00 0c 29 2c bb f0 08 06 00 01 08 00 06 04 00 01 00 0c 29 2c bb f0 c0 a8 00 01 00 00 00 00 00 00 c0 a8 00 d6 00 00 00 00 00 00 00 00 00 00 00 00 00 00 00 00 00 00
05-04 14:54:20.481: [u2m] 56213502 net sock0 MACRAW rx len=60
05-04 14:54:21.643: [u2eth] RX itf=w0 tot_len=63 ff ff ff ff ff ff 00 11 32 39 c1 2a 08 00 45 00 00 31 fd e9 40 00 40 11 ba 78 c0 a8 00 0a c0 a8 00 ff b9 4b 7e 9c 00 1d cf 33 4d 2d 53 45 41 52 43 48 20 2a 20 48 54 54 50 2f 31 2e 31 0d 0a
05-04 14:54:21.696: [u2eth] RX itf=w0 tot_len=63 ff ff ff ff ff ff 00 11 32 39 c1 2a 08 00 45 00 00 31 87 f8 40 00 40 11 30 69 c0 a8 00 0b c0 a8 00 ff 82 a3 7e 9c 00 1d 05 db 4d 2d 53 45 41 52 43 48 20 2a 20 48 54 54 50 2f 31 2e 31 0d 0a
05-04 14:54:21.697: [u2m] 57433180 net sock0 MACRAW rx len=63
05-04 14:54:21.697: [u2m] 57449608 net sock0 MACRAW rx len=63
05-04 14:54:21.990: [u2eth] RX itf=w0 tot_len=63 ff ff ff ff ff ff 00 11 32 39 c1 2a 08 00 45 00 00 31 ff 37 40 00 40 11 b9 2a c0 a8 00 0a c0 a8 00 ff 88 2d 7e 9e 00 1d 00 50 4d 2d 53 45 41 52 43 48 20 2a 20 48 54 54 50 2f 31 2e 31 0d 0a
05-04 14:54:22.043: [u2eth] RX itf=w0 tot_len=63 ff ff ff ff ff ff 00 11 32 39 c1 2a 08 00 45 00 00 31 88 a8 40 00 40 11 2f b9 c0 a8 00 0b c0 a8 00 ff b8 d9 7e 9e 00 1d cf a2 4d 2d 53 45 41 52 43 48 20 2a 20 48 54 54 50 2f 31 2e 31 0d 0a
05-04 14:54:22.044: [u2m] 57776207 net sock0 MACRAW rx len=63
05-04 14:54:22.045: [u2m] 57792630 net sock0 MACRAW rx len=63
05-04 14:54:22.584: [u2eth] RX itf=w0 tot_len=60 ff ff ff ff ff ff 00 0c 29 2c bb f0 08 06 00 01 08 00 06 04 00 01 00 0c 29 2c bb f0 c0 a8 00 01 00 00 00 00 00 00 c0 a8 00 d6 00 00 00 00 00 00 00 00 00 00 00 00 00 00 00 00 00 00
05-04 14:54:22.637: [u2m] 58369306 net sock0 MACRAW rx len=60
05-04 14:54:24.353: [u2eth] TX itf=w0 tot_len=42 ff ff ff ff ff ff 88 a2 9e 48 22 7a 08 06 00 01 08 00 06 04 00 01 00 08 dc a2 a2 a2 c0 a8 00 f5 00 00 00 00 00 00 c0 a8 00 9a
05-04 14:54:24.405: [u2m] 60128490 sock0 SEND
05-04 14:54:24.406: [u2m] 60128503 net sock0 MACRAW ptrs len=42 rd=0x05E4 wr=0x060E rdm=0xE4 wrm=0x0E
05-04 14:54:24.407: [u2m] 60128514 net sock0 MACRAW tx len=42
05-04 14:54:24.407: [u2m] 60137148 sock0 RECV
05-04 14:54:24.407: [u2m] 60140903 sock0 RECV
05-04 14:54:24.407: [u2m] 60144470 sock0 RECV
05-04 14:54:24.407: [u2m] 60148037 sock0 RECV
05-04 14:54:24.408: [u2m] 60149892 net sock0 MACRAW tx len=42
05-04 14:54:24.408: [u2m] 60151587 sock0 RECV
05-04 14:54:24.408: [u2m] 60154939 sock0 RECV
05-04 14:54:24.408: [u2m] 60158298 sock0 RECV
05-04 14:54:24.408: [u2m] 60161865 sock0 RECV
05-04 14:54:24.408: [u2m] 60165432 sock0 RECV
05-04 14:54:24.408: [u2m] 60168999 sock0 RECV
05-04 14:54:24.455: [u2m] 60172547 sock0 RECV
05-04 14:54:24.455: [u2m] 60175889 sock0 RECV
05-04 14:54:24.455: [u2m] 60179247 sock0 RECV
05-04 14:54:24.455: [u2m] 60182814 sock0 RECV
05-04 14:54:24.455: [u2m] 60186381 sock0 RECV
05-04 14:54:24.456: [u2m] 60189948 sock0 RECV
05-04 14:54:24.456: [u2m] 60193498 sock0 RECV
05-04 14:54:24.456: [u2m] 60196840 sock0 RECV
05-04 14:54:24.456: [u2m] 60200199 sock0 RECV
05-04 14:54:24.456: [u2m] 60203767 sock0 RECV
05-04 14:54:24.456: [u2m] 60207333 sock0 RECV
05-04 14:54:24.457: [u2m] 60210901 sock0 RECV
05-04 14:54:24.457: [u2m] 60214449 sock0 RECV
05-04 14:54:24.457: [u2m] 60217791 sock0 RECV
05-04 14:54:24.457: [u2m] 60221133 sock0 RECV
05-04 14:54:24.457: [u2m] 60224495 sock0 RECV
05-04 14:54:24.505: [u2m] 60228063 sock0 RECV
05-04 14:54:24.505: [u2m] 60231630 sock0 RECV
05-04 14:54:24.505: [u2m] 60235198 sock0 RECV
05-04 14:54:24.556: [u2m] 60238747 sock0 RECV
05-04 14:54:25.349: [u2eth] RX itf=w0 tot_len=60 ff ff ff ff ff ff 00 0c 29 2c bb f0 08 06 00 01 08 00 06 04 00 01 00 0c 29 2c bb f0 c0 a8 00 01 00 00 00 00 00 00 c0 a8 00 d6 00 00 00 00 00 00 00 00 00 00 00 00 00 00 00 00 00 00
05-04 14:54:25.402: [u2m] 61134756 net sock0 MACRAW rx len=60
05-04 14:54:25.402: [u2m] 61141622 sock0 RECV
05-04 14:54:26.571: [u2eth] RX itf=w0 tot_len=63 ff ff ff ff ff ff 00 11 32 39 c1 2a 08 00 45 00 00 31 01 73 40 00 40 11 b6 ef c0 a8 00 0a c0 a8 00 ff b9 4b 7e 9c 00 1d cf 33 4d 2d 53 45 41 52 43 48 20 2a 20 48 54 54 50 2f 31 2e 31 0d 0a
05-04 14:54:26.624: [u2eth] RX itf=w0 tot_len=63 ff ff ff ff ff ff 00 11 32 39 c1 2a 08 00 45 00 00 31 99 8d 40 00 40 11 1e d4 c0 a8 00 0b c0 a8 00 ff 82 a3 7e 9c 00 1d 05 db 4d 2d 53 45 41 52 43 48 20 2a 20 48 54 54 50 2f 31 2e 31 0d 0a
05-04 14:54:26.626: [u2m] 62356786 net sock0 MACRAW rx len=63
05-04 14:54:26.626: [u2m] 62359449 sock0 RECV
05-04 14:54:26.673: [u2m] 62373236 net sock0 MACRAW rx len=63
05-04 14:54:26.864: [u2eth] RX itf=w0 tot_len=63 ff ff ff ff ff ff 00 11 32 39 c1 2a 08 00 45 00 00 31 02 66 40 00 40 11 b5 fc c0 a8 00 0a c0 a8 00 ff 88 2d 7e 9e 00 1d 00 50 4d 2d 53 45 41 52 43 48 20 2a 20 48 54 54 50 2f 31 2e 31 0d 0a
05-04 14:54:26.917: [u2eth] RX itf=w0 tot_len=63 ff ff ff ff ff ff 00 11 32 39 c1 2a 08 00 45 00 00 31 9b 30 40 00 40 11 1d 31 c0 a8 00 0b c0 a8 00 ff b8 d9 7e 9e 00 1d cf a2 4d 2d 53 45 41 52 43 48 20 2a 20 48 54 54 50 2f 31 2e 31 0d 0a
05-04 14:54:26.918: [u2m] 62652169 net sock0 MACRAW rx len=63
05-04 14:54:26.967: [u2m] 62668593 net sock0 MACRAW rx len=63
05-04 14:54:28.110: [u2eth] RX itf=w0 tot_len=60 ff ff ff ff ff ff 50 14 79 d6 67 b3 08 06 00 01 08 00 06 04 00 01 50 14 79 d6 67 b3 c0 a8 00 e0 ff ff ff ff ff ff c0 a8 00 01 00 00 00 00 00 00 00 00 00 00 00 00 00 00 00 00 00 00
05-04 14:54:28.163: [u2m] 63895384 net sock0 MACRAW rx len=60
05-04 14:54:29.630: [u2eth] RX itf=w0 tot_len=60 ff ff ff ff ff ff 00 0c 29 2c bb f0 08 06 00 01 08 00 06 04 00 01 00 0c 29 2c bb f0 c0 a8 00 01 00 00 00 00 00 00 c0 a8 00 d6 00 00 00 00 00 00 00 00 00 00 00 00 00 00 00 00 00 00
05-04 14:54:29.682: [u2m] 65415117 net sock0 MACRAW rx len=60
05-04 14:54:30.249: [u2eth] RX itf=w0 tot_len=243 ff ff ff ff ff ff 00 50 56 9a 7f 3a 08 00 45 00 00 e5 15 c0 00 00 80 11 a1 f4 c0 a8 00 04 c0 a8 00 ff 00 8a 00 8a 00 d1 a6 83 11 02 b2 bb c0 a8 00 04 00 8a 00 bb 00 00 20 45 50 45 4a 46 44 45 ...
05-04 14:54:30.301: [u2m] 66034680 net sock0 MACRAW rx len=243
05-04 14:54:31.470: [u2eth] RX itf=w0 tot_len=63 ff ff ff ff ff ff 00 11 32 39 c1 2a 08 00 45 00 00 31 10 bc 40 00 40 11 a7 a6 c0 a8 00 0a c0 a8 00 ff b9 4b 7e 9c 00 1d cf 33 4d 2d 53 45 41 52 43 48 20 2a 20 48 54 54 50 2f 31 2e 31 0d 0a
05-04 14:54:31.523: [u2eth] RX itf=w0 tot_len=63 ff ff ff ff ff ff 00 11 32 39 c1 2a 08 00 45 00 00 31 a3 f3 40 00 40 11 14 6e c0 a8 00 0b c0 a8 00 ff 82 a3 7e 9c 00 1d 05 db 4d 2d 53 45 41 52 43 48 20 2a 20 48 54 54 50 2f 31 2e 31 0d 0a
05-04 14:54:31.524: [u2m] 67255966 net sock0 MACRAW rx len=63
05-04 14:54:31.524: [u2m] 67272389 net sock0 MACRAW rx len=63
05-04 14:54:32.114: [u2eth] RX itf=w0 tot_len=63 ff ff ff ff ff ff 00 11 32 39 c1 2a 08 00 45 00 00 31 11 b9 40 00 40 11 a6 a9 c0 a8 00 0a c0 a8 00 ff 88 2d 7e 9e 00 1d 00 50 4d 2d 53 45 41 52 43 48 20 2a 20 48 54 54 50 2f 31 2e 31 0d 0a
05-04 14:54:32.166: [u2eth] RX itf=w0 tot_len=63 ff ff ff ff ff ff 00 11 32 39 c1 2a 08 00 45 00 00 31 a4 a0 40 00 40 11 13 c1 c0 a8 00 0b c0 a8 00 ff b8 d9 7e 9e 00 1d cf a2 4d 2d 53 45 41 52 43 48 20 2a 20 48 54 54 50 2f 31 2e 31 0d 0a
05-04 14:54:32.167: [u2m] 67899046 net sock0 MACRAW rx len=63
05-04 14:54:32.167: [u2m] 67915485 net sock0 MACRAW rx len=63
05-04 14:54:33.957: [u2eth] RX itf=w0 tot_len=60 ff ff ff ff ff ff 00 0c 29 2c bb f0 08 06 00 01 08 00 06 04 00 01 00 0c 29 2c bb f0 c0 a8 00 01 00 00 00 00 00 00 c0 a8 00 d6 00 00 00 00 00 00 00 00 00 00 00 00 00 00 00 00 00 00
05-04 14:54:34.009: [u2m] 69742374 net sock0 MACRAW rx len=60
05-04 14:54:35.476: [u2eth] RX itf=w0 tot_len=20 ff ff ff ff ff ff 5e 7b 40 2a 1a d8 00 06 00 00 f5 81 80 00
05-04 14:54:35.528: [u2eth] RX itf=w0 tot_len=60 ff ff ff ff ff ff 00 0c 29 2c bb f0 08 06 00 01 08 00 06 04 00 01 00 0c 29 2c bb f0 c0 a8 00 01 00 00 00 00 00 00 c0 a8 00 d6 00 00 00 00 00 00 00 00 00 00 00 00 00 00 00 00 00 00
05-04 14:54:35.529: [u2m] 71262113 net sock0 MACRAW rx len=20
05-04 14:54:35.530: [u2m] 71267317 net sock0 MACRAW rx len=60
05-04 14:54:36.408: [u2eth] RX itf=w0 tot_len=63 ff ff ff ff ff ff 00 11 32 39 c1 2a 08 00 45 00 00 31 18 f7 40 00 40 11 9f 6b c0 a8 00 0a c0 a8 00 ff b9 4b 7e 9c 00 1d cf 33 4d 2d 53 45 41 52 43 48 20 2a 20 48 54 54 50 2f 31 2e 31 0d 0a
05-04 14:54:36.464: [u2eth] RX itf=w0 tot_len=63 ff ff ff ff ff ff 00 11 32 39 c1 2a 08 00 45 00 00 31 ad 69 40 00 40 11 0a f8 c0 a8 00 0b c0 a8 00 ff 82 a3 7e 9c 00 1d 05 db 4d 2d 53 45 41 52 43 48 20 2a 20 48 54 54 50 2f 31 2e 31 0d 0a
05-04 14:54:36.465: [u2m] 72193452 net sock0 MACRAW rx len=63
05-04 14:54:36.465: [u2m] 72209887 net sock0 MACRAW rx len=63
05-04 14:54:37.003: [u2eth] RX itf=w0 tot_len=60 ff ff ff ff ff ff 00 0c 29 2c bb f0 08 06 00 01 08 00 06 04 00 01 00 0c 29 2c bb f0 c0 a8 00 01 00 00 00 00 00 00 c0 a8 00 d6 00 00 00 00 00 00 00 00 00 00 00 00 00 00 00 00 00 00
05-04 14:54:37.054: [u2eth] RX itf=w0 tot_len=63 ff ff ff ff ff ff 00 11 32 39 c1 2a 08 00 45 00 00 31 19 f3 40 00 40 11 9e 6f c0 a8 00 0a c0 a8 00 ff 88 2d 7e 9e 00 1d 00 50 4d 2d 53 45 41 52 43 48 20 2a 20 48 54 54 50 2f 31 2e 31 0d 0a
05-04 14:54:37.055: [u2eth] RX itf=w0 tot_len=63 ff ff ff ff ff ff 00 11 32 39 c1 2a 08 00 45 00 00 31 ad d9 40 00 40 11 0a 88 c0 a8 00 0b c0 a8 00 ff b8 d9 7e 9e 00 1d cf a2 4d 2d 53 45 41 52 43 48 20 2a 20 48 54 54 50 2f 31 2e 31 0d 0a
05-04 14:54:37.103: [u2m] 72786528 net sock0 MACRAW rx len=60
05-04 14:54:37.104: [u2m] 72802183 net sock0 MACRAW rx len=63
05-04 14:54:37.104: [u2m] 72821180 net sock0 MACRAW rx len=63
05-04 14:54:38.866: [u2eth] RX itf=w0 tot_len=117 ff ff ff ff ff ff 48 a9 8a 19 46 12 08 00 45 00 00 67 16 23 00 00 ff 11 e4 b7 c0 a8 00 03 ff ff ff ff 16 2e 16 2e 00 53 e1 af 0c 23 01 00 00 01 00 06 48 a9 8a 19 46 12 00 05 00 08 4d 69 6b 72 ...
05-04 14:54:38.919: [u2m] 74651817 net sock0 MACRAW rx len=117
05-04 14:54:39.788: [u2eth] RX itf=w0 tot_len=60 ff ff ff ff ff ff 00 0c 29 2c bb f0 08 06 00 01 08 00 06 04 00 01 00 0c 29 2c bb f0 c0 a8 00 01 00 00 00 00 00 00 c0 a8 00 d6 00 00 00 00 00 00 00 00 00 00 00 00 00 00 00 00 00 00
05-04 14:54:39.841: [u2m] 75573019 net sock0 MACRAW rx len=60
05-04 14:54:41.608: [u2eth] RX itf=w0 tot_len=63 ff ff ff ff ff ff 00 11 32 39 c1 2a 08 00 45 00 00 31 1d 86 40 00 40 11 9a dc c0 a8 00 0a c0 a8 00 ff b9 4b 7e 9c 00 1d cf 33 4d 2d 53 45 41 52 43 48 20 2a 20 48 54 54 50 2f 31 2e 31 0d 0a
05-04 14:54:41.659: [u2eth] RX itf=w0 tot_len=63 ff ff ff ff ff ff 00 11 32 39 c1 2a 08 00 45 00 00 31 b6 98 40 00 40 11 01 c9 c0 a8 00 0b c0 a8 00 ff 82 a3 7e 9c 00 1d 05 db 4d 2d 53 45 41 52 43 48 20 2a 20 48 54 54 50 2f 31 2e 31 0d 0a
05-04 14:54:41.660: [u2eth] RX itf=w0 tot_len=60 ff ff ff ff ff ff 00 0c 29 2c bb f0 08 06 00 01 08 00 06 04 00 01 00 0c 29 2c bb f0 c0 a8 00 01 00 00 00 00 00 00 c0 a8 00 d6 00 00 00 00 00 00 00 00 00 00 00 00 00 00 00 00 00 00
05-04 14:54:41.710: [u2m] 77392803 net sock0 MACRAW rx len=63
05-04 14:54:41.710: [u2m] 77409237 net sock0 MACRAW rx len=63
05-04 14:54:41.710: [u2m] 77428226 net sock0 MACRAW rx len=60
05-04 14:54:41.922: [u2eth] RX itf=w0 tot_len=63 ff ff ff ff ff ff 00 11 32 39 c1 2a 08 00 45 00 00 31 1e 7d 40 00 40 11 99 e5 c0 a8 00 0a c0 a8 00 ff 88 2d 7e 9e 00 1d 00 50 4d 2d 53 45 41 52 43 48 20 2a 20 48 54 54 50 2f 31 2e 31 0d 0a
05-04 14:54:41.975: [u2eth] RX itf=w0 tot_len=63 ff ff ff ff ff ff 00 11 32 39 c1 2a 08 00 45 00 00 31 b7 c1 40 00 40 11 00 a0 c0 a8 00 0b c0 a8 00 ff b8 d9 7e 9e 00 1d cf a2 4d 2d 53 45 41 52 43 48 20 2a 20 48 54 54 50 2f 31 2e 31 0d 0a
05-04 14:54:41.977: [u2m] 77707794 net sock0 MACRAW rx len=63
05-04 14:54:41.977: [u2m] 77724225 net sock0 MACRAW rx len=63

---------- 2026-05-10 11:40:37 -0400: Disconnected ----------



---------- 2026-05-22 20:37:46 -0400: Logging Stopped ----------

